:0200000400FCFE
:1048000090E2811BEA00791E000290E27D1BEA2003
:10481000793E0002806A90E281691E00020BEA0084
:1048200090E27D693E00020BEA20BF10281D90E255
:1048300081691E00020BEA0090E27D693E00020BD6
:10484000EA209F10793E00021BEA2090E281691E57
:1048500000020BEA0090E27D693E00020BEA20BFF5
:1048600010501D90E27D691E00020BEA0090E2816B
:10487000693E00020BEA209F10793E00021BEA20ED
:1048800090E281691E00020BEA0090E27D693E0021
:10489000020BEA20BF10680302481690E27D693ED1
:1048A00000020BEA20AA90E4D91BEA20793E00021C
:1048B00090E4D9693E00020BEA207E2800017F01C6
:1048C0009F02791E00021BEA004D2378E3AA90E1C3
:1048D0007C1BEA00791E0002E490E180F09F1190B9
:1048E000E181793E00021BEA2090E17C693E0002F2
:1048F0000BEA204D23680474018001E47E146D7579
:104900007E0400FE7E3400589AFE2E6390E17C699E
:104910003E00020BEA204D237803024A0690E17C18
:10492000693E00020BEA207E1BB0BEB02D781B74DE
:104930000190E180F090E17C693E00020BEA200BDF
:1049400034793E00021BEA20802590E17C693E001C
:10495000020BEA207E1BB0BEB02B781390E17C697D
:104960003E00020BEA200B34793E00021BEA208055
:10497000487E14000A90E181693E00020BEA209A09
:10498000FD9D1690E17C691E00020BEA007E0B3053
:104990000A136D007E2800309F022F1090E181796C
:1049A0003E00021BEA2090E17C693E00020BEA20F7
:1049B0000B34793E00021BEA2090E17C693E000244
:1049C0000BEA207E1BA07430BCAB481390E17C69DD
:1049D0003E00020BEA207E1BA07439BCAB0892900B
:1049E000E180E0BEB000681E90E181693E00020BEC
:1049F000EA206E34FFFF6E24FFFF0B1C90E18179EB
:104A00003E00021BEA2090E181693E00020BEA2091
:104A1000AA90D9E81BEA20793E000290D9E41BEA6B
:104A200000791E0002E490D9FCF09F1190D9FD7925
:104A30003E00021BEA2090D9E4693E00020BEA2006
:104A40004D23680474018001E47E146D757E0400BA
:104A5000FE7E3400859AFE2E6390D9E4693E000202
:104A60000BEA204D237803024BC990D9E8693E0038
:104A7000020BEA20BE1800005845742D90D9E46955
:104A80003E00020BEA207A1BB090D9E4693E000296
:104A90000BEA200B3490D9E4793E00021BEA209007
:104AA000D9E8693E00020BEA206E34FFFF6E24FF56
:104AB000FF0B1C90D9E8793E00021BEA2080209071
:104AC000D9E8693E00020BEA204D23781274309039
:104AD000D9E4693E00020BEA207A1BB0024BC902FE
:104AE0004B617E08000A90D9E8693E00020BEA207B
:104AF0009AFD9D7290D9FD791E00021BEA0090D9A3
:104B0000FD693E00020BEA20BE180000480E90D955
:104B1000FD695E00020BEA407CAB801090D9FD6914
:104B20003E00020BEA209F229F217CAB90D9FC7EA5
:104B3000EB7074012CB7F00A277E34D9EC2D327A51
:104B400071827A61837AEBA07E08000A90D9E869C5
:104B50003E00020BEA209AFD9D72793E00021BEA9C
:104B60002090D9E8693E00020BEA204D2368030239
:104B70004AE2804C90D9FCE00A2B7E34D9EB2D32EE
:104B80007A71827A6183E00A0B7E1400302D1090D6
:104B9000D9E4693E00020BEA207A1B3090D9E4691F
:104BA0003E00020BEA200B3490D9E4793E00021B50
:104BB000EA2090D9FC7EEBA07E70017CBA9CB7F015
:104BC00090D9FCE0BEB00078ABAA90E2851BEA0069
:104BD000791E00029F1190E289793E00021BEA20B3
:104BE00090E285693E00020BEA204D2368047401BF
:104BF0008001E47E146D757E0400FE7E3400B09A60
:104C0000FE2E6390E285693E00020BEA204D236888
:104C10007080487E14000A90E289693E00020BEA27
:104C2000209AFD9D1690E285691E00020BEA007E27
:104C30000B300A136D007E2800309F022F1090E287
:104C400089793E00021BEA2090E285693E00020B52
:104C5000EA200B34793E00021BEA2090E285693E8F
:104C600000020BEA207E1BA07430BCAB481390E21C
:104C700085693E00020BEA207E1BA07439BCAB089C
:104C80009290E289693E00020BEA20AA90DA731B37
:104C9000EA20793E000290DA6F1BEA00791E0002DA
:104CA000E490DA87F090DA6F693E00020BEA204D5B
:104CB00023680474018001E47E146D757E0400FE97
:104CC0007E3400D09AFE2E6390DA6F693E00020BAC
:104CD000EA204D237803024DA990DA73693E000261
:104CE0000BEA204D237812743090DA6F693E00028F
:104CF0000BEA207A1BB0024DA980497E14000A906D
:104D0000DA73693E00020BEA209AFD9D1F7CA39096
:104D1000DA877EEB7074012CB7F00A277E34DA77DD
:104D20002D327A71827A61837AEBA07E14000A9028
:104D3000DA73693E00020BEA209AFD9D1F793E005E
:104D4000021BEA2090DA73693E00020BEA204D2331
:104D500078A9804C90DA87E00A2B7E34DA762D32FF
:104D60007A71827A6183E01A0B7E1400302D1090E4
:104D7000DA6F693E00020BEA207A1B3090DA6F6925
:104D80003E00020BEA200B3490DA6F793E00021BE2
:104D9000EA2090DA877EEBA07E70017CBA9CB7F0A7
:104DA00090DA87E0BEB00078ABAA90DC911BEA00F5
:104DB000791E0002E490DC95F09F1190DC96793E1C
:104DC00000021BEA209F1190DC9A793E00021BEA48
:104DD000206D337E243F8090DC9E793E00021BEAEA
:104DE0002090DC91693E00020BEA204D2368047498
:104DF000018001E47E146D757E0400FE7E3400FAAD
:104E00009AFE2E6390DC91693E00020BEA204D234E
:104E1000780302502690DC91693E00020BEA207E66
:104E20001BB0BEB02D781B740190DC95F090DC9126
:104E3000693E00020BEA200B34793E00021BEA2097
:104E4000802590DC91693E00020BEA207E1BB0BEFB
:104E5000B02B781390DC91693E00020BEA200B34F2
:104E6000793E00021BEA2080566D117E044120909D
:104E7000DC96693E00020BEA209AFD9A937F7190BE
:104E8000DC91693E00020BEA207E1B700A277E340B
:104E900000309D237CB49AFD9C0D7F017F179AFD05
:104EA00099DB90DC96793E00021BEA2090DC916948
:104EB0003E00020BEA200B34793E00021BEA2090F0
:104EC000DC91693E00020BEA207E1BA07430BCAB73
:104ED000481390DC91693E00020BEA207E1BA0740F
:104EE00039BCAB088490DC91693E00020BEA207E5D
:104EF0001BB0BEB02E6803024FE690DC91693E0005
:104F0000020BEA200B34793E00021BEA2080716D0F
:104F1000117E04412090DC9A693E00020BEA209A3F
:104F2000FD9A937F7190DC91693E00020BEA207E2E
:104F30001B700A277E3400309D237CB49AFD9C0DA3
:104F40007F017F179AFD99DB90DC9A793E00021B66
:104F5000EA206D117E04412090DC9E693E00020B28
:104F6000EA209AFD9A93793E00021BEA2090DC9198
:104F7000693E00020BEA200B34793E00021BEA2056
:104F800090DC91693E00020BEA207E1BA07430BCCD
:104F9000AB483490DC91693E00020BEA207E1BA0F6
:104FA0007439BCAB182190DC9E693E00020BEA20EC
:104FB0009AFD91F47E84412E7E9484809F559AFDC3
:104FC00090D85003024F0F90DC9E691E00020BEA3E
:104FD0000090DC9A693E00020BEA209AFD9B33792F
:104FE0003E00021BEA2090DC9A691E00020BEA00D8
:104FF00090DC96693E00020BEA209AFD99DB793E2F
:1050000000021BEA2090DC95E0BEB000681890DC3E
:1050100096693E00020BEA209AFD9BFA90DC967995
:105020003E00021BEA2090DC96693E00020BEA205B
:10503000AA90D653F090D64F1BEA20793E000290FA
:10504000D64B1BEA00791E00026D3390D6541BEA42
:10505000306D3390D6561BEA3090D653E090D6741C
:10506000F090D64B693E00020BEA204D2368047491
:10507000018001E47E146D757E0400FE7E340139EA
:105080009AFE2E6390D64B693E00020BEA204D2318
:1050900078030253F790D64F693E00020BEA209A3C
:1050A000FD9C4590D6541BEA3090D64F691E0002F5
:1050B0000BEA009F119AFD9BB42827742D90D64BC4
:1050C000693E00020BEA207A1BB090D64B693E0085
:1050D000020BEA200B3490D64B793E00021BEA20EB
:1050E000807690D64F693E00020BEA209AFD91F43B
:1050F000BE0800007804BE180000785C743090D6BA
:105100004B693E00020BEA207A1BB090D64B693EF9
:1051100000020BEA200B3490D64B793E00021BEACA
:1051200020742E90D64B693E00020BEA207A1BB009
:1051300090D64B693E00020BEA200B3490D64B7997
:105140003E00021BEA20743090D64B693E00020BF1
:10515000EA207A1BB00253F790D6540BEA207CB4B5
:105160009AFD9C0D7F0190D64F693E00020BEA200C
:105170009AFD99D890D64F793E00021BEA20801EF6
:105180006D117E04412090D64F693E00020BEA204B
:105190009AFD9A9390D64F793E00021BEA2090D652
:1051A000747EEBA07E70017CBA9CB7F0BEA0007844
:1051B000CF90D64F693E00020BEA209AFD9C4590A5
:1051C000D6561BEA30E490D674F090D6540BEA30F1
:1051D0007E24000A9AFD9CD390D6747EEB707401F5
:1051E0002CB7F07402ACB77E34D6582D357A718264
:1051F0007A61831BEA207E24000A90D6540BEA30A1
:105200009AFD9CD31BEA306D2290D6540BEA30BD38
:105210003278B70252A46D2290D6747EEB7074027D
:10522000ACB77E34D6562D357A71827A61830BEA1B
:1052300030BD32481B90D6747EEB707402ACB77EE2
:1052400034D6562D357A71827A61830BEA00801D3F
:1052500090D6747EEB707402ACB77E34D6562D3582
:105260007A71827A61830BEA306D009D037E1400AF
:10527000302D1090D64B693E00020BEA207A1B308D
:1052800090D64B693E00020BEA200B3490D64B7946
:105290003E00021BEA2090D6747EEBA07E70017C5B
:1052A000BA9CB7F090D674E0BEB000680302521604
:1052B00090D653E0BEB00078030253F7E490D67462
:1052C000F0742E90D64B693E00020BEA207A1BB098
:1052D00090D64B693E00020BEA200B3490D64B79F6
:1052E0003E00021BEA206D2290D6560BEA30BD32FA
:1052F0007812743090D64B693E00020BEA207A1B7C
:10530000B00253F7804B90D6560BEA307E24000A49
:105310009AFD9CD390D6747EEB7074012CB7F07418
:1053200002ACB77E34D6682D357A71827A61831BE0
:10533000EA207E24000A90D6560BEA309AFD9CD3D0
:105340001BEA3090D6537EEBA07E70017CBA9CB7EE
:10535000F090D653E0BEB00078AC0253EB6D2290D3
:10536000D6747EEB707402ACB77E34D6662D357A77
:1053700071827A61830BEA30BD32481B90D6747E0D
:10538000EB707402ACB77E34D6662D357A71827AB2
:1053900061830BEA00801D90D6747EEB707402ACC2
:1053A000B77E34D6662D357A71827A61830BEA3006
:1053B0006D009D037E1400302D1090D64B693E0089
:1053C000020BEA207A1B3090D64B693E00020BEAB2
:1053D000200B3490D64B793E00021BEA2090D67405
:1053E0007EEBA07E70017CBA9CB7F090D674E0BED4
:1053F000B000680302535DAA90DA011BEA00791E2F
:105400000002E490DA05F09F009F1190DA061BEA93
:1054100000791E0002792E0004793E00069F009F4D
:105420001190DA0E1BEA00791E0002792E00047931
:105430003E00067E043FF06D119F1190DA161BEAC4
:1054400000791E0002792E0004793E000690DA01F0
:10545000693E00020BEA204D23680474018001E4D8
:105460007E146D757E0400FE7E34018E9AFE2E63DE
:1054700090DA01693E00020BEA204D2378030257BF
:105480001C90DA01693E00020BEA207E1BB0BEB020
:105490002D781B740190DA05F090DA01693E000264
:1054A0000BEA200B34793E00021BEA20802590DABB
:1054B00001693E00020BEA207E1BB0BEB02B7813C0
:1054C00090DA01693E00020BEA200B34793E0002BB
:1054D0001BEA20806E7E8440246D999F5590DA06E9
:1054E0000BEA00691E0002692E0004693E00069A5C
:1054F000FD8F297F607F7190DA01693E00020BEA1F
:10550000207E1B700A277E3400309D237CB49AFDD8
:10551000914C7F407F517F067F179AFD8E1A90DA5B
:10552000061BEA00791E0002792E0004793E00066F
:1055300090DA01693E00020BEA200B34793E00024A
:105540001BEA2090DA01693E00020BEA207E1BA0D4
:105550007430BCAB481690DA01693E00020BEA20B9
:105560007E1BA07439BCAB18030254D590DA0169D4
:105570003E00020BEA207E1BB0BEB02E680302562E
:10558000B490DA01693E00020BEA200B34793E0048
:10559000021BEA200256327E8440246D999F55906A
:1055A000DA0E0BEA00691E0002692E0004693E0053
:1055B000069AFD8F297F607F7190DA01693E0002B3
:1055C0000BEA207E1B700A277E3400309D237CB4BA
:1055D0009AFD914C7F407F517F067F179AFD8E1A6E
:1055E00090DA0E1BEA00791E0002792E0004793E43
:1055F00000067E8440246D999F5590DA160BEA00D0
:10560000691E0002692E0004693E00069AFD8F297A
:105610001BEA00791E0002792E0004793E000690F4
:10562000DA01693E00020BEA200B34793E00021BCE
:10563000EA2090DA01693E00020BEA207E1BA0748A
:1056400030BCAB483890DA01693E00020BEA207E9C
:105650001BA07439BCAB18257E8441CD7E94CD65EA
:105660009F5590DA160BEA00691E0002692E0004AD
:10567000693E00069AFD90D8500302559790DA16BD
:105680000BEA80699E000269AE000469BE000690C4
:10569000DA0E0BEA00691E0002692E0004693E0062
:1056A000069AFD90391BEA00791E0002792E00044B
:1056B000793E000690DA0E0BEA80699E000269AE20
:1056C000000469BE000690DA060BEA00691E0002BB
:1056D000692E0004693E00069AFD8E1A1BEA0079C5
:1056E0001E0002792E0004793E000690DA05E0BE25
:1056F000B000682890DA060BEA00691E0002692EE5
:105700000004693E00069AFD913990DA061BEA0012
:10571000791E0002792E0004793E000690DA060B0D
:10572000EA00691E0002692E0004693E0006AA9084
:10573000D3C8F090D3BC1BEA00791E00026D3390F1
:10574000D3C91BEA306D3390D3CB1BEA3090D3C85A
:10575000E090D3F7F090D3BC693E00020BEA204DF5
:1057600023680474018001E47E146D757E0400FEDC
:105770007E3401CE9AFE2E6390D3BC693E00020BAC
:10578000EA204D237803025B2D90D3C00BEA006919
:105790001E0002692E0004693E00069AFD91949055
:1057A000D3C91BEA3090D3C00BEA80699E0002691E
:1057B000AE000469BE00069F009F119AFD90D82894
:1057C00027742D90D3BC693E00020BEA207A1BB0EF
:1057D00090D3BC693E00020BEA200B3490D3BC7915
:1057E0003E00021BEA20807A90D3C00BEA00691EBB
:1057F0000002692E0004693E0006BE08000078041D
:10580000BE180000785C743090D3BC693E00020B77
:10581000EA207A1BB090D3BC693E00020BEA200B51
:105820003490D3BC793E00021BEA20742E90D3BC86
:10583000693E00020BEA207A1BB090D3BC693E009F
:10584000020BEA200B3490D3BC793E00021BEA2005
:10585000743090D3BC693E00020BEA207A1BB00280
:105860005B2D90D3C90BEA207CB49AFD914C7F400C
:105870007F5190D3C00BEA00691E0002692E00041C
:10588000693E00069AFD8E1690D3C01BEA00791E71
:105890000002792E0004793E000680307E84402488
:1058A0006D999F5590D3C00BEA00691E0002692EC6
:1058B0000004693E00069AFD8F2990D3C01BEA00C0
:1058C000791E0002792E0004793E000690D3F77EFF
:1058D000EBA07E70017CBA9CB7F0BEA00078BD90B2
:1058E000D3C00BEA00691E0002692E0004693E0065
:1058F000069AFD919490D3CB1BEA30E490D3F7F055
:1059000090D3C90BEA307E24000A9AFD9CD390D331
:10591000F77EEB7074012CB7F07402ACB77E34D311
:10592000CD2D357A71827A61831BEA207E24000AAC
:1059300090D3C90BEA309AFD9CD31BEA306D2290BC
:10594000D3C90BEA30BD3278B70259DA6D2290D351
:10595000F77EEB707402ACB77E34D3CB2D357A7101
:10596000827A61830BEA30BD32481B90D3F77EEB1D
:10597000707402ACB77E34D3CB2D357A71827A61E4
:10598000830BEA00801D90D3F77EEB707402ACB7F6
:105990007E34D3CB2D357A71827A61830BEA306DF8
:1059A000009D037E1400302D1090D3BC693E000290
:1059B0000BEA207A1B3090D3BC693E00020BEA2030
:1059C0000B3490D3BC793E00021BEA2090D3F77EC3
:1059D000EBA07E70017CBA9CB7F090D3F7E0BEB02C
:1059E00000680302594C90D3C8E0BEB000780302AF
:1059F0005B2DE490D3F7F0742E90D3BC693E000287
:105A00000BEA207A1BB090D3BC693E00020BEA205F
:105A10000B3490D3BC793E00021BEA206D2290D358
:105A2000CB0BEA30BD327812743090D3BC693E00A3
:105A3000020BEA207A1BB0025B2D804B90D3CB0B7C
:105A4000EA307E24000A9AFD9CD390D3F77EEB7057
:105A500074012CB7F07402ACB77E34D3E52D357ADF
:105A600071827A61831BEA207E24000A90D3CB0BDB
:105A7000EA309AFD9CD31BEA3090D3C87EEBA07E1F
:105A800070017CBA9CB7F090D3C8E0BEB00078AC8F
:105A9000025B216D2290D3F77EEB707402ACB77E6F
:105AA00034D3E32D357A71827A61830BEA30BD32CB
:105AB000481B90D3F77EEB707402ACB77E34D3E30F
:105AC0002D357A71827A61830BEA00801D90D3F7BD
:105AD0007EEB707402ACB77E34D3E32D357A7182DD
:105AE0007A61830BEA306D009D037E1400302D1027
:105AF00090D3BC693E00020BEA207A1B3090D3BCE5
:105B0000693E00020BEA200B3490D3BC793E0002C0
:105B10001BEA2090D3F77EEBA07E70017CBA9CB785
:105B2000F090D3F7E0BEB0006803025A93AA90DD6C
:105B3000DE1BEA00791E000290DDDE691E00020B0A
:105B4000EA009AFDFFE36D2290DDE2793E00021B40
:105B5000EA209F1190DDE6793E00021BEA20E490E6
:105B6000DDEAF0E490DDEBF090DDDE693E00020B53
:105B7000EA204D23680474018001E47E146D757E73
:105B80000400FE7E3402219AFE2E6390DDDE693E23
:105B900000020BEA204D237803025D1190DDEBE05B
:105BA000BEB0007803025C9F90DDDE693E00020B10
:105BB000EA207E1BA07461BCAB482F90DDDE693EFD
:105BC00000020BEA207E1BA07466BCAB181C90DDA3
:105BD000DE693E00020BEA207E1B701A577E4400ED
:105BE000579D5490DDEAF0025C7090DDDE693E0066
:105BF000020BEA207E1BA07441BCAB482E90DDDE78
:105C0000693E00020BEA207E1BA07446BCAB181B49
:105C100090DDDE693E00020BEA207E1B701A577E83
:105C20004400379D5490DDEAF0804590DDDE693E0A
:105C300000020BEA207E1BA07430BCAB5803025D4F
:105C40001190DDDE693E00020BEA207E1BA0743954
:105C5000BCAB0803025D1190DDDE693E00020BEA79
:105C6000207E1B701A577E4400309D5490DDEAF070
:105C700090DDE6691E00020BEA0074042F00147820
:105C8000FB90DDEA7EEB70740F5C7B0A376D224D72
:105C9000314D2090DDE6793E00021BEA20803F90E6
:105CA000DDDE693E00020BEA207E1BB0BEB030781C
:105CB0002D90DDDE693E00020BEA200B347E1BB026
:105CC000BEB078781990DDDE693E00020BEA200B49
:105CD00034793E00021BEA20740190DDEBF090DD88
:105CE000DE693E00020BEA200B34793E00021BEA1B
:105CF0002090DDE2693E00020BEA207E2800017F51
:105D0000019F02791E00021BEA004D236803025B1B
:105D10008B90DDE6693E00020BEA20AA90D7911B2A
:105D2000EA20793E000290D78D1BEA00791E00021E
:105D30007E346DA47E2400FE7E14D7957E0400017F
:105D400074109AFD9DA8E490D7B1F090D78D693E6C
:105D500000020BEA204D23680474018001E47E14E4
:105D60006D757E0400FE7E34025F9AFE2E637430F1
:105D700090D78D693E00020BEA207A1BB090D78D38
:105D8000693E00020BEA200B3490D78D793E000269
:105D90001BEA20747890D78D693E00020BEA207AC6
:105DA0001BB090D78D693E00020BEA200B3490D7D0
:105DB0008D793E00021BEA2090D78D693E00020BD0
:105DC000EA204D237803025EA190D791693E00023C
:105DD0000BEA204D237812743090D78D693E000273
:105DE0000BEA207A1BB0025EA1804A90D791695ECF
:105DF00000020BEA407EA00F5CAB90D7B17EEB7047
:105E000074012CB7F00A277E34D7A52D327A71821F
:105E10007A61837AEBA0740490D791693E00020BFB
:105E2000EA201E341E2450034E60801478F4793E1C
:105E300000021BEA2090D791693E00020BEA204D38
:105E40002378A8805390D7B1E00A2B7E34D7A42DB5
:105E5000327A71827A6183E01A2B7E34D7952D32A3
:105E60007A71827A6183E090D78D693E00020BEAF5
:105E7000207A1BB090D78D693E00020BEA200B34CC
:105E800090D78D793E00021BEA2090D7B17EEBA01F
:105E90007E70017CBA9CB7F090D7B1E0BEB00078BC
:105EA000A4AA90DB19F090DB151BEA00791E000212
:105EB00090DB111BEA20793E0002E490DB23F0E442
:105EC00090DB24F090DB19E0BEB0007803025F891C
:105ED00090DB11693E00020BEA2090DB1B793E004B
:105EE000021BEA2090DB1B693E00020BEA20BE1871
:105EF0000000581E90DB1B693E00020BEA206E3446
:105F0000FFFF6E24FFFF0B1C90DB1B793E00021B82
:105F1000EA2090DB1AE00A1B6D0090DB1B693E0053
:105F2000020BEA209AFD9D727E1800302F0190DB53
:105F300015693E00020BEA207A1B3090DB1AE00A5A
:105F40001B6D0090DB1B693E00020BEA209AFD9D51
:105F500072793E00021BEA2090DB247EEBA07401E4
:105F60002CBAF090DB1B693E00020BEA204D23683F
:105F70001590DB15693E00020BEA200B34793E00D8
:105F8000021BEA20808C02603890DB11693E00021F
:105F90000BEA2090DB1F793E00021BEA2090DB1AFF
:105FA000E00A1B6D0090DB1F693E00020BEA209A9D
:105FB000FD9D217CB390DB23F090DB237EEBA0746E
:105FC0000ABCAB400C7EA03790DB23E02CBAF080FB
:105FD0000A7EA03090DB23E02CBAF090DB23E09027
:105FE000DB15693E00020BEA207A1BB090DB1AE059
:105FF0000A1B6D0090DB1F693E00020BEA209AFD30
:106000009D21793E00021BEA2090DB247EEBA074E8
:10601000012CBAF090DB1F693E00020BEA204D23F1
:10602000681690DB15693E00020BEA200B34793EBE
:1060300000021BEA20025F9D90DB24E02290DE98A4
:106040001BEA20793E000290DE941BEA00791E00D4
:10605000029F1190DE9C793E00021BEA2002610F34
:106060007E08000190DE98693E00020BEA209F1036
:1060700090DE9C691E00020BEA009F107D1390DEEB
:1060800094693E00020BEA202D317E1BB090DEA009
:10609000F090DE9C693E00020BEA207D1390DE94B6
:1060A000693E00020BEA202D317E1B307E28000164
:1060B00090DE98693E00020BEA209F1290DE9C69F8
:1060C0005E00020BEA409F127D0390DE94693E0061
:1060D000020BEA202D307A1B3090DEA0E090DE9C8F
:1060E000693E00020BEA207D1390DE94693E0002B7
:1060F0000BEA202D317A1BB090DE9C691E00020B4A
:10610000EA007E1800012F10793E00021BEA209061
:10611000DE98693E00020BEA207F011E141E045027
:10612000034E208090DE9C693E00020BEA20BF01F6
:1061300028030260602290D0DE1BEA20793E000234
:1061400090D0DA1BEA00791E00027E346DB47E2402
:1061500000FE7E14D11B7E04000174119AFD9DA8DF
:106160009F1190D0EA793E00021BEA2090D0DA69B4
:106170003E00020BEA2090D0EE793E00021BEA209E
:1061800090D0DA693E00020BEA204D23681C90D0C3
:10619000E2693E00020BEA204D23680E90D0DE69D2
:1061A0003E00020BEA204D2378059F1102681E0273
:1061B00067D390D0E2693E00020BEA207E1BB0BE9E
:1061C000B025685390D0E2693E00020BEA207E1BA6
:1061D000300B34793E00021BEA2090D0EE693E007D
:1061E000020BEA207A1B3090D0EE693E00020BEAE7
:1061F000200B3490D0EE793E00021BEA2090D0EACA
:10620000691E00020BEA007E1800012F10793E0083
:10621000021BEA200267D390D0E2693E00020BEA3B
:10622000200B34793E00021BEA2090D0E2693E0048
:10623000020BEA207E1BB0249D780302653D24F00A
:10624000780302646A24FB780302659A24146803C5
:1062500002677990D0E6693E00020BEA201B35798F
:106260003E00021BEA2090D0E6693E00020BEA20C5
:106270000B1A3090D0F41BEA306D3390D1061BEA34
:10628000306D3390D1081BEA306D2290D0F40BEAC8
:1062900030BD32581C7E34000190D1081BEA30908A
:1062A000D0F40BEA306E34FFFF0B3490D0F41BEACD
:1062B0003090D0F40BEA307E24000A9AFD9CD37E05
:1062C0005400302D5290D1060BEA207E3400012D6F
:1062D000321BEA307E34D0F62D327A71827A6183B5
:1062E000F07E24000A90D0F40BEA309AFD9CD31B78
:1062F000EA306D2290D0F40BEA30BD32080E90D116
:10630000060BEA207E34000FBD2348A590D1080B70
:10631000EA206D33BD23681E742D90D1060BEA2050
:106320007E3400012D321BEA307E34D0F62D327AD5
:1063300071827A6183F06D3390D0F21BEA30807302
:1063400090D0F20BEA207E34D0F62D327A71827A28
:106350006183E090D12CF090D0F20BEA3090D1061E
:106360000BEA209D237E34D0F52D327A71827A613A
:1063700083E090D0F20BEA207E34D0F62D327A7191
:10638000827A6183F090D12CE090D0F20BEA3090C9
:10639000D1060BEA209D237E34D0F52D327A71820E
:1063A0007A6183F090D0F20BEA207E3400012D3226
:1063B0001BEA3090D1060BEA307E2400029AFD9C45
:1063C000D37D2390D0F20BEA30BD325803026340F4
:1063D0006D3390D0F21BEA30805C90D0F20BEA2053
:1063E0007E34D0F62D327A71827A6183E090D0EEDD
:1063F000693E00020BEA207A1BB090D0EE693E00A5
:10640000020BEA200B3490D0EE793E00021BEA200A
:1064100090D0EA691E00020BEA007E1800012F10DE
:10642000793E00021BEA2090D0F20BEA207E340075
:10643000012D321BEA3090D1060BEA2090D0F20BEE
:10644000EA30BD3258217E18000190D0DE691E006E
:10645000020BEA009F0190D0EA693E00020BEA209D
:10646000BF1050030263DA0267C090D0E6693E00B5
:10647000020BEA201B36793E00021BEA2090D0E690
:10648000691E00020BEA00693000020B0A2090D15D
:106490000A793E00021BEA2090D10A693E00020BF5
:1064A000EA204D2378127E346D6E7E2400FE90D15A
:1064B0000A793E00021BEA20805090D10A693E0012
:1064C000020BEA207E1B300B34793E00021BEA20CF
:1064D00090D0EE693E00020BEA207A1B3090D0EE9D
:1064E000693E00020BEA200B3490D0EE793E0002A8
:1064F0001BEA2090D0EA691E00020BEA007E180019
:10650000012F10793E00021BEA2090D10A693E005B
:10651000020BEA207E1BB0BEB000681E7E18000190
:1065200090D0DE691E00020BEA009F0190D0EA695C
:106530003E00020BEA20BF1040800267C090D0E608
:10654000693E00020BEA201B35793E00021BEA205F
:1065500090D0E6693E00020BEA200B1A1090D0EEB4
:10656000693E00020BEA207A1B3090D0EE693E00B3
:10657000020BEA200B3490D0EE793E00021BEA2099
:1065800090D0EA691E00020BEA007E1800012F106D
:10659000793E00021BEA200267C090D0E6693E0007
:1065A000020BEA201B36793E00021BEA2090D0E65F
:1065B000691E00020BEA00693000020B0A2090D12C
:1065C0000E793E00021BEA206D3390D1061BEA30A3
:1065D00090D10E693E00020BEA207E24000F5D235D
:1065E0007E34D11B2D327A71827A6183E090D1069C
:1065F0000BEA207E3400012D321BEA307E34D112AA
:106600002D327A71827A6183F0740490D10E693EE2
:1066100000020BEA201E341E2450034E60801478C2
:10662000F4793E00021BEA2090D10E693E00020B75
:10663000EA20BE180000280E90D1060BEA207E3416
:106640000008BD23488A6D3390D0F21BEA30807376
:1066500090D0F20BEA207E34D1122D327A71827AF8
:106660006183E090D12CF090D0F20BEA3090D1060B
:106670000BEA209D237E34D1112D327A71827A610A
:1066800083E090D0F20BEA207E34D1122D327A7161
:10669000827A6183F090D12CE090D0F20BEA3090B6
:1066A000D1060BEA209D237E34D1112D327A7182DE
:1066B0007A6183F090D0F20BEA207E3400012D3213
:1066C0001BEA3090D1060BEA307E2400029AFD9C32
:1066D000D37D2390D0F20BEA30BD325803026650CE
:1066E0006D3390D0F21BEA30805C90D0F20BEA2040
:1066F0007E34D1122D327A71827A6183E090D0EEAD
:10670000693E00020BEA207A1BB090D0EE693E0091
:10671000020BEA200B3490D0EE793E00021BEA20F7
:1067200090D0EA691E00020BEA007E1800012F10CB
:10673000793E00021BEA2090D0F20BEA207E340062
:10674000012D321BEA3090D1060BEA2090D0F20BDB
:10675000EA30BD3258217E18000190D0DE691E005B
:10676000020BEA009F0190D0EA693E00020BEA208A
:10677000BF1050030266EA804790D0E2693E0002F3
:106780000BEA207E1B3090D0EE693E00020BEA201F
:106790007A1B3090D0EE693E00020BEA200B349059
:1067A000D0EE793E00021BEA2090D0EA691E00027A
:1067B0000BEA007E1800012F10793E00021BEA2030
:1067C00090D0E2693E00020BEA200B34793E0002D1
:1067D0001BEA2090D0E2693E00020BEA207E1BB04B
:1067E000BEB00068217E18000190D0DE691E000254
:1067F0000BEA009F0190D0EA693E00020BEA20BF3D
:106800001050030261B2E490D0EE693E00020BEA40
:10681000207A1BB090D0EA693E00020BEA20AA90D1
:10682000CF961BEA20793E000290CF921BEA0079B6
:106830001E00029F1190CF9A793E00021BEA207E33
:1068400034CF927E24000190CF9E793E00021BEA55
:106850002002718490CF96693E00020BEA207E1BD5
:10686000B090CFA2F090CFA2E0BEB0256803027135
:106870002D90CF96693E00020BEA200B34793E0042
:10688000021BEA207E1BB024DBBEB0544003027121
:10689000717EA003A4906899730270F20271710274
:1068A0007171027171027171027171027171027103
:1068B00071027171027171027171027171027171F3
:1068C0000271710271710271710271710271710252
:1068D00071710271710271710271710271710271D3
:1068E00071027171027171027171027171027171C3
:1068F000027171027171027171027171026AEA02B0
:1069000071710271710271710271710271710271A2
:106910007102717102717102717102717102717192
:1069200002717102717102717102717102717102F1
:106930007171026EF80271710271710271710271EE
:106940007102717102717102717102717102717162
:106950000271710269980269FE027171026AEA02AB
:1069600071710271710269FE0271710271710271BD
:1069700071027171027171026E4002704C0271718C
:10698000027171026FB0027171026D880271710241
:106990007171026EF802717190CF9E693E00020B18
:1069A000EA201B36793E00021BEA2090CF9E693E0A
:1069B00000020BEA20695100020B1A4090CFA3F0AD
:1069C00090CFA3E090CF92693E00020BEA207A1BA1
:1069D000B090CF92693E00020BEA200B34793E0062
:1069E000021BEA2090CF9A691E00020BEA007E1873
:1069F00000012F10793E00021BEA2002717190CF36
:106A00009E693E00020BEA201B36793E00021BEA1B
:106A10002090CF9E691E00020BEA00693000020B35
:106A20000A2090CFC4793E00021BEA20740A90DB52
:106A30001AF090CFC4693E00020BEA207E14CFA367
:106A40007E0400017401125EA290CFC8F090CFC402
:106A5000693E00020BEA20BE18000058237EA02DDC
:106A600090CFC8E00A2B7E34CFA32D327A71827A80
:106A700061837AEBA090CFC87EEBA074012CBAF0B2
:106A80007E14CFA37E04000190CFC8E00A3B6D22A4
:106A900012603D90CFC8E00A3BCA397E34CFA37E56
:106AA00024000190CF92691E00020BEA009AFE3A80
:106AB000D11BFD90CFC8E00A1B90CF92693E000227
:106AC0000BEA202D31793E00021BEA2090CFC8E06E
:106AD0000A1B6D0090CF9A693E00020BEA202F102E
:106AE000793E00021BEA2002717190CF9E693E0040
:106AF000020BEA209E340008793E00021BEA209037
:106B0000CF9E695E00020BEA400B2A006912000268
:106B1000692200046932000690CFC41BEA00791E86
:106B20000002792E0004793E0006740A90DB1AF008
:106B300090CFC40BEA00691E0002692E0004693E72
:106B400000069AFD91947E14CFA37E040001740187
:106B5000125EA290CFCCF090CFC40BEA80699E0069
:106B60000269AE000469BE00069F009F119AFD9065
:106B7000D828237EA02D90CFCCE00A2B7E34CFA343
:106B80002D327A71827A61837AEBA090CFCC7EEB42
:106B9000A074012CBAF07E14CFA37E04000190CF24
:106BA000CCE00A3B6D2212603D90CFCCE00A3BCA9C
:106BB000397E34CFA37E24000190CF92691E00025B
:106BC0000BEA009AFE3AD11BFD90CFCCE00A1B9055
:106BD000CF92693E00020BEA202D31793E00021B64
:106BE000EA2090CFCCE00A1B6D0090CF9A693E005E
:106BF000020BEA202F10793E00021BEA2090CFC43E
:106C00000BEA00691E0002692E0004693E00069A24
:106C1000FD91947CB49AFD91477F407F5190CFC401
:106C20000BEA00691E0002692E0004693E00069A04
:106C3000FD8E167E84412E7E9484809F559AFD8F12
:106C40002990CFC41BEA00791E0002792E00047936
:106C50003E000690CFC40BEA00691E0002692E00B8
:106C600004693E0006BE0800007804BE18000068F3
:106C70002F740A90DB1AF090CFC40BEA00691E0053
:106C800002692E0004693E00069AFD91947E14CF9D
:106C9000A37E0400017401125EA290CFCCF0802A82
:106CA000743090CFA8F0743090CFA7F0743090CFAC
:106CB000A6F0743090CFA5F0743090CFA4F074306B
:106CC00090CFA3F0740690CFCCF080237EA03090BC
:106CD000CFCCE00A2B7E34CFA32D327A71827A6139
:106CE000837AEBA090CFCC7EEBA074012CBAF0900D
:106CF000CFCC7EEBA07406BCAB40D17EA02E90CF53
:106D0000CCE00A2B7E34CFA32D327A71827A618354
:106D10007AEBA090CFCC7EEBA074012CBAF07E145D
:106D2000CFA37E04000190CFCCE00A3B6D2212601D
:106D30003D90CFCCE00A3BCA397E34CFA37E2400FD
:106D40000190CF92691E00020BEA009AFE3AD11B15
:106D5000FD90CFCCE00A1B90CF92693E00020BEA77
:106D6000202D31793E00021BEA2090CFCCE00A1B97
:106D70006D0090CF9A693E00020BEA202F10793EF9
:106D800000021BEA2002717190CF9E693E00020B47
:106D9000EA201B36793E00021BEA2090CF9E691E36
:106DA00000020BEA00693000020B0A2090CFC47980
:106DB0003E00021BEA20740A90DB1AF090CFC469EF
:106DC0003E00020BEA207E14CFA37E040001E412F1
:106DD0005EA290CFC8F07E14CFA37E04000190CFB6
:106DE000C8E00A3B6D2212603D90CFC8E00A3BCA62
:106DF000397E34CFA37E24000190CF92691E000219
:106E00000BEA009AFE3AD11BFD90CFC8E00A1B9016
:106E1000CF92693E00020BEA202D31793E00021B21
:106E2000EA2090CFC8E00A1B6D0090CF9A693E001F
:106E3000020BEA202F10793E00021BEA200271713A
:106E400090CF9E693E00020BEA201B36793E00027D
:106E50001BEA2090CF9E691E00020BEA00693000F9
:106E6000020B0A2090CFC4793E00021BEA2074086E
:106E700090DB1AF090CFC4693E00020BEA207E142A
:106E8000CFA37E040001E4125EA290CFC8F07E146E
:106E9000CFA37E04000190CFC8E00A3B6D221260B0
:106EA0003D90CFC8E00A3BCA397E34CFA37E240090
:106EB0000190CF92691E00020BEA009AFE3AD11BA4
:106EC000FD90CFC8E00A1B90CF92693E00020BEA0A
:106ED000202D31793E00021BEA2090CFC8E00A1B2A
:106EE0006D0090CF9A693E00020BEA202F10793E88
:106EF00000021BEA2002717190CF9E693E00020BD6
:106F0000EA201B36793E00021BEA2090CF9E691EC4
:106F100000020BEA00693000020B0A2090CFC4790E
:106F20003E00021BEA20741090DB1AF090CFC46977
:106F30003E00020BEA207E14CFA37E040001E4127F
:106F40005EA290CFC8F07E14CFA37E04000190CF44
:106F5000C8E00A3B6D2212603D90CFC8E00A3BCAF0
:106F6000397E34CFA37E24000190CF92691E0002A7
:106F70000BEA009AFE3AD11BFD90CFC8E00A1B90A5
:106F8000CF92693E00020BEA202D31793E00021BB0
:106F9000EA2090CFC8E00A1B6D0090CF9A693E00AE
:106FA000020BEA202F10793E00021BEA20027171C9
:106FB00090CF9E693E00020BEA201B36793E00020C
:106FC0001BEA2090CF9E691E00020BEA0069300088
:106FD000020B0A2090CFA3793E00021BEA208057C3
:106FE00090CFA3693E00020BEA207E1B3090CF9227
:106FF000693E00020BEA207A1B3090CF92693E0076
:10700000020BEA200B34793E00021BEA2090CF9A53
:10701000691E00020BEA007E1800012F10793E0065
:10702000021BEA2090CFA3693E00020BEA200B343A
:10703000793E00021BEA2090CFA3693E00020BEAD2
:10704000207E1BB0BEB000789702717190CF9E6910
:107050003E00020BEA201B36793E00021BEA20901C
:10706000CF9E691E00020BEA00693000020B0A2065
:1070700090CFC4793E00021BEA20741090DB1AF016
:1070800090CFC4693E00020BEA207E14CFA37E0499
:107090000001E4125EA27E14CFA37E0400017E18DC
:1070A000000812603D7E340008CA397E34CFA37ECA
:1070B00024000190CF92691E00020BEA009AFE3A6A
:1070C000D11BFD90CF92693E00020BEA202E3400C6
:1070D00008793E00021BEA207E08000890CF9A69DA
:1070E0003E00020BEA202F10793E00021BEA20022C
:1070F0007171742590CF92693E00020BEA207A1BD1
:10710000B090CF92693E00020BEA200B34793E002A
:10711000021BEA2090CF9A691E00020BEA007E183B
:1071200000012F10793E00021BEA20804490CF9688
:10713000693E00020BEA207E1B3090CF92693E0030
:10714000020BEA207A1B3090CF92693E00020BEAD4
:10715000200B34793E00021BEA2090CF9A691E0072
:10716000020BEA007E1800012F10793E00021BEA94
:107170002090CF96693E00020BEA200B34793E0046
:10718000021BEA2090CF96693E00020BEA207E1B8C
:10719000B0BEB000680302685490CF9A693E000206
:1071A0000BEA20AA90D12F1BEA00791E000290D191
:1071B0002D1BEA307E3469017E2400FE7E14D13B13
:1071C0007E04000174409AFD9DA86D3390D17B1B15
:1071D000EA306D3390D17D1BEA3090D12F691E00CB
:1071E000020BEA006D337E240080BF01500302745D
:1071F0004D02743990D137693E00020BEA20BE1867
:10720000004028067E340040800A90D137693E0055
:10721000020BEA2090D17B1BEA3090D17B0BEA3045
:10722000CA3990D12F693E00020BEA207E14D13B6F
:107230007E0400019AFE3AD11BFD90D17B0BEA102F
:107240006D0090D137693E00020BEA209F10793E15
:1072500000021BEA2090D17B0BEA1090D12F693EEF
:1072600000020BEA202D31793E00021BEA2090D16A
:107270007B0BEA007E1400019D017E1400FF5D106F
:1072800090D12D0BEA301A261A242F112F117E547B
:1072900069ED7E4400FE2F21693200020B2A207A1C
:1072A0001B3090D17B0BEA207E3400019D237E347D
:1072B000FF005D327D130A1290D12D0BEA301A26A1
:1072C0001A242F112F117E5469817E4400FE2F2134
:1072D000693200020B2A207A1B307E34D13B7D13A9
:1072E0000A1290D12D0BEA301A261A242F112F11D1
:1072F0007E5469997E4400FE2F21693200020B2AD8
:10730000207A1B307E14D13B90D12D0BEA301A2607
:107310001A242F112F117E5469B17E4400FE2F21B3
:10732000693200020B2A207A1B3090D17D0BEA10C3
:1073300090D133693E00020BEA202D317D130A12F1
:1073400090D12D0BEA301A261A242F112F117E54BA
:1073500069997E4400FE2F21693200020B2A207AAF
:107360001B3090D17D0BEA1090D133693E00020BA7
:10737000EA202D317D1390D12D0BEA301A261A24E4
:107380002F112F117E5469B17E4400FE2F216932E6
:1073900000020B2A207A1B30744090D12D0BEA306A
:1073A0001A261A242F112F117E1469E17E0400FE83
:1073B0002F01693000020B0A207A1BB074C190D1F2
:1073C0002D0BEA301A261A242F112F117E1468E98A
:1073D0007E0400FE2F01693000020B0A207A1BB0E8
:1073E00090D12D0BEA301A261A242F112F117E145A
:1073F00069F97E0400FE2F01693000020B0A207E2D
:107400001BB030E0DBE490D12D0BEA301A261A24B1
:107410002F112F117E1469F97E0400FE2F016930AF
:1074200000020B0A207A1BB090D17B0BEA2090D18E
:107430007D0BEA302D321BEA3090D137693E0002D5
:107440000BEA204D2368030271F402761390D137C2
:10745000693E00020BEA207D037E1400019D017E3F
:107460001400FF5D106D0090D12D0BEA301A261A22
:10747000242F112F117E5469ED7E4400FE2F2169C7
:107480003200020B2A207A1B3090D137693E00026D
:107490000BEA207D237E3400019D237E34FF005DB6
:1074A000326D227C3690D12D0BEA301A261A242F09
:1074B000112F117E5469817E4400FE2F2169320014
:1074C000020B2A207A1B3090D12F693E00020BEA72
:1074D000207D130A1290D12D0BEA301A261A242F80
:1074E000112F117E5469997E4400FE2F21693200CC
:1074F000020B2A207A1B3090D12F693E00020BEA42
:10750000207D1390D12D0BEA301A261A242F112F2B
:10751000117E5469B17E4400FE2F21693200020BB6
:107520002A207A1B3090D133693E00020BEA207D7D
:10753000130A1290D12D0BEA301A261A242F112F7C
:10754000117E54698D7E4400FE2F21693200020BAA
:107550002A207A1B3090D133693E00020BEA207D4D
:107560001390D12D0BEA301A261A242F112F117ED9
:107570005469A57E4400FE2F21693200020B2A20A7
:107580007A1B30746090D12D0BEA301A261A242F02
:10759000112F117E1469E17E0400FE2F0169300075
:1075A000020B0A207A1BB074C190D12D0BEA301A5D
:1075B000261A242F112F117E1468E97E0400FE2F55
:1075C00001693000020B0A207A1BB090D12D0BEA22
:1075D000301A261A242F112F117E1469F97E040007
:1075E000FE2F01693000020B0A207E1BB030E0DB69
:1075F000E490D12D0BEA301A261A242F112F117E78
:107600001469F97E0400FE2F01693000020B0A2084
:107610007A1BB0AA90D1CE1BEA00791E000290D14D
:10762000CC1BEA307E3469417E2400FE7E14D1D624
:107630007E04000174409AFD9DA86D3390D2161B04
:10764000EA3090D1CE691E00020BEA006D337E2431
:107650000080BF01500302783602782290D1D269AF
:107660003E00020BEA20BE18004028067E3400408F
:10767000800A90D1D2693E00020BEA2090D2161BFC
:10768000EA3090D2160BEA30CA3990D1CE693E006A
:10769000020BEA207E14D1D67E0400019AFE3AD174
:1076A0001BFD90D2160BEA106D0090D1D2693E00FE
:1076B000020BEA209F10793E00021BEA2090D216AE
:1076C0000BEA1090D1CE693E00020BEA202D3179F1
:1076D0003E00021BEA2090D2160BEA007E14000145
:1076E0009D017E1400FF5D1090D1CC0BEA301A266C
:1076F0001A242F112F117E5469ED7E4400FE2F2194
:10770000693200020B2A207A1B3090D2160BEA2035
:107710007E3400019D237E34FF005D327D130A120A
:1077200090D1CC0BEA301A261A242F112F117E5437
:1077300069817E4400FE2F21693200020B2A207AE3
:107740001B307E34D1D67D130A1290D1CC0BEA3097
:107750001A261A242F112F117E5469997E4400FE97
:107760002F21693200020B2A207A1B307E14D1D6D9
:1077700090D1CC0BEA301A261A242F112F117E54E7
:1077800069B17E4400FE2F21693200020B2A207A63
:107790001B30744090D1CC0BEA301A261A242F11DA
:1077A0002F117E1469E17E0400FE2F016930000272
:1077B0000B0A207A1BB074C190D1CC0BEA301A2688
:1077C0001A242F112F117E1468E97E0400FE2F0168
:1077D000693000020B0A207A1BB090D1CC0BEA3042
:1077E0001A261A242F112F117E1469F97E0400FE27
:1077F0002F01693000020B0A207E1BB030E0DBE471
:1078000090D1CC0BEA301A261A242F112F117E1496
:1078100069F97E0400FE2F01693000020B0A207A0C
:107820001BB090D1D2693E00020BEA204D236803C1
:1078300002765C02799E90D1D2693E00020BEA206A
:107840007D037E1400019D017E1400FF5D106D001C
:1078500090D1CC0BEA301A261A242F112F117E5406
:1078600069ED7E4400FE2F21693200020B2A207A46
:107870001B3090D1D2693E00020BEA207D237E347A
:1078800000019D237E34FF005D326D227C3690D155
:10789000CC0BEA301A261A242F112F117E5469813D
:1078A0007E4400FE2F21693200020B2A207A1B3011
:1078B00090D1CE693E00020BEA207D130A1290D1CE
:1078C000CC0BEA301A261A242F112F117E546999F5
:1078D0007E4400FE2F21693200020B2A207A1B30E1
:1078E00090D1CE693E00020BEA207D1390D1CC0BE3
:1078F000EA301A261A242F112F117E5469B17E44C2
:1079000000FE2F21693200020B2A207A1B307440BE
:1079100090D1CC0BEA301A261A242F112F117E1485
:1079200069E17E0400FE2F01693000020B0A207A13
:107930001BB074C190D1CC0BEA301A261A242F1137
:107940002F117E1468E97E0400FE2F0169300002C9
:107950000B0A207A1BB090D1CC0BEA301A261A24DD
:107960002F112F117E1469F97E0400FE2F0169305A
:1079700000020B0A207E1BB030E0DBE490D1CC0B80
:10798000EA301A261A242F112F117E1469F97E0469
:1079900000FE2F01693000020B0A207A1BB0AA906A
:1079A000E0D41BEA00791E000290E0D21BEA30907E
:1079B000E0D8693E00020BEA207D037E1400019DA1
:1079C000017E1400FF5D106D0090E0D20BEA301ACA
:1079D000261A242F112F117E5469ED7E4400FE2FAC
:1079E00021693200020B2A207A1B3090E0D8693ED0
:1079F00000020BEA207D237E3400019D237E34FFAC
:107A0000005D326D227C3690E0D20BEA301A261AE5
:107A1000242F112F117E5469817E4400FE2F21698D
:107A20003200020B2A207A1B3090E0D4693E00021B
:107A30000BEA207D130A1290E0D20BEA301A261AC4
:107A4000242F112F117E54698D7E4400FE2F216951
:107A50003200020B2A207A1B3090E0D4693E0002EB
:107A60000BEA207D1390E0D20BEA301A261A242F5D
:107A7000112F117E5469A57E4400FE2F216932002A
:107A8000020B2A207A1B30742090E0D20BEA301AC5
:107A9000261A242F112F117E1469E17E0400FE2F77
:107AA00001693000020B0A207A1BB074C190E0D249
:107AB0000BEA301A261A242F112F117E1468E97E42
:107AC0000400FE2F01693000020B0A207A1BB090DF
:107AD000E0D20BEA301A261A242F112F117E1469D6
:107AE000F97E0400FE2F01693000020B0A207E1B84
:107AF000B030E0DBE490E0D20BEA301A261A242FF3
:107B0000112F117E1469F97E0400FE2F01693000E7
:107B1000020B0A207A1BB0AA90E592F090E5901B28
:107B2000EA307E18000190D1D2793E00021BEA2093
:107B300090E5900BEA307E14E5927E0400019AFCF9
:107B40007614AA90E0DE1BEA00791E000290E0DCC9
:107B50001BEA3090E0E2693E00020BEA2090D1D2AD
:107B6000793E00021BEA2090E0DC0BEA3090E0DE78
:107B7000691E00020BEA009AFC7614AA90E5171B16
:107B8000EA2090E5151BEA307E18000290D1D279E8
:107B90003E00021BEA2090E5150BEA307E14E51743
:107BA0007E0400019AFC7614AA90E0E81BEA0079B2
:107BB0001E000290E0E61BEA3090E0EC693E000215
:107BC0000BEA202F1190D1D2793E00021BEA2090BF
:107BD000E0E60BEA3090E0E8691E00020BEA009A4A
:107BE000FC7614AA90E51C7AEB5090E51BF090E52A
:107BF000191BEA307E18000190D1D2793E00021B99
:107C0000EA2090E5190BEA307E14E51B7E040001A2
:107C10009AFC76147E18000190D1D2793E00021BA6
:107C2000EA2090E5190BEA307E14E51C7E04000181
:107C30009AFC7614AA90E0691BEA00791E00029073
:107C4000E068F090E0661BEA307E18000190D1D227
:107C5000793E00021BEA2090E0660BEA307E14E0D9
:107C6000687E0400019AFC761490E06D693E000283
:107C70000BEA2090D1D2793E00021BEA2090E06608
:107C80000BEA3090E069691E00020BEA009AFC766C
:107C900014AA90E3E51BEA1090E3E31BEA2090E3CB
:107CA000E11BEA307E18000290D1D2793E00021B1F
:107CB000EA2090E3E10BEA307E14E3E37E04000166
:107CC0009AFC76147E18000290D1D2793E00021BF5
:107CD000EA2090E3E10BEA307E14E3E57E04000144
:107CE0009AFC7614AA90DF4A1BEA00791E000290E3
:107CF000DF481BEA2090DF461BEA307E1800029026
:107D0000D1D2793E00021BEA2090DF460BEA307E9A
:107D100014DF487E0400019AFC761490DF4E693E21
:107D200000020BEA202F1190D1D2793E00021BEA0B
:107D30002090DF460BEA3090DF4A691E00020BEA12
:107D4000009AFC7614AA90E5931BEA30E490E5953E
:107D5000F07E18000190E0D8793E00021BEA2090E6
:107D6000E5930BEA307E14E5957E0400019AFC79D8
:107D70009F90E595E0AA90E0F21BEA00791E0002D0
:107D800090E0F01BEA3090E0F6693E00020BEA203A
:107D900090E0D8793E00021BEA2090E0F00BEA3038
:107DA00090E0F2691E00020BEA009AFC799FAA900B
:107DB000E51D1BEA307E18000290E0D8793E0002F3
:107DC0001BEA2090E51D0BEA307E14E51F7E0400BF
:107DD000019AFC799F90E51F0BEA30AA90E0FC1B0A
:107DE000EA00791E000290E0FA1BEA3090E1006997
:107DF0003E00020BEA202F1190E0D8793E00021BD2
:107E0000EA2090E0FA0BEA3090E0FC691E00020BD9
:107E1000EA009AFC799FAA90E523F090E5211BEAFD
:107E200030E490E524F07E18000190D1D2793E0034
:107E3000021BEA2090E5210BEA307E14E5237E0444
:107E400000019AFC76147E18000190E0D8793E007B
:107E5000021BEA2090E5210BEA307E14E5247E0423
:107E600000019AFC799F90E524E0AA90E0741BEA57
:107E700000791E000290E073F090E0711BEA307E02
:107E800018000190D1D2793E00021BEA2090E071E7
:107E90000BEA307E14E0737E0400019AFC761490A5
:107EA000E078693E00020BEA2090E0D8793E0002BB
:107EB0001BEA2090E0710BEA3090E074691E00022A
:107EC0000BEA009AFC799FAA90E3E91BEA2090E371
:107ED000E71BEA307E18000290D1D2793E00021BE7
:107EE000EA2090E3E70BEA307E14E3E97E04000128
:107EF0009AFC76147E18000290E0D8793E00021BAE
:107F0000EA2090E3E70BEA307E14E3EB7E04000105
:107F10009AFC799F90E3EB0BEA30AA90DF561BEABC
:107F200000791E000290DF541BEA2090DF521BEA0A
:107F3000307E18000290D1D2793E00021BEA2090D8
:107F4000DF520BEA307E14DF547E0400019AFC7687
:107F50001490DF5A693E00020BEA2090E0D8793E87
:107F600000021BEA2090DF520BEA3090DF56691EB8
:107F700000020BEA009AFC799FAA90DE181BEA0027
:107F8000791E000290DE161BEA3090DE1C693E006E
:107F9000020BEA2090D133793E00021BEA2090DEEA
:107FA00020693E00020BEA2090D137793E00021B87
:107FB000EA2090DE160BEA3090DE18691E00020BF4
:107FC000EA009AFC71A4AA90DE261BEA00791E0042
:107FD0000290DE241BEA3090DE2A693E00020BEAA2
:107FE0002090D133793E00021BEA2090DE2E693EBC
:107FF00000020BEA202F1190D137793E00021BEAD4
:108000002090DE240BEA3090DE26691E00020BEA87
:10801000009AFC71A4AA90DB8D1BEA00791E000275
:1080200090DB8B1BEA2090DB891BEA309F1190DBF1
:1080300099793E00021BEA2090DB930BEA307E2404
:10804000FF005D2390DB910BEA107E34FF005D3171
:10805000BD326811E47E1468BF7E0400FE7E3402E7
:10806000519AFE2E6390DB910BEA207E3400FF5D77
:10807000327E24000174017E1400109AFD429C900F
:10808000DB930BEA207E3400FF5D327E2400017416
:10809000017E1400109AFD429C90DB950BEA207E35
:1080A00034FFFFBD23681890DB950BEA207E340077
:1080B000FF5D326D2274017E1400039AFD429C9094
:1080C000DB970BEA207E34FFFFBD23681990DB9716
:1080D0000BEA207E3400FF5D327E240001E47E1432
:1080E00000109AFD429C90DB8D693E00020BEA2055
:1080F000BE189680406490DB910BEA207E3400FF2E
:108100005D326D229AFD3BA290DB930BEA207E3418
:1081100000FF5D326D229AFD3BA290DB950BEA20B9
:108120007E34FFFFBD23681290DB950BEA207E347E
:1081300000FF5D326D229AFD3BA290DB970BEA2097
:108140007E34FFFFBD23681290DB970BEA207E345C
:1081500000FF5D326D229AFD3BA290DB890BEA3075
:108160001B3468741B3478030283090B35680302DF
:10817000841553A2F390DB910BEA307D231A247E01
:108180003400035D321B3468141B3468151B3468DB
:10819000162E3400037813E5A2F5A2800D43A20445
:1081A000800843A208800343A20CE4F5CE43CE909E
:1081B00043CE0390DB8B0BEA301B35680D1B346814
:1081C0000E0B35780D43CE04800843CE0880034360
:1081D000CE0C43CE4002841574FC7E14FD6C7E04EC
:1081E000007E7E0B705C7B7A0B7090DB910BEA302B
:1081F0007D231A247E3400035D321B34681E1B3439
:10820000682E1B34683E2E340003784A7E14FD6CC1
:108210007E04007E7E0B707A0B70803A74017E14AF
:10822000FD6C7E04007E7E0B704C7B7A0B7080268A
:1082300074027E14FD6C7E04007E7E0B704C7B7A93
:108240000B70801274037E14FD6C7E04007E7E0B26
:10825000704C7B7A0B70E47E34F8007E24007E7ACA
:108260001BB074907E14F8007E04007E7E0B704C70
:108270007B7A0B7090DB8D691E00020BEA0090E4A4
:10828000D1693E00020BEA209AFD9D2190DB99798D
:108290003E00021BEA2074037E14F8007E04007E78
:1082A0007E0B704C7B7A0B7090DB8B0BEA301B35AE
:1082B000681C1B34682C0B35783A74047E14F80063
:1082C0007E04007E7E0B704C7B7A0B7080267408D7
:1082D0007E14F8007E04007E7E0B704C7B7A0B705F
:1082E0008012740C7E14F8007E04007E7E0B704CAD
:1082F0007B7A0B7074407E14F8007E04007E7E0B47
:10830000704C7B7A0B7002841574F37E14FD6C7EC6
:1083100004007E7E0B705C7B7A0B7090DB910BEA25
:10832000307D231A247E3400035D321B34681E1B0B
:1083300034682E1B34683E2E340003784A7E14FDC8
:108340006C7E04007E7E0B707A0B70803A74047E23
:1083500014FD6C7E04007E7E0B704C7B7A0B70806B
:108360002674087E14FD6C7E04007E7E0B704C7BB0
:108370007A0B708012740C7E14FD6C7E04007E7E7D
:108380000B704C7B7A0B70E47E34F8207E24007EE8
:108390007A1BB074907E14F8207E04007E7E0B70F1
:1083A0004C7B7A0B7074037E14F8207E04007E7E72
:1083B0000B704C7B7A0B7090DB8B0BEA301B3568B3
:1083C0001C1B34682C0B35783A74047E14F8207E1C
:1083D00004007E7E0B704C7B7A0B70802674087EC6
:1083E00014F8207E04007E7E0B704C7B7A0B70802C
:1083F00012740C7E14F8207E04007E7E0B704C7B81
:108400007A0B7074407E14F8207E04007E7E0B7020
:108410004C7B7A0B70E490DB890BEA301A261A2425
:108420002F112F117E1468F57E0400FE2F01693094
:1084300000020B0A207A1BB0741090DB890BEA3023
:108440001A261A242F112F117E1469D57E0400FEDE
:108450002F01693000020B0A207A1BB090DB8D6976
:108460001E00020BEA0090E4D1693E00020BEA20F4
:108470009AFD9D214D0178046DFF80047EF400017A
:108480007D3F1A361AE690DB8D691E00020BEA006A
:1084900090E4D1693E00020BEA209AFD9D212F173E
:1084A00090DB99793E00021BEA2090DB99693E003F
:1084B000020BEA20BE1800FF280E7E1800FF90DB9A
:1084C00099793E00021BEA2090DB99691E00020B9D
:1084D000EA0090DB890BEA301A261A242F112F119B
:1084E0007E546A057E4400FE2F21693200020B2A69
:1084F000207A1B30E490DB890BEA301A261A242FED
:10850000112F117E1469F97E0400FE2F01693000DD
:10851000020B0A207A1BB0E490DB890BEA301A26A2
:108520001A242F112F117E1469E17E0400FE2F0101
:10853000693000020B0A207A1BB0E490DB890BEA59
:10854000301A261A242F112F117E1469BD7E0400C3
:10855000FE2F01693000020B0A207A1BB0E490DB89
:10856000890BEA301A261A242F112F117E1469C99B
:108570007E0400FE2F01693000020B0A207A1BB036
:1085800074C190DB890BEA301A261A242F112F119F
:108590007E1468E97E0400FE2F01693000020B0A98
:1085A000207A1BB0AA90E598F090E5961BEA3090EF
:1085B000E5960BEA301B3468191B3468410B35789B
:1085C0006974C0F5CD90E598E0F5CFE5CD30E7FBD7
:1085D000806974C07E34F8017E24007E7A1BB090DE
:1085E000E598E07E34F8027E24007E7A1BB07E346B
:1085F000F8017E24007E7E1BB030E7F2803D74C01F
:108600007E34F8217E24007E7A1BB090E598E07ECF
:1086100034F8227E24007E7A1BB07E34F8217E243A
:10862000007E7E1BB030E7F28011E47E1468BF7ECE
:108630000400FE7E3402F79AFE2E63AA90E527F02E
:1086400090E5251BEA3074FF90E528F090E5250BB6
:10865000EA301B3468231B34685A0B3568030286E2
:10866000EF74C0F5CD90E527E0F5CFE5CD30E7FB21
:10867000E5CF90E528F002870074C07E34F8017ED3
:1086800024007E7A1BB090E527E07E34F8027E2439
:10869000007E7A1BB07E34F8017E24007E7E1BB003
:1086A00030E7F27E34F8027E24007E7E1BB090E537
:1086B00028F0804C74C07E34F8217E24007E7A1B22
:1086C000B090E527E07E34F8227E24007E7A1BB04D
:1086D0007E34F8217E24007E7E1BB030E7F27E34AB
:1086E000F8227E24007E7E1BB090E528F08011E405
:1086F0007E1468BF7E0400FE7E3403159AFE2E634E
:1087000090E528E0AA90E59BF090E5991BEA30906F
:10871000E5990BEA3090E59BE09AFC85A5AA90E1EB
:10872000061BEA00791E000290E1041BEA3080205B
:1087300090E1040BEA3090E106691E00020BEA00AA
:108740007E0BB00B14791E00021BEA009AFC85A573
:1087500090E10A693E00020BEA207E2800017F01B9
:108760009F02791E00021BEA004D2378C3AA90E500
:108770002B1BEA2090E5291BEA3090E5290BEA3013
:1087800090E52B0BEA107E24FF005D217D520A5AF2
:108790009AFC85A590E5290BEA3090E52B0BEA20A1
:1087A0007E5400FF5D529AFC85A5AA90E1101BEA59
:1087B00000791E000290E10E1BEA30804790E10E26
:1087C0000BEA3090E110691E00020BEA000B0A1060
:1087D0007E24FF005D217D520A5A9AFC85A590E116
:1087E0000E0BEA3090E110691E00020BEA000B0A42
:1087F000200B15791E00021BEA007E5400FF5D521B
:108800009AFC85A590E114693E00020BEA207E28BF
:1088100000017F019F02791E00021BEA004D2378B0
:108820009CAA90E5307AEB5090E52FF090E52D1B57
:10883000EA3090E52D0BEA3090E52FE09AFC85A513
:1088400090E52D0BEA3090E530E09AFC85A5AA90E2
:10885000E07F1BEA00791E000290E07EF090E07C51
:108860001BEA3090E07C0BEA3090E07EE09AFC85D9
:10887000A5802090E07C0BEA3090E07F691E00022A
:108880000BEA007E0BB00B14791E00021BEA009A63
:10889000FC85A590E083693E00020BEA207E28005B
:1088A000017F019F02791E00021BEA004D2378C35D
:1088B000AA90E3F11BEA1090E3EF1BEA2090E3EDAE
:1088C0001BEA3090E3ED0BEA3090E3EF0BEA107E09
:1088D00024FF005D217D520A5A9AFC85A590E3EDA4
:1088E0000BEA3090E3EF0BEA207E5400FF5D529AD2
:1088F000FC85A590E3ED0BEA3090E3F10BEA107EE6
:1089000024FF005D217D520A5A9AFC85A590E3ED73
:108910000BEA3090E3F10BEA207E5400FF5D529A9F
:10892000FC85A5AA90DF621BEA00791E000290DF99
:10893000601BEA2090DF5E1BEA3090DF5E0BEA30BE
:1089400090DF600BEA107E24FF005D217D520A5A01
:108950009AFC85A590DF5E0BEA3090DF600BEA2081
:108960007E5400FF5D529AFC85A590DF5E0BEA30D5
:1089700090DF62691E00020BEA000B0A107E24FFE2
:10898000005D217D520A5A9AFC85A590DF5E0BEAB4
:108990003090DF62691E00020BEA000B0A200B1503
:1089A000791E00021BEA007E5400FF5D529AFC858E
:1089B000A5AA90E5CA1BEA3090E5CA0BEA30E49A12
:1089C000FC863CAA90E11A1BEA00791E000290E1A5
:1089D000181BEA30802E90E1180BEA30E49AFC86EE
:1089E0003C90E11A693E00020BEA207A1BB090E14C
:1089F0001A693E00020BEA200B3490E11A793E001E
:108A0000021BEA2090E11E693E00020BEA207E284C
:108A100000017F019F02791E00021BEA004D2378AE
:108A2000B5AA90E5311BEA306D3390E5331BEA308F
:108A300090E5310BEA30E49AFC863C0A3B90E53342
:108A40001BEA3090E5310BEA30E49AFC863C0A2BB5
:108A500090E5330BEA307C676C774D3290E5331B41
:108A6000EA3090E5330BEA30AA90E1241BEA007962
:108A70001E000290E1221BEA30805A90E1220BEAAC
:108A800030E49AFC863C0A1B90E124693E00020B0C
:108A9000EA201B1A1090E1220BEA30E49AFC863C93
:108AA0000A0B90E124693E00020BEA200B1A107CAD
:108AB000236C334D1090E124693E00020BEA201B29
:108AC0001A1090E124693E00020BEA200B35793E32
:108AD00000021BEA2090E128693E00020BEA207E9A
:108AE0002800017F019F02791E00021BEA004D232E
:108AF0007889AA90E59EF090E59C1BEA3090E59C71
:108B00000BEA3090E59EE09AFC85A590E59C0BEA87
:108B100030E49AFC863CAA90E08A1BEA00791E00A9
:108B20000290E089F090E0871BEA3090E0870BEA42
:108B30003090E089E09AFC85A5802E90E0870BEAD2
:108B400030E49AFC863C90E08A693E00020BEA2001
:108B50007A1BB090E08A693E00020BEA200B349049
:108B6000E08A793E00021BEA2090E08E693E000216
:108B70000BEA207E2800017F019F02791E00021B64
:108B8000EA004D2378B5AA90E3F51BEA2090E3F3C1
:108B90001BEA306D3390E3F71BEA3090E3F30BEA06
:108BA0003090E3F50BEA107E24FF005D217D520A30
:108BB0005A9AFC85A590E3F30BEA3090E3F50BEAB3
:108BC000207E5400FF5D529AFC85A590E3F30BEAEA
:108BD00030E49AFC863C0A3B90E3F71BEA3090E3D2
:108BE000F30BEA30E49AFC863C0A2B90E3F70BEA9D
:108BF000307C676C774D3290E3F71BEA3090E3F7F7
:108C00000BEA30AA90DF6E1BEA00791E000290DFAB
:108C10006C1BEA2090DF6A1BEA3090DF6A0BEA30B7
:108C200090DF6C0BEA107E24FF005D217D520A5A12
:108C30009AFC85A590DF6A0BEA3090DF6C0BEA2086
:108C40007E5400FF5D529AFC85A5805A90DF6A0B26
:108C5000EA30E49AFC863C0A1B90DF6E693E000213
:108C60000BEA201B1A1090DF6A0BEA30E49AFC86AC
:108C70003C0A0B90DF6E693E00020BEA200B1A10D3
:108C80007C236C334D1090DF6E693E00020BEA20AE
:108C90001B1A1090DF6E693E00020BEA200B35793B
:108CA0003E00021BEA2090DF72693E00020BEA20C0
:108CB0007E2800017F019F02791E00021BEA004D01
:108CC000237889AA90DE341BEA00791E000290DE28
:108CD000321BEA30807390DE38693E00020BEA20D6
:108CE0004D23684590DE320BEA3090DE34691E0079
:108CF000020BEA007E0BB00B14791E00021BEA0087
:108D00009AFC863C90DE38693E00020BEA207A1B12
:108D1000B090DE38693E00020BEA200B3490DE385A
:108D2000793E00021BEA20802090DE320BEA309070
:108D3000DE34691E00020BEA007E0BB00B14791EB4
:108D400000021BEA009AFC85A590DE3C693E000209
:108D50000BEA207E2800017F019F02791E00021B82
:108D6000EA004D236803028CD6AA90DE421BEA007B
:108D7000791E000290DE401BEA30028E5D90DE46D6
:108D8000693E00020BEA204D237803028E0C90DE30
:108D9000400BEA3090DE42691E00020BEA000B0A2B
:108DA000107E24FF005D217D520A5A9AFC863C0AFF
:108DB0001B90DE46693E00020BEA201B1A1090DE73
:108DC000400BEA3090DE42691E00020BEA000B0AFB
:108DD000509AFC863C0A0B90DE46693E00020BEA84
:108DE000200B1A107C236C334D1090DE46693E0038
:108DF000020BEA201B1A1090DE46693E00020BEAC5
:108E0000200B35793E00021BEA20803E90DE400BAD
:108E1000EA3090DE42691E00020BEA000B0A107E67
:108E200024FF005D217D520A5A9AFC85A590DE4000
:108E30000BEA3090DE42691E00020BEA000B0A20AA
:108E40007E5400FF5D529AFC85A590DE42693E008B
:108E5000020BEA200B35793E00021BEA2090DE4A25
:108E6000693E00020BEA207E2800017F019F027903
:108E70001E00021BEA004D236803028D7DAA90DBD1
:108E8000A11BEA00791E000290DB9F1BEA2090DB09
:108E90009D1BEA309F1190DBAD793E00021BEA205A
:108EA00090DBA70BEA307E24FF005D2390DBA50B4F
:108EB000EA107E34FF005D31BD326811E47E146833
:108EC000BF7E0400FE7E34046A9AFE2E6390DBA50A
:108ED0000BEA207E3400FF5D327E24000174017EA7
:108EE0001400109AFD429C90DBA70BEA207E340010
:108EF000FF5D327E24000174017E1400109AFD4251
:108F00009C90DBA90BEA207E34FFFFBD23681690FE
:108F1000DBA90BEA207E3400FF5D326D2274016D07
:108F2000119AFD429C90DBAB0BEA207E34FFFFBD23
:108F300023681990DBAB0BEA207E3400FF5D327EA4
:108F4000240001E47E1400109AFD429C90DBA1698C
:108F50003E00020BEA20BE189680406490DBA50B11
:108F6000EA207E3400FF5D326D229AFD3BA290DB49
:108F7000A70BEA207E3400FF5D326D229AFD3BA2F2
:108F800090DBA90BEA207E34FFFFBD23681290DB43
:108F9000A90BEA207E3400FF5D326D229AFD3BA2D0
:108FA00090DBAB0BEA207E34FFFFBD23681290DB21
:108FB000AB0BEA207E3400FF5D326D229AFD3BA2AE
:108FC00090DB9D0BEA301B3478030290841B3478CD
:108FD000030291C70B35680302930753A2F390DB9A
:108FE000A50BEA307D231A247E3400035D321B3446
:108FF00068141B3468151B3468162E34000378136C
:10900000E5A2F5A2800D43A204800843A2088003D4
:1090100043A20CE4F5CE43CE9090DBA1691E000282
:109020000BEA0090E4D1693E00020BEA209AFD9D14
:109030002190DBAD793E00021BEA2090DBAD693E5A
:1090400000020BEA201E341E2450034E60807E086E
:1090500000012F017E34FE907E24007E7A1B30902A
:10906000DB9F0BEA301B35680D1B34680E0B35781F
:109070000D43CE04800843CE08800343CE0C43CE7C
:109080004002930774FC7E14FD6C7E04007E7E0B10
:10909000705C7B7A0B7090DBA50BEA307D231A2481
:1090A0007E3400035D321B34681E1B34682E1B3473
:1090B000683E2E340003784A7E14FD6C7E04007EE8
:1090C0007E0B707A0B70803A74017E14FD6C7E0406
:1090D000007E7E0B704C7B7A0B70802674027E14AF
:1090E000FD6C7E04007E7E0B704C7B7A0B708012D0
:1090F00074037E14FD6C7E04007E7E0B704C7B7AC4
:109100000B70E47E34F8007E24007E7A1BB07490ED
:109110007E14F8007E04007E7E0B704C7B7A0B7010
:1091200090DBA1691E00020BEA0090E4D1693E00C9
:10913000020BEA209AFD9D2190DBAD793E00021BD7
:10914000EA2090DBAD693E00020BEA201E341E24AB
:1091500050034E60807E0800012F017E34F8087EA7
:1091600024007E7A1B3090DB9F0BEA301B35681C95
:109170001B34682C0B35783A74047E14F8007E0496
:10918000007E7E0B704C7B7A0B70802674087E14F8
:10919000F8007E04007E7E0B704C7B7A0B70801290
:1091A000740C7E14F8007E04007E7E0B704C7B7A7B
:1091B0000B7074407E14F8007E04007E7E0B704CB1
:1091C0007B7A0B7002930774F37E14FD6C7E0400AF
:1091D0007E7E0B705C7B7A0B7090DBA50BEA307D9A
:1091E000231A247E3400035D321B34681E1B34684E
:1091F0002E1B34683E2E340003784A7E14FD6C7EAC
:1092000004007E7E0B707A0B70803A74047E14FD2D
:109210006C7E04007E7E0B704C7B7A0B7080267413
:10922000087E14FD6C7E04007E7E0B704C7B7A0BF6
:10923000708012740C7E14FD6C7E04007E7E0B70B8
:109240004C7B7A0B70E47E34F8207E24007E7A1BFF
:10925000B074907E14F8207E04007E7E0B704C7BF0
:109260007A0B7090DBA1691E00020BEA0090E4D13A
:10927000693E00020BEA209AFD9D2190DBAD793E0C
:1092800000021BEA2090DBAD693E00020BEA201EC3
:10929000341E2450034E60807E0800012F017E346E
:1092A000F8287E24007E7A1B3090DB9F0BEA301B6F
:1092B00035681C1B34682C0B35783A74047E14F81E
:1092C000207E04007E7E0B704C7B7A0B70802674AF
:1092D000087E14F8207E04007E7E0B704C7B7A0B97
:1092E000708012740C7E14F8207E04007E7E0B7059
:1092F0004C7B7A0B7074407E14F8207E04007E7ED6
:109300000B704C7B7A0B70AA90E5511BEA20793EDA
:1093100000027E14006490E551693E00020BEA20D1
:109320009AFD9D16793E00021BEA20801F7E1803DD
:10933000E89AFC48A690E551693E00020BEA207EBF
:109340000800019F10793E00021BEA20A2F9E433D5
:10935000BEB000780E90E551693E00020BEA204D48
:109360002378CA90E551693E00020BEA204D23782C
:109370000474018001E42290DE76F090DE6E1BEA38
:1093800020793E000290DE6A1BEA00791E0002741A
:109390000190DE77F090DE72693E00020BEA204D0C
:1093A00023681290DE72693E00020BEA20129308D5
:1093B000BEB000785890DE6E693E00020BEA20BE17
:1093C000181000384890DE6A693E00020BEA204D12
:1093D00023683AC3C2B590DE6E693E00020BEA20F4
:1093E00090E0E2793E00021BEA207E34000190DE2C
:1093F0006A691E00020BEA009AFC7B4390DE76E06D
:10940000BEB0017803D3D2B5E490DE77F090DE777A
:10941000E0AA90DECC1BEA20793E000290DEC81B59
:10942000EA00791E0002740190DED4F090DED0696B
:109430003E00020BEA204D23681290DED0693E0008
:10944000020BEA20129308BEB000786390DECC696C
:109450003E00020BEA20BE181000385390DEC869A7
:109460003E00020BEA204D236845C3C2B590DEC81A
:10947000693E00020BEA2090DE1C793E00021BEAE6
:109480002090DECC693E00020BEA2090DE20793E7F
:1094900000021BEA207E34000190DEC8691E000233
:1094A0000BEA009AFC7F7AD3D2B5E490DED4F09038
:1094B000DED4E0AA90D9121BEA00791E000290D9EE
:1094C00011F090D90F1BEA2090D90D1BEA307401DE
:1094D00090D922F090D912693E00020BEA2090D96F
:1094E00023793E00021BEA20E490D927F06D3390E7
:1094F000D9281BEA307E34000890D92A1BEA309024
:10950000D90D0BEA1090D912693E00020BEA207ABD
:109510001B3090D90F0BEA1090D912693E00020B54
:10952000EA200B347A1B3090D911E090D912693EB1
:1095300000020BEA202E3400037A1BB090D91E697A
:109540003E00020BEA2090D916691E00020BEA00C9
:109550002F0190D912693E00020BEA200B367911D7
:1095600000021B1A0090D912691E00020BEA000BC0
:1095700016693000020B0A207D237E34FF005D3225
:109580006D227C457C567C676C7790D912695E00B1
:10959000020BEA400B56691200020B2A007D017E85
:1095A0001400FF5D106D007C036C116D114D134DA7
:1095B0000290D912693E00020BEA200B3669510075
:1095C000020B1A406D337E2400FF5D355D247C76EE
:1095D0007C650A244D314D2090D912691E00020B82
:1095E000EA000B16695000020B0A406D117E04FF61
:1095F000005D155D040A100A024D134D0290D91248
:10960000693E00020BEA200B36791100021B1A009A
:1096100090D92A0BEA3090D9281BEA30806F90D974
:10962000280BEA1090D923693E00020BEA202D3165
:109630007E1BB090D927F090D9280BEA1090D9233F
:10964000693E00020BEA202D310B347E1B3090D98D
:10965000280BEA0090D923693E00020BEA202D3046
:109660007A1B3090D927E090D9280BEA1090D923A3
:10967000693E00020BEA202D310B347A1BB07E24A8
:10968000000290D9280BEA302D321BEA3090D928FD
:109690000BEA106D0090D916693E00020BEA20BF5C
:1096A00001500302961E7E18038490DE72793E00FC
:1096B000021BEA2090D912691E00020BEA0090D921
:1096C00016693E00020BEA2090D91A695E00020B6F
:1096D000EA404D45780474018001E49AFC93779048
:1096E000D922F090D922E0BEB000784890D91A690A
:1096F0003E00020BEA204D23683A90D91E693E00D5
:10970000020BEA204D23682C9F1190DE72793E00F7
:10971000021BEA2090D91A691E00020BEA0090D9B8
:109720001E693E00020BEA2074019AFC937790D9DF
:1097300022F08003D3D2B590D922E0AA90E303F0BF
:1097400090E2FF1BEA00791E000290E2FD1BEA3066
:10975000740290E2FF693E00020BEA207A1BB0908F
:10976000E2FD0BEA1090E2FF693E00020BEA200BDB
:10977000347A1B3090E303E00A1B6D0090E2FF692E
:109780003E00020BEA200B36791100021B1A007E04
:1097900018038490DE72793E00021BEA2090E2FFFB
:1097A000691E00020BEA0090E303E00A3B6D22749D
:1097B000019AFC937790E304F0E490E2FF693E00A5
:1097C000020BEA207A1BB07E18038490DED0793E2B
:1097D00000021BEA2090E2FF691E00020BEA0090E3
:1097E000E303E00A3B6D229AFC941290E304F090AC
:1097F000E304E0AA90DCA57AEB5090DCA4F090DCC6
:10980000A21BEA3090DCA20BEA3090DCAF1BEA30FE
:1098100090DCA5E00A2B7C456C5590DCA4E00A3B6B
:109820004D3290DCB11BEA307E18000C90D91679CD
:109830003E00021BEA209F1190D91A793E00021BBC
:10984000EA209F1190D91E793E00021BEA207E3447
:1098500000017E240001E47E14DCA77E0400019A4E
:10986000FC94B490DCA6F090DCA6E0AA90DD2C7A03
:10987000EB6090DD2B7AEB7090DD2AF090DD2BE031
:109880000A2B7C456C5590DD2AE00A3B4D3290DD79
:10989000361BEA3090DD2CE00A3B90DD381BEA30C5
:1098A0007E18000C90D916793E00021BEA209F1109
:1098B00090D91A793E00021BEA209F1190D91E7997
:1098C0003E00021BEA207E3400017E240002E47E7A
:1098D00014DD2E7E0400019AFC94B490DD2DF090EE
:1098E000DD2DE0AA90DCB51BEA2090DCB31BEA304A
:1098F00090DCB30BEA3090DCC01BEA3090DCB50B97
:10990000EA3090DCC21BEA307E18000C90D9167940
:109910003E00021BEA209F1190D91A793E00021BDB
:10992000EA209F1190D91E793E00021BEA207E3466
:1099300000017E240003E47E14DCB87E0400019A5A
:10994000FC94B490DCB7F090DCB7E0AA90DED51BB5
:10995000EA3090DED50BEA3090DEE01BEA307E186C
:10996000000A90D916793E00021BEA209F1190D977
:109970001A793E00021BEA209F1190D91E793E0001
:10998000021BEA207E3400017E240004E47E14DE03
:10999000D87E0400019AFC94B490DED7F090DED714
:1099A000E0AA90DFCAF090DFCAE00A3B90DFD41B48
:1099B000EA307E18000A90D916793E00021BEA2090
:1099C0009F1190D91A793E00021BEA209F1190D96D
:1099D0001E793E00021BEA207E3400017E24000531
:1099E000E47E14DFCC7E0400019AFC94B490DFCBBB
:1099F000F090DFCBE0AA90DEE21BEA3090DEE20BD3
:109A0000EA3090DEED1BEA307E18000A90D9167914
:109A10003E00021BEA209F1190D91A793E00021BDA
:109A2000EA209F1190D91E793E00021BEA207E3465
:109A300000017E240006E47E14DEE57E0400019A27
:109A4000FC94B490DEE4F090DEE4E0AA90DFD6F07F
:109A500090DFD6E00A3B90DFE01BEA307E18000A78
:109A600090D916793E00021BEA209F1190D91A79ED
:109A70003E00021BEA209F1190D91E793E00021B76
:109A8000EA207E3400017E240007E47E14DFD87EC5
:109A90000400019AFC94B490DFD7F090DFD7E0AADD
:109AA00090DEEF1BEA3090DEEF0BEA3090DEFA1B1F
:109AB000EA307E18000A90D916793E00021BEA208F
:109AC0009F1190D91A793E00021BEA209F1190D96C
:109AD0001E793E00021BEA207E3400017E2400082D
:109AE000E47E14DEF27E0400019AFC94B490DEF170
:109AF000F090DEF1E0AA90DFE2F090DFE2E00A3BD6
:109B000090DFEC1BEA307E18000A90D916793E00EF
:109B1000021BEA209F1190D91A793E00021BEA200D
:109B20009F1190D91E793E00021BEA207E3400016D
:109B30007E240009E47E14DFE47E0400019AFC9494
:109B4000B490DFE3F090DFE3E0AA90DCC41BEA000E
:109B5000791E00027E3400017E14DCC97E040001FF
:109B6000740C9AFC973C90DCC8F090DCC8E0BEB066
:109B700000781E7E340004CA397E34DCD17E240095
:109B80000190DCC4691E00020BEA009AFE3AD11B68
:109B9000FD90DCC8E0AA90DCD51BEA00791E00022B
:109BA0007E3400027E14DCDA7E040001740C9AFC20
:109BB000973C90DCD9F090DCD9E0BEB00078207EF4
:109BC000340004CA397E34DCE27E24000190DCD506
:109BD000691E00020BEA000B169AFE3AD11BFD909B
:109BE000DCD9E0AA90DAE81BEA00791E00027E3494
:109BF00000107E14DAED7E04000174109AFC973C8C
:109C000090DAECF090DAECE0BEB000783390DAF065
:109C1000E090DAE8693E00020BEA202E3400067A72
:109C20001BB07E340008CA397E34DAF57E24000188
:109C300090DAE8691E00020BEA009AFE3AD11BFD99
:109C400090DAECE0AA90DCE61BEA00791E00027EC6
:109C50003400117E14DCEB7E040001740C9AFC9736
:109C60003C90DCEAF090DCEAE0BEB00078207E3484
:109C7000DCF37E240001691100020B1A0090DCE67F
:109C8000693E00020BEA20791100021B1A0090DCE9
:109C9000EAE0AA90DA401BEA0090DA3E1BEA109054
:109CA000DA3C1BEA2090DA3A1BEA30740190DA447D
:109CB000F090DA3C0BEA3090DA4D1BEA3090DA3E55
:109CC0000BEA3090DA4F1BEA3090DA400BEA309022
:109CD000DA511BEA3090DA420BEA3090DA531BEA91
:109CE0003090D1C3E0BEB000781290DA3A0BEA307F
:109CF0007D230A247E340010BD2378487E1800108E
:109D000090D916793E00021BEA209F1190D91A794A
:109D10003E00021BEA209F1190D91E793E00021BD3
:109D2000EA2090DA3A0BEA300A367E24000190DA13
:109D30003A0BEA507E14DA457E0400019AFC94B492
:109D400090DA44F090DA44E0AA90E09D1BEA307E7D
:109D500018000890D916793E00021BEA209F119046
:109D6000D91A793E00021BEA209F1190D91E793E34
:109D700000021BEA2090E09D0BEA300A367E2400A8
:109D80000290E09D0BEA507E14E0A07E0400019A50
:109D9000FC94B490E09FF090E09FE0AA90DD5B1B04
:109DA000EA2090DD591BEA3090DD5B0BEA3090DD54
:109DB000661BEA307E18000A90D916793E00021B15
:109DC000EA209F1190D91A793E00021BEA209F11C8
:109DD00090D91E793E00021BEA2090DD590BEA3033
:109DE0000A367E24000390DD590BEA507E14DD5EB6
:109DF0007E0400019AFC94B490DD5DF090DD5DE09E
:109E0000AA90DBDC1BEA1090DBDA1BEA2090DBD89F
:109E10001BEA3090DBDA0BEA3090DBE71BEA30908C
:109E2000DBDC0BEA3090DBE91BEA307E18000C909B
:109E3000D916793E00021BEA209F1190D91A793E6B
:109E400000021BEA209F1190D91E793E00021BEAF6
:109E50002090DBD80BEA300A367E24000490DBD851
:109E60000BEA507E14DBDF7E0400019AFC94B49070
:109E7000DBDEF090DBDEE0AA90DBEF1BEA1090DB8C
:109E8000ED1BEA2090DBEB1BEA3090DBED0BEA30B8
:109E900090DBFA1BEA3090DBEF0BEA3090DBFC1B27
:109EA000EA307E18000C90D916793E00021BEA2099
:109EB0009F1190D91A793E00021BEA209F1190D978
:109EC0001E793E00021BEA2090DBEB0BEA300A36DB
:109ED0007E24000690DBEB0BEA507E14DBF27E045E
:109EE00000019AFC94B490DBF1F090DBF1E0AA90D1
:109EF000DE7AF090DE781BEA3090DE7AE00A3B9062
:109F0000DE841BEA307E18000A90D916793E0002E2
:109F10001BEA209F1190D91A793E00021BEA209F6C
:109F20001190D91E793E00021BEA2090DE780BEAE0
:109F3000300A367E24000790DE780BEA507E14DE6D
:109F40007C7E0400019AFC94B490DE7BF090DE7B72
:109F5000E0AA90E4A91BEA00791E0002740190E4D3
:109F6000ADF090D1C37EEBA0740ABCAB506A6D33E8
:109F700090DA421BEA3090D1C37EEB7074012C7BE7
:109F80007AEB700A277E3410004D326D226D116D10
:109F9000009AFC9C9390E4ADF090E4ADE0BEB0017B
:109FA000781090D1C37EEBA07E70017CBA9CB7F094
:109FB000802690E4A9693E00020BEA204D23681830
:109FC00090D1C3E00A3B90E4A9691E00020BEA00AD
:109FD0009AFCA08A90E4ADF090E4ADE0BEB00178C8
:109FE000046D33800C90D1C3E00A2B7E3410004DF9
:109FF00032AA90DD6A1BEA2090DD681BEA3090DD12
:10A000006A0BEA3090DD751BEA307E18000A90D9A1
:10A0100016793E00021BEA209F1190D91A793E0062
:10A02000021BEA209F1190D91E793E00021BEA20F4
:10A030007E3400107E24001090DD680BEA507E1400
:10A04000DD6D7E0400019AFC94B490DD6CF090DD2F
:10A050006CE0AA90E557F090E5551BEA306D229030
:10A06000E5550BEA30BD32780A7E34100090E55594
:10A070001BEA3090E5550BEA3090E557E09AFC9EDC
:10A08000EF90E558F090E558E0AA90DD791BEA00E2
:10A09000791E000290DD771BEA3090DD79691E00A1
:10A0A000020BEA009AFDFFE37DF36DEE7E180008D7
:10A0B00090D916793E00021BEA2090DD79693E00B6
:10A0C000020BEA2090D91A793E00021BEA207E3466
:10A0D00000107E24000590DD770BEA507E14DD7EB3
:10A0E0007E04000190D91E79FE00021BEAE09AFC72
:10A0F00094B490DD7DF090DD7DE0AA90DD3CF090A1
:10A10000DD3A1BEA3090DD3A0BEA3090DD461BEA7F
:10A110003090DD3CE00A3B90DD481BEA307E1800C1
:10A120000C90D916793E00021BEA209F1190D91A93
:10A13000793E00021BEA209F1190D91E793E000251
:10A140001BEA207E3400107E24001174017E14DD91
:10A150003E7E0400019AFC94B490DD3DF090DD3D1C
:10A16000E0AA90E1CA1BEA0090E1C81BEA1090E166
:10A17000C61BEA2090E1C41BEA30740190E1CCF0E8
:10A1800090D1C47EEBA07432BCAB505290E1CA0BAC
:10A19000EA3090DA421BEA3090D1C47EEB70740151
:10A1A0002C7B7AEB700A277E3411004D3290E1C48B
:10A1B0000BEA2090E1C60BEA1090E1C80BEA009A86
:10A1C000FC9C9390E1CCF090E1CCE0BEB001780E25
:10A1D00090D1C47EEBA07E70017CBA9CB7F090E178
:10A1E000CCE0BEB00178046D33800C90D1C4E00A9D
:10A1F0002B7E3411004D32AA90D3A71BEA00791EA2
:10A20000000290D3A51BEA30740190D3AFF07E34E6
:10A21000D3A57E24000190D3B8793E00021BEA202A
:10A2200090D3A7693E00020BEA2090D0E2793E006D
:10A23000021BEA2090D3B8693E00020BEA2090D0BE
:10A24000E6793E00021BEA207E14D17F7E040001E5
:10A250007E1800329AFC613690D3AB793E00021B27
:10A26000EA2090D3AB693E00020BEA20BE18000042
:10A27000486690D3AB693E00020BEA2090D3B479D4
:10A280003E00021BEA207E18000890D916793E0095
:10A29000021BEA207E34D17F7E24000190D91A79F6
:10A2A0003E00021BEA2090D3B4693E00020BEA2074
:10A2B00090D91E793E00021BEA207E3400117E24D4
:10A2C000000590D3A50BEA507E14D3B07E040001A4
:10A2D0009AFC94B490D3AFF090D3AFE0AA90DD880D
:10A2E0001BEA00791E000290DD861BEA3090DD88B3
:10A2F000691E00020BEA009AFDFFE36D2290DD91DA
:10A30000793E00021BEA207E18000890D916793E9B
:10A3100000021BEA2090DD88693E00020BEA2090D3
:10A32000D91A793E00021BEA2090DD91693E0002B5
:10A330000BEA2090D91E793E00021BEA207E3400F1
:10A34000117E24000590DD860BEA507E14DD8D7EA3
:10A350000400019AFC94B490DD8CF090DD8CE0AAAE
:10A3600090DD971BEA2090DD951BEA3090DD970B7E
:10A37000EA3090DDA21BEA307E18000A90D91679E7
:10A380003E00021BEA209F1190D91A793E00021B61
:10A39000EA209F1190D91E793E00021BEA207E34EC
:10A3A00000117E24001090DD950BEA507E14DD9A9A
:10A3B0007E0400019AFC94B490DD99F090DD99E060
:10A3C000AA90E1D31BEA0090E1D11BEA1090E1CF03
:10A3D0001BEA2090E1CD1BEA30740190E1D5F090AA
:10A3E000D1C57EEBA07414BCAB505290E1D30BEA04
:10A3F0003090DA421BEA3090D1C57EEB7074012CAC
:10A400007B7AEB700A277E3412004D3290E1CD0B3F
:10A41000EA2090E1CF0BEA1090E1D10BEA009AFC20
:10A420009C9390E1D5F090E1D5E0BEB001780E901C
:10A43000D1C57EEBA07E70017CBA9CB7F090E1D5CF
:10A44000E0BEB00178046D33800C90D1C5E00A2BDA
:10A450007E3412004D32AA90D3211BEA00791E00EF
:10A460000290D3207AEB5090D31FF090D31D1BEABB
:10A47000309F1190D325793E00021BEA2074019091
:10A48000D329F07E34D31D7E24000190D32A793E57
:10A4900000021BEA2090D321693E00020BEA2090C3
:10A4A000D0E2793E00021BEA2090D32A693E0002E6
:10A4B0000BEA2090D0E6793E00021BEA207E14D100
:10A4C0007F7E0400017E1800329AFC613690D3250D
:10A4D000793E00021BEA2090D325693E00020BEA78
:10A4E00020BE180000580302A56890D325693E00DD
:10A4F000020BEA2090D332793E00021BEA2090D36F
:10A500001FE00A3B90D3361BEA3090D320E00A3B91
:10A5100090D3381BEA307E18000C90D916793E0093
:10A52000021BEA207E34D17F7E24000190D91A7963
:10A530003E00021BEA2090D332693E00020BEA2063
:10A5400090D91E793E00021BEA207E3400127E2440
:10A55000000590D31D0BEA507E14D32E7E0400011B
:10A560009AFC94B490D329F090D329E0AA90DC5EB1
:10A570001BEA2090DC5DF090DC5B1BEA3090DC5E37
:10A580000BEA3090DC691BEA3090DC5DE00A3B901E
:10A59000DC6B1BEA307E18000C90D916793E000265
:10A5A0001BEA209F1190D91A793E00021BEA209FD6
:10A5B0001190D91E793E00021BEA207E3400127EE3
:10A5C00024001090DC5B0BEA507E14DC617E0400FA
:10A5D000019AFC94B490DC60F090DC60E0AA90DC1E
:10A5E000FA7AEB5090DCF9F090DCF71BEA3090DC63
:10A5F000F9E00A3B90DD041BEA3090DCFAE00A3B0C
:10A6000090DD061BEA307E18000C90D916793E00CA
:10A61000021BEA209F1190D91A793E00021BEA2002
:10A620009F1190D91E793E00021BEA207E34001251
:10A630007E24001190DCF70BEA507E14DCFC7E04D3
:10A6400000019AFC94B490DCFBF090DCFBE0AA9053
:10A65000E1DC1BEA0090E1DA1BEA1090E1D81BEA8A
:10A660002090E1D61BEA30740190E1DEF090D1C673
:10A670007EEBA07402BCAB505290E1DC0BEA309050
:10A68000DA421BEA3090D1C67EEB7074012C7B7AE3
:10A69000EB700A277E3413004D3290E1D60BEA208E
:10A6A00090E1D80BEA1090E1DA0BEA009AFC9C9357
:10A6B00090E1DEF090E1DEE0BEB001780E90D1C610
:10A6C0007EEBA07E70017CBA9CB7F090E1DEE0BE2C
:10A6D000B00178046D33800C90D1C6E00A2B7E3433
:10A6E00013004D32AA90DDA61BEA2090DDA41BEAE0
:10A6F0003090DDA60BEA3090DDB11BEA307E180009
:10A700000A90D916793E00021BEA209F1190D91AAF
:10A71000793E00021BEA209F1190D91E793E00026B
:10A720001BEA207E3400137E24000590DDA40BEA92
:10A73000507E14DDA97E0400019AFC94B490DDA83B
:10A74000F090DDA8E0AA90E1E51BEA0090E1E31BB0
:10A75000EA1090E1E11BEA2090E1DF1BEA3074018E
:10A7600090E1E7F090D1C77EEBA07401BCAB5052F2
:10A7700090E1E50BEA3090DA421BEA3090D1C77ED7
:10A78000EB7074012C7B7AEB700A277E3414004D39
:10A790003290E1DF0BEA2090E1E10BEA1090E1E377
:10A7A0000BEA009AFC9C9390E1E7F090E1E7E0BEB1
:10A7B000B001780E90D1C77EEBA07E70017CBA9C70
:10A7C000B7F090E1E7E0BEB00178046D33800C9003
:10A7D000D1C7E00A2B7E3414004D32AA90E1EE1B63
:10A7E000EA0090E1EC1BEA1090E1EA1BEA2090E11C
:10A7F000E81BEA30740190E1F0F090D1C87EEBA044
:10A80000740ABCAB505290E1EE0BEA3090DA421B76
:10A81000EA3090D1C87EEB7074012C7B7AEB700A21
:10A82000277E3415004D3290E1E80BEA2090E1EAF2
:10A830000BEA1090E1EC0BEA009AFC9C9390E1F09B
:10A84000F090E1F0E0BEB001780E90D1C87EEBA0B0
:10A850007E70017CBA9CB7F090E1F0E0BEB0017868
:10A86000046D33800C90D1C8E00A2B7E3415004D66
:10A8700032AA90DD0B7AEB5090DD0AF090DD081BD8
:10A88000EA3090DD0AE00A3B90DD151BEA3090DDEE
:10A890000BE00A3B90DD171BEA307E18000C90D9C4
:10A8A00016793E00021BEA209F1190D91A793E00CA
:10A8B000021BEA209F1190D91E793E00021BEA205C
:10A8C0007E3400157E24000590DD080BEA507E14CE
:10A8D000DD0D7E0400019AFC94B490DD0CF090DD57
:10A8E0000CE0AA90E1F71BEA0090E1F51BEA10905A
:10A8F000E1F31BEA2090E1F11BEA3090E1F70BEA6B
:10A900003090DA421BEA307E34160190E1F10BEA16
:10A910002090E1F30BEA1090E1F50BEA009AFC9C21
:10A920009390E1F9F090E1F9E0BEB00178046D3365
:10A9300080047E341601AA90DC701BEA2090DC6F44
:10A94000F090DC6D1BEA3090DC6D0BEA3090DC7B24
:10A950001BEA3090DC700BEA207C456C5590DC6F74
:10A96000E00A3B4D3290DC7D1BEA307E18000C90F3
:10A97000D916793E00021BEA209F1190D91A793E20
:10A9800000021BEA209F1190D91E793E00021BEAAB
:10A99000207E3400167E24000574017E14DC737E54
:10A9A0000400019AFC94B490DC72F090DC72E0AA8E
:10A9B00090E2001BEA0090E1FE1BEA1090E1FC1B14
:10A9C000EA2090E1FA1BEA30740190E202F090D1A3
:10A9D000C97EEBA07405BCAB505290E2000BEA308C
:10A9E00090DA421BEA3090D1C97EEB7074012C7B67
:10A9F0007AEB700A277E3417004D3290E1FA0BEAA9
:10AA00002090E1FC0BEA1090E1FE0BEA009AFC9C1E
:10AA10009390E202F090E202E0BEB001780E90D195
:10AA2000C97EEBA07E70017CBA9CB7F090E202E098
:10AA3000BEB00178046D33800C90D1C9E00A2B7E42
:10AA40003417004D32AA90DA5C1BEA2090DA581BCA
:10AA5000EA00791E000290DA57F090DA551BEA30CE
:10AA600090DA57E00A3B90DA6B1BEA3090DA5E0B23
:10AA7000EA3090DA6D1BEA306D3390DA611BEA3010
:10AA8000806890DA610BEA103E1490DA58693E0053
:10AA9000020BEA202D310B1A107E0400FF5D017CB1
:10AAA000016C1190DA610BEA103E1490DA58693E9D
:10AAB00000020BEA202D310B1A307E14FF005D13CB
:10AAC0000A124D1090DA610BEA003E0490DA5869E0
:10AAD0003E00020BEA202D301B1A1090DA610BEABF
:10AAE000207E3400012D321BEA3090DA5C0BEA2024
:10AAF00090DA610BEA30BD3240887E18000C90D9A4
:10AB000016793E00021BEA2090DA58693E00020BDB
:10AB1000EA2090D91A793E00021BEA2090DA5C0BF9
:10AB2000EA303E346D2290D91E793E00021BEA20A5
:10AB30007E3400177E24000590DA550BEA507E140F
:10AB4000DA637E0400019AFC94B490DA60F090DA43
:10AB500060E0AA90DC021BEA1090DC001BEA209067
:10AB6000DBFE1BEA3090DC000BEA3090DC0D1BEAC8
:10AB70003090DC020BEA3090DC0F1BEA307E1800CC
:10AB80000C90D916793E00021BEA209F1190D91A29
:10AB9000793E00021BEA209F1190D91E793E0002E7
:10ABA0001BEA207E3400177E24001090DBFE0BEAA7
:10ABB000507E14DC057E0400019AFC94B490DC0401
:10ABC000F090DC04E0AA90DE88F090DE861BEA308C
:10ABD00090DE88E00A3B90DE921BEA307E18000A85
:10ABE00090D916793E00021BEA209F1190D91A795C
:10ABF0003E00021BEA209F1190D91E793E00021BE5
:10AC0000EA207E3400177E24001190DE860BEA5085
:10AC10007E14DE8A7E0400019AFC94B490DE89F0F2
:10AC200090DE89E0AA90E0A81BEA307E1800089028
:10AC3000D916793E00021BEA209F1190D91A793E5D
:10AC400000021BEA209F1190D91E793E00021BEAE8
:10AC5000207E3400177E24001290E0A80BEA507E7C
:10AC600014E0AB7E0400019AFC94B490E0AAF0904A
:10AC7000E0AAE0AA90E2091BEA0090E2071BEA10B2
:10AC800090E2051BEA2090E2031BEA30740190E297
:10AC90000BF090D1CA7EEBA07405BCAB505290E291
:10ACA000090BEA3090DA421BEA3090D1CA7EEB7091
:10ACB00074012C7B7AEB700A277E3418004D329099
:10ACC000E2030BEA2090E2050BEA1090E2070BEAA0
:10ACD000009AFC9C9390E20BF090E20BE0BEB00176
:10ACE000780E90D1CA7EEBA07E70017CBA9CB7F042
:10ACF00090E20BE0BEB00178046D33800C90D1CAB5
:10AD0000E00A2B7E3418004D32AA90D6D3F090D6AC
:10AD1000CD1BEA2090D6C91BEA00791E000290D60E
:10AD2000C71BEA30E490D6D4F090D6C9693E000241
:10AD30000BEA2090D6DB793E00021BEA2090D6CFAA
:10AD40000BEA3090D6CD0BEA20AD3290D6D10BEA8B
:10AD5000107E240004BD1278067E24000280047E4A
:10AD6000240001AD326D2290D6D7793E00021BEA55
:10AD70002090D6C9693E00020BEA204D236824903A
:10AD8000D6CD0BEA206D33BD23681890D6CF0BEAE1
:10AD9000206D33BD23680C6D2290D6D10BEA30BDF7
:10ADA00032781C6D3390D6E71BEA306D3390D6E9CC
:10ADB0001BEA307E34000190D6EB1BEA30802E90E7
:10ADC000D6CD0BEA3090D6E71BEA3090D6CF0BEA0F
:10ADD0003090D6E91BEA3090D6D10BEA207C456C46
:10ADE000557E3400014D3290D6EB1BEA3090D6D31D
:10ADF000E00A3B90D6ED1BEA3090D6D7693E0002C0
:10AE00000BEA20BE180FF028067E340FF0800A905F
:10AE1000D6D7693E00020BEA2090D6D51BEA307ED9
:10AE200018001090D916793E00021BEA2090D6DB5C
:10AE3000693E00020BEA2090D91A793E00021BEA13
:10AE40002090D6D50BEA306D2290D91E793E0002B3
:10AE50001BEA207E3400187E24000590D6C70BEA3A
:10AE6000507E14D6DF7E0400019AFC94B47CAB9033
:10AE7000D6D4E02CBAF090D6D50BEA1090D6DB6988
:10AE80003E00020BEA202D31793E00021BEA2090A1
:10AE9000D6D50BEA106D0090D6D7693E00020BEABA
:10AEA000209F10793E00021BEA2090D6C9693E001F
:10AEB000020BEA204D23682490D6CD0BEA206D3397
:10AEC000BD23681890D6CF0BEA206D33BD23680CE4
:10AED0006D2290D6D10BEA30BD32781A6D3390D600
:10AEE000E71BEA306D3390D6E91BEA306D3390D61C
:10AEF000EB1BEA30802890D6CD0BEA3090D6E71BCA
:10AF0000EA3090D6CF0BEA3090D6E91BEA3090D6E3
:10AF1000D10BEA307C676C7790D6EB1BEA3090D689
:10AF2000D7693E00020BEA204D23680302ADF99079
:10AF3000D6D4E0AA90D9331BEA2090D92F1BEA007F
:10AF4000791E000290D92EF090D92C1BEA307401A2
:10AF500090D939F0E490D93AF090D92F693E0002A7
:10AF60000BEA2090D93B793E00021BEA2090D92EB3
:10AF70007EEBA0740ABCAB280302B01A90D9350B43
:10AF8000EA2090D9330BEA30AD327D233E247E3463
:10AF9000000C2D326D2290D943793E00021BEA202D
:10AFA00090D92EE00A2B7E3401004D3290D9471BF8
:10AFB000EA3090D9370BEA3090D9491BEA307E1835
:10AFC000000C90D916793E00021BEA2090D92F6917
:10AFD0003E00020BEA2090D91A793E00021BEA20BB
:10AFE00090D9350BEA2090D9330BEA30AD323E349C
:10AFF0006D2290D91E793E00021BEA207E34001893
:10B000007E24001090D92C0BEA507E14D93F7E0488
:10B0100000019AFC94B490D939F090D939E0AA9003
:10B02000D8711BEA0090D86F1BEA1090D86D1BEA0C
:10B030002090D86CF090D86A1BEA30740190D877D1
:10B04000F090D86C7EEBA07405BCAB280302B0DC9A
:10B0500090D86CE00A3B90D8801BEA3090D86D0BFA
:10B06000EA3090D8821BEA3090D86F0BEA3090D843
:10B07000841BEA3090D8710BEA3090D8861BEA30F6
:10B0800090D8730BEA3090D8881BEA3090D8750BB3
:10B09000EA3090D88A1BEA307E18001490D91679CD
:10B0A0003E00021BEA209F1190D91A793E00021B34
:10B0B000EA209F1190D91E793E00021BEA207E34BF
:10B0C00000187E24001190D86A0BEA507E14D878BC
:10B0D0007E0400019AFC94B490D877F090D877E081
:10B0E000AA90E2121BEA0090E2101BEA1090E20E16
:10B0F0001BEA2090E20C1BEA30740190E214F090FD
:10B10000D1CB7EEBA07405BCAB505290E2120BEA9F
:10B110003090DA421BEA3090D1CB7EEB7074012C78
:10B120007B7AEB700A277E3419004D3290E20C0BCB
:10B13000EA2090E20E0BEA1090E2100BEA009AFC73
:10B140009C9390E214F090E214E0BEB001780E906F
:10B15000D1CB7EEBA07E70017CBA9CB7F090E2145C
:10B16000E0BEB00178046D33800C90D1CBE00A2BA7
:10B170007E3419004D32AA90DC151BEA1090DC13C6
:10B180001BEA2090DC111BEA3090DC130BEA3090B4
:10B19000DC201BEA3090DC150BEA3090DC221BEA45
:10B1A000307E18000C90D916793E00021BEA209FD1
:10B1B0001190D91A793E00021BEA209F1190D91EE6
:10B1C000793E00021BEA207E3400197E240005909F
:10B1D000DC110BEA507E14DC187E0400019AFC940A
:10B1E000B490DC17F090DC17E0AA90E21BF090E23C
:10B1F000191BEA3090E2151BEA00791E00026D333C
:10B2000090E21C1BEA307E34139390DB911BEA30F2
:10B210007E34139190DB931BEA307E34139290DBE3
:10B22000951BEA307E34FFFF90DB971BEA307E34BB
:10B2300000016D227E146C007E0402DC9AFC8016F4
:10B240007E3400807E24000174017E1400109AFD7B
:10B25000429C7E3400457E24000174017E1400105F
:10B260009AFD429C7E3400816D2274017E1400039D
:10B270009AFD429C7E340080E49AFD3EF67E1403E3
:10B28000E890E4D1693E00020BEA209AFD9D1F7E02
:10B290001400059AFD9D169AFE35DF7E34008074F9
:10B2A000019AFD3EF67E1403E890E4D1693E000267
:10B2B0000BEA209AFD9D1F7E1400149AFD9D169A9C
:10B2C000FE35DF90E2190BEA3090E21BE09AFCA019
:10B2D000FB7E3400019AFC994C7E3400029AFC9A61
:10B2E000A074019AFC9AF690E215693E00020BEAFE
:10B2F000204D23681490E215691E00020BEA009AA3
:10B30000FC9F5290E21C1BEA3090E21C0BEA30AA30
:10B3100090E2951BEA20793E000290E295693E009A
:10B32000020BEA2090E299793E00021BEA2090E2AB
:10B3300099693E00020BEA207E2800017F019F02EE
:10B34000791E00021BEA004D2378E3AA90E50D1B4D
:10B35000EA00791E000290E50D693E00020BEA202A
:10B360004D23680474018001E47E146E927E040013
:10B37000FE7E3400439AFE2E6390E50D693E000286
:10B380000BEA200B1A3074019AFD3EF690E50D6928
:10B390003E00020BEA200B350B1A3074019AFD3E79
:10B3A000F690E50D691E00020BEA002E14000569F7
:10B3B0003000020B0A209AFCB31090E50D693E00A4
:10B3C000020BEA200B350B1A30E49AFD3EF690E5AD
:10B3D0000D691E00020BEA002E1400056930000200
:10B3E0000B0A209AFCB31090E50D693E00020BEAAF
:10B3F000200B1A30E49AFD3EF6AA90E5111BEA00F4
:10B40000791E000290E511693E00020BEA204D23EF
:10B41000680474018001E47E146E927E0400FE7E56
:10B420003400569AFE2E6390E511693E00020BEA45
:10B43000200B350B1A30E49AFD3EF690E511693E7B
:10B4400000020BEA200B1A30E49AFD3EF690E5115B
:10B45000691E00020BEA002E140005693000020B81
:10B460000A209AFCB31090E511693E00020BEA2015
:10B470000B1A3074019AFD3EF690E511691E000228
:10B480000BEA002E140005693000020B0A209AFC1A
:10B49000B31090E511693E00020BEA200B350B1A40
:10B4A0003074019AFD3EF690E511691E00020BEA28
:10B4B000002E140005693000020B0A209AFCB3101C
:10B4C000AA90E494F090E4901BEA00791E000290A8
:10B4D000E490693E00020BEA204D23680474018069
:10B4E00001E47E146E927E0400FE7E34006B9AFEB0
:10B4F0002E6390E490693E00020BEA200B1A30E4C0
:10B500009AFD3EF690E494E0BEB000681790E49097
:10B51000693E00020BEA200B350B1A3074019AFDCC
:10B520003EF6801490E490693E00020BEA200B3551
:10B530000B1A30E49AFD3EF690E490691E00020B6F
:10B54000EA002E140005693000020B0A209AFCB3B1
:10B550001090E490693E00020BEA200B1A3074014F
:10B560009AFD3EF690E490691E00020BEA002E144C
:10B570000005693000020B0A209AFCB31090E49099
:10B58000693E00020BEA200B1A30E49AFD3EF69069
:10B59000E490693E00020BEA200B350B1A3074016F
:10B5A0009AFD3EF6AA90E4951BEA00791E0002E49B
:10B5B00090E499F090E495693E00020BEA204D2357
:10B5C000680474018001E47E146E927E0400FE7EA5
:10B5D0003400889AFE2E6390E495693E00020BEADF
:10B5E000200B1A30E49AFD3EF690E495693E000285
:10B5F0000BEA200B350B1A3074019AFD3EF690E4ED
:10B6000095691E00020BEA002E1400056930000245
:10B610000B0A209AFCB31090E495693E00020BEAF5
:10B62000200B1A3074019AFD3EF690E495691E00D5
:10B63000020BEA002E140005693000020B0A209A62
:10B64000FCB31090E495693E00020BEA200B350B29
:10B650001A309AFD3CF9BEB0006806740190E49976
:10B66000F090E495693E00020BEA200B1A30E49A50
:10B67000FD3EF690E495691E00020BEA002E1400D0
:10B6800005693000020B0A209AFCB31090E499E09F
:10B69000AA90E3BBF090E3B71BEA00791E000274A6
:10B6A0008090E3BCF090E3B7693E00020BEA204DC6
:10B6B00023680474018001E47E146E927E0400FE0F
:10B6C0007E3400AC9AFE2E6302B76890E3BCE09033
:10B6D000E3BB7EEB705C7B0A276D33BD236817905C
:10B6E000E3B7693E00020BEA200B350B1A307401F8
:10B6F0009AFD3EF6801490E3B7693E00020BEA2003
:10B700000B350B1A30E49AFD3EF690E3BCE01EB018
:10B71000F090E3B7691E00020BEA002E14000569E1
:10B720003000020B0A209AFCB31090E3B7693E0088
:10B73000020BEA200B1A3074019AFD3EF690E3B733
:10B74000691E00020BEA002E140005693000020B8E
:10B750000A209AFCB31090E3B7693E00020BEA207E
:10B760000B1A30E49AFD3EF690E3BCE0BEB00068F0
:10B770000302B6CB90E3B7691E00020BEA009AFC05
:10B78000B5A5BEB0017803E480027401AA90E3502D
:10B79000F090E34C1BEA00791E0002E490E351F0C4
:10B7A000740890E352F090E34C693E00020BEA20EB
:10B7B0004D23680474018001E47E146E927E0400BF
:10B7C000FE7E3400C79AFE2E6390E34C693E000271
:10B7D0000BEA200B1A30E49AFD3EF690E34C691E0A
:10B7E00000020BEA002E140005693000020B0A204B
:10B7F0009AFCB31090E34C693E00020BEA200B3533
:10B800000B1A3074019AFD3EF6807890E34C693E45
:10B8100000020BEA200B1A30E49AFD3EF690E34C4E
:10B82000691E00020BEA002E140005693000020BAD
:10B830000A209AFCB31090E34C693E00020BEA2008
:10B840000B1A3074019AFD3EF690E34C691E00021B
:10B850000BEA002E140005693000020B0A209AFC46
:10B86000B31090E34C693E00020BEA200B350B1A33
:10B87000309AFD3CF97CAB90E351E03EB04CBA907D
:10B88000E351F090E3527EEBA07E70017CBA9CB74E
:10B89000F0BEA000680302B80B90E34C693E0002C2
:10B8A0000BEA200B1A30E49AFD3EF690E34C691E39
:10B8B00000020BEA002E140005693000020B0A207A
:10B8C0009AFCB31090E34C691E00020BEA0090E36F
:10B8D00050E09AFCB4C190E351E0AA90E49EF0904D
:10B8E000E49A1BEA00791E000290E49A693E000285
:10B8F0000BEA204D23680474018001E47E146E92EB
:10B900007E0400FE7E3400EA9AFE2E6390E49A697B
:10B910001E00020BEA009AFCB34C90E49A691E00E8
:10B92000020BEA0090E49A693E00020BEA200B3613
:10B930007E1BB03EB09AFCB69190E49A691E00025C
:10B940000BEA0090E49EE09AFCB69190E49A691E9E
:10B9500000020BEA009AFCB3FAAA90DF1A1BEA2055
:10B96000793E000290DF161BEA00791E000290DF8C
:10B9700016693E00020BEA204D2368047401800121
:10B98000E47E146E927E0400FE7E3400FC9AFE2E4D
:10B990006390DF1A693E00020BEA204D23680474AD
:10B9A000018001E47E146E927E0400FE7E3400FD70
:10B9B0009AFE2E6390DF16691E00020BEA009AFCC5
:10B9C000B34C90DF16691E00020BEA0090DF166987
:10B9D0003E00020BEA200B367E1BB03EB09AFCB64E
:10B9E00091802490DF16691E00020BEA0090DF1A96
:10B9F000693E00020BEA207E1BB00B34793E000248
:10BA00001BEA209AFCB69190DF1E693E00020BEA09
:10BA1000207E2800017F019F02791E00021BEA00A0
:10BA20004D2378BF90DF16691E00020BEA009AFCD6
:10BA3000B3FAAA90E3C11BEA3090E3BD1BEA007998
:10BA40001E000290E3BD693E00020BEA204D236810
:10BA50000474018001E47E146E927E0400FE7E3444
:10BA600001119AFE2E6390E3BD691E00020BEA00ED
:10BA70009AFCB34C90E3BD691E00020BEA0090E310
:10BA8000BD693E00020BEA200B367E1BB03EB09A29
:10BA9000FCB69190E3BD691E00020BEA0090E3C181
:10BAA0000BEA207E34FF005D327D530A5A9AFCB6C1
:10BAB0009190E3BD691E00020BEA0090E3C10BEA1E
:10BAC000407E5400FF5D549AFCB69190E3BD691E20
:10BAD00000020BEA009AFCB3FAAA90DF261BEA20C8
:10BAE000793E000290DF221BEA00791E000290DFFF
:10BAF00022693E00020BEA204D2368047401800194
:10BB0000E47E146E927E0400FE7E3401249AFE2EA2
:10BB10006390DF26693E00020BEA204D236804741F
:10BB2000018001E47E146E927E0400FE7E340125C5
:10BB30009AFE2E6390DF22691E00020BEA009AFC37
:10BB4000B34C90DF22691E00020BEA0090DF2269ED
:10BB50003E00020BEA200B367E1BB03EB09AFCB6CC
:10BB600091804F90DF22691E00020BEA0090DF26D1
:10BB7000693E00020BEA200B1A207E34FF005D3282
:10BB80007D530A5A9AFCB69190DF22691E00020B7F
:10BB9000EA0090DF26693E00020BEA200B1A400BF8
:10BBA00035793E00021BEA207E5400FF5D549AFC6A
:10BBB000B69190DF2A693E00020BEA207E28000140
:10BBC0007F019F02791E00021BEA004D23789490AA
:10BBD000DF22691E00020BEA009AFCB3FAAA90E386
:10BBE000C87AEB7090E3C7F090E3C31BEA00791EBC
:10BBF000000290E3C3693E00020BEA204D23680473
:10BC000074018001E47E146E927E0400FE7E340195
:10BC10003B9AFE2E6390E3C3691E00020BEA009A72
:10BC2000FCB34C90E3C3691E00020BEA0090E3C32F
:10BC3000693E00020BEA200B367E1BB03EB09AFC38
:10BC4000B69190E3C3691E00020BEA0090E3C7E0DF
:10BC50009AFCB69190E3C3691E00020BEA0090E3E0
:10BC6000C8E09AFCB69190E3C3691E00020BEA009B
:10BC70009AFCB3FAAA90DEA61BEA20793E00029055
:10BC8000DEA5F090DEA11BEA00791E000290DEA185
:10BC9000693E00020BEA204D23680474018001E430
:10BCA0007E146E927E0400FE7E34014F9AFE2E6357
:10BCB00090DEA6693E00020BEA204D236804740161
:10BCC0008001E47E146E927E0400FE7E3401509A60
:10BCD000FE2E6390DEA1691E00020BEA009AFCB3FF
:10BCE0004C90DEA1691E00020BEA0090DEA1693EC5
:10BCF00000020BEA200B367E1BB03EB09AFCB691D8
:10BD000090DEA1691E00020BEA0090DEA5E09AFC1D
:10BD1000B691802490DEA1691E00020BEA0090DE3D
:10BD2000A6693E00020BEA207E1BB00B34793E0070
:10BD3000021BEA209AFCB69190DEAA693E00020B33
:10BD4000EA207E2800017F019F02791E00021BEA83
:10BD5000004D2378BF90DEA1691E00020BEA009A15
:10BD6000FCB3FAAA90E2A31BEA2090E2A11BEA30FE
:10BD700090E29D1BEA00791E000290E29D693E0060
:10BD8000020BEA204D23680474018001E47E146EE6
:10BD9000927E0400FE7E3401669AFE2E6390E29D40
:10BDA000691E00020BEA009AFCB34C90E29D691EEA
:10BDB00000020BEA0090E29D693E00020BEA200BB4
:10BDC000367E1BB03EB09AFCB69190E29D691E0093
:10BDD000020BEA0090E2A10BEA207E34FF005D3204
:10BDE0007D530A5A9AFCB69190E29D691E00020B9F
:10BDF000EA0090E2A10BEA407E5400FF5D549AFCF9
:10BE0000B69190E29D691E00020BEA0090E2A30B3E
:10BE1000EA207E34FF005D327D530A5A9AFCB691C7
:10BE200090E29D691E00020BEA0090E2A30BEA403B
:10BE30007E5400FF5D549AFCB69190E29D691E000D
:10BE4000020BEA009AFCB3FAAA90DDFE1BEA3090DE
:10BE5000DDFA1BEA00791E000290DDFA693E00025D
:10BE60000BEA204D23680474018001E47E146E9275
:10BE70007E0400FE7E34017C9AFE2E6390DE006913
:10BE80003E00020BEA204D23680474018001E47E29
:10BE9000146E927E0400FE7E34017D9AFE2E639025
:10BEA000DDFA691E00020BEA009AFCB34C90DDFA41
:10BEB000691E00020BEA0090DDFA693E00020BEAFF
:10BEC000200B367E1BB03EB09AFCB69190DDFA692D
:10BED0001E00020BEA0090DDFE0BEA207E34FF001C
:10BEE0005D327D530A5A9AFCB69190DDFA691E00C4
:10BEF000020BEA0090DDFE0BEA407E5400FF5D5429
:10BF00009AFCB691804F90DDFA691E00020BEA00A0
:10BF100090DE00693E00020BEA200B1A207E34FFFF
:10BF2000005D327D530A5A9AFCB69190DDFA691E83
:10BF300000020BEA0090DE00693E00020BEA200BD3
:10BF40001A400B35793E00021BEA207E5400FF5D4B
:10BF5000549AFCB69190DE04693E00020BEA207E02
:10BF60002800017F019F02791E00021BEA004D2379
:10BF7000789490DDFA691E00020BEA009AFCB3FA8D
:10BF8000AA90E49F1BEA00791E0002E490E4A3F06B
:10BF900090E49F693E00020BEA204D23680474017F
:10BFA0008001E47E146E927E0400FE7E3401949A39
:10BFB000FE2E6390E49F691E00020BEA009AFCB318
:10BFC0004C90E49F691E00020BEA0090E49F693EDA
:10BFD00000020BEA200B367E1BA03EA074014CBA77
:10BFE0009AFCB69190E49F691E00020BEA0074016E
:10BFF0009AFCB78D90E4A3F090E49F691E00020BB9
:10C00000EA009AFCB3FA90E4A3E0AA90DF321BEABC
:10C0100020793E000290DF2E1BEA00791E0002907C
:10C02000DF2E693E00020BEA204D23680474018074
:10C0300001E47E146E927E0400FE7E3401A89AFE16
:10C040002E6390DF32693E00020BEA204D23680424
:10C0500074018001E47E146E927E0400FE7E340141
:10C06000A99AFE2E6390DF2E691E00020BEA009A49
:10C07000FCB34C90DF2E691E00020BEA0090DF2E0D
:10C08000693E00020BEA200B367E1BA03EA0740125
:10C090004CBA9AFCB691804490DF2E691E00020BC8
:10C0A000EA0090DF36693E00020BEA204D23780457
:10C0B00074018001E49AFCB78D90DF32693E000282
:10C0C0000BEA207A1BB090DF32693E00020BEA20B7
:10C0D0000B3490DF32793E00021BEA2090DF366994
:10C0E0003E00020BEA207E2800017F019F02791E9C
:10C0F00000021BEA004D23789F90DF2E691E00028C
:10C100000BEA009AFCB3FAAA90E3C91BEA00791E75
:10C1100000026D3390E3CD1BEA3090E3C9693E0025
:10C12000020BEA204D23680474018001E47E146E42
:10C13000927E0400FE7E3401BE9AFE2E6390E3C917
:10C14000691E00020BEA009AFCB34C90E3C9691E19
:10C1500000020BEA0090E3C9693E00020BEA200BE3
:10C16000367E1BA03EA074014CBA9AFCB69190E3B7
:10C17000C9691E00020BEA00E49AFCB78D0A3B90E5
:10C18000E3CD1BEA3090E3C9691E00020BEA00749C
:10C19000019AFCB78D0A2B90E3CD0BEA307C676CDB
:10C1A000774D3290E3CD1BEA3090E3C9691E00025F
:10C1B0000BEA009AFCB3FA90E3CD0BEA30AA90DFC9
:10C1C0003E1BEA20793E000290DF3A1BEA00791E0E
:10C1D000000290DF3A693E00020BEA204D2368041A
:10C1E00074018001E47E146E927E0400FE7E3401B0
:10C1F000D29AFE2E6390DF3E693E00020BEA204D8C
:10C2000023680474018001E47E146E927E0400FEB3
:10C210007E3401D39AFE2E6390DF3A691E00020B32
:10C22000EA009AFCB34C90DF3A691E00020BEA0068
:10C2300090DF3A693E00020BEA200B367E1BA03EDF
:10C24000A074014CBA9AFCB691807490DF3A691ED2
:10C2500000020BEA00E49AFCB78D0A1B90DF3E69EE
:10C260003E00020BEA201B1A1090DF3A691E000202
:10C270000BEA0090DF42693E00020BEA204D237872
:10C280000474018001E49AFCB78D0A0B90DF3E69CB
:10C290003E00020BEA200B1A107C236C334D1090E9
:10C2A000DF3E693E00020BEA201B1A1090DF3E6958
:10C2B0003E00020BEA200B35793E00021BEA20907B
:10C2C000DF42693E00020BEA207E2800017F019FC9
:10C2D00002791E00021BEA004D23680302C24B9044
:10C2E000DF3A691E00020BEA009AFCB3FAAA90E357
:10C2F000D3F090E3CF1BEA00791E0002E490E3D470
:10C30000F090E3CF693E00020BEA204D23680474ED
:10C31000018001E47E146E927E0400FE7E3401EA08
:10C320009AFE2E6390E3CF691E00020BEA009AFC8E
:10C33000B34C90E3CF691E00020BEA0090E3CF6993
:10C340003E00020BEA200B367E1BB03EB09AFCB6D4
:10C350009190E3CF691E00020BEA0090E3D3E09ACC
:10C36000FCB69190E3CF691E00020BEA009AFCB381
:10C370004C90E3CF691E00020BEA0090E3CF693EC8
:10C3800000020BEA200B367E1BA03EA074014CBAC3
:10C390009AFCB69190E3CF691E00020BEA0074018B
:10C3A0009AFCB78D90E3D4F090E3CF691E00020BA6
:10C3B000EA009AFCB3FA90E3D4E0AA90DEB31BEA59
:10C3C00020793E000290DEB2F090DEAE1BEA0079EA
:10C3D0001E000290DEAE693E00020BEA204D23688B
:10C3E0000474018001E47E146E927E0400FE7E34AB
:10C3F00002019AFE2E6390DEB3693E00020BEA2032
:10C400004D23680474018001E47E146E927E040062
:10C41000FE7E3402029AFE2E6390DEAE691E00029A
:10C420000BEA009AFCB34C90DEAE691E00020BEAE8
:10C430000090DEAE693E00020BEA200B367E1BB098
:10C440003EB09AFCB69190DEAE691E00020BEA0087
:10C4500090DEB2E09AFCB69190DEAE691E00020B4F
:10C46000EA009AFCB34C90DEAE691E00020BEA00B3
:10C4700090DEAE693E00020BEA200B367E1BA03E2A
:10C48000A074014CBA9AFCB691804490DEAE691E4D
:10C4900000020BEA0090DEB7693E00020BEA204D75
:10C4A00023780474018001E49AFCB78D90DEB369AF
:10C4B0003E00020BEA207A1BB090DEB3693E000218
:10C4C0000BEA200B3490DEB3793E00021BEA209089
:10C4D000DEB7693E00020BEA207E2800017F019F43
:10C4E00002791E00021BEA004D23789F90DEAE69A0
:10C4F0001E00020BEA009AFCB3FAAA90E2A91BEA1A
:10C500003090E2A51BEA00791E00026D3390E2AB89
:10C510001BEA3090E2A5693E00020BEA204D236839
:10C520000474018001E47E146E927E0400FE7E3469
:10C53000021A9AFE2E6390E2A5691E00020BEA0021
:10C540009AFCB34C90E2A5691E00020BEA0090E24F
:10C55000A5693E00020BEA200B367E1BB03EB09A66
:10C56000FCB69190E2A5691E00020BEA0090E2A9D8
:10C570000BEA207E34FF005D327D530A5A9AFCB6E6
:10C580009190E2A5691E00020BEA0090E2A90BEA75
:10C59000407E5400FF5D549AFCB69190E2A5691E5E
:10C5A00000020BEA009AFCB34C90E2A5691E00025F
:10C5B0000BEA0090E2A5693E00020BEA200B367EF2
:10C5C0001BA03EA074014CBA9AFCB69190E2A569FA
:10C5D0001E00020BEA00E49AFCB78D0A3B90E2AB26
:10C5E0001BEA3090E2A5691E00020BEA0074019A72
:10C5F000FCB78D0A2B90E2AB0BEA307C676C774D71
:10C600003290E2AB1BEA3090E2A5691E00020BEA11
:10C61000009AFCB3FA90E2AB0BEA30AA90DE0C1B56
:10C62000EA3090DE081BEA00791E000290DE0869FD
:10C630003E00020BEA204D23680474018001E47E71
:10C64000146E927E0400FE7E3402339AFE2E6390B6
:10C65000DE0E693E00020BEA204D2368047401805F
:10C6600001E47E146E927E0400FE7E3402349AFE53
:10C670002E6390DE08691E00020BEA009AFCB34CA0
:10C6800090DE08691E00020BEA0090DE08693E0099
:10C69000020BEA200B367E1BB03EB09AFCB691909E
:10C6A000DE08691E00020BEA0090DE0C0BEA207E19
:10C6B00034FF005D327D530A5A9AFCB69190DE0831
:10C6C000691E00020BEA0090DE0C0BEA407E54006B
:10C6D000FF5D549AFCB69190DE08691E00020BEAD9
:10C6E000009AFCB34C90DE08691E00020BEA009031
:10C6F000DE08693E00020BEA200B367E1BA03EA03E
:10C7000074014CBA9AFCB691807490DE08691E00E0
:10C71000020BEA00E49AFCB78D0A1B90DE0E693E1C
:10C7200000020BEA201B1A1090DE08691E00020BA3
:10C73000EA0090DE12693E00020BEA204D237804E5
:10C7400074018001E49AFCB78D0A0B90DE0E693EFD
:10C7500000020BEA200B1A107C236C334D1090DE84
:10C760000E693E00020BEA201B1A1090DE0E693E95
:10C7700000020BEA200B35793E00021BEA2090DE16
:10C7800012693E00020BEA207E2800017F019F0211
:10C79000791E00021BEA004D23680302C70A90DEDF
:10C7A00008691E00020BEA009AFCB3FAAA90DB6546
:10C7B0001BEA20793E000290DB611BEA00791E0033
:10C7C0000290DB61693E00020BEA204D236804748D
:10C7D000018001E47E146E927E0400FE7E340251DC
:10C7E0009AFE2E6390DB65693E00020BEA204D2322
:10C7F000680474018001E47E146E927E0400FE7E63
:10C800003402529AFE2E6390DB6D693E00020BEA01
:10C81000204D23680474018001E47E146E927E042E
:10C8200000FE7E3402539AFE2E6390DB61691E0087
:10C83000020BEA009AFCB34C90DB61691E00020B0C
:10C84000EA0090DB61693E00020BEA200B367E1B9A
:10C85000B03EB09AFCB691802490DB61691E000264
:10C860000BEA0090DB65693E00020BEA207E1BB0FC
:10C870000B34793E00021BEA209AFCB69190DB69EA
:10C88000693E00020BEA207E2800017F019F0279A9
:10C890001E00021BEA004D2378BF90DB71693E0049
:10C8A000020BEA204D23780302C93F90DB61691E29
:10C8B00000020BEA009AFCB34C90DB61691E000297
:10C8C0000BEA0090DB61693E00020BEA200B367E2A
:10C8D0001BA03EA074014CBA9AFCB691804490DB38
:10C8E00061691E00020BEA0090DB71693E00020BD9
:10C8F000EA204D23780474018001E49AFCB78D90FE
:10C90000DB6D693E00020BEA207A1BB090DB6D699B
:10C910003E00020BEA200B3490DB6D793E00021BD7
:10C92000EA2090DB71693E00020BEA207E280001BC
:10C930007F019F02791E00021BEA004D23789F9021
:10C94000DB61691E00020BEA009AFCB3FAAA90DBD5
:10C95000791BEA20793E000290DB751BEA00791E04
:10C96000000290DB75693E00020BEA204D2368044B
:10C9700074018001E47E146E927E0400FE7E340217
:10C98000749AFE2E6390DB79693E00020BEA204D1B
:10C9900023680474018001E47E146E927E0400FE1C
:10C9A0007E3402759AFE2E6390DB81693E00020B95
:10C9B000EA204D23680474018001E47E146E927EA7
:10C9C0000400FE7E3402769AFE2E6390DB75691EAB
:10C9D00000020BEA009AFCB34C90DB75691E000262
:10C9E0000BEA0090DB75693E00020BEA200B367EF5
:10C9F0001BB03EB09AFCB691804F90DB75691E006B
:10CA0000020BEA0090DB79693E00020BEA200B1A68
:10CA1000207E34FF005D327D530A5A9AFCB6919015
:10CA2000DB75691E00020BEA0090DB79693E0002AB
:10CA30000BEA200B1A400B35793E00021BEA207EE0
:10CA40005400FF5D549AFCB69190DB7D693E000274
:10CA50000BEA207E2800017F019F02791E00021B45
:10CA6000EA004D23789490DB85693E00020BEA20B2
:10CA70004D23780302CB3E90DB75691E00020BEA62
:10CA8000009AFCB34C90DB75691E00020BEA009023
:10CA9000DB75693E00020BEA200B367E1BA03EA030
:10CAA00074014CBA9AFCB691807490DB75691E00D3
:10CAB000020BEA00E49AFCB78D0A1B90DB81693E09
:10CAC00000020BEA201B1A1090DB75691E00020B96
:10CAD000EA0090DB85693E00020BEA204D237804D2
:10CAE00074018001E49AFCB78D0A0B90DB81693EEA
:10CAF00000020BEA200B1A107C236C334D1090DBE4
:10CB000081693E00020BEA201B1A1090DB81693E0E
:10CB100000020BEA200B35793E00021BEA2090DB75
:10CB200085693E00020BEA207E2800017F019F02FA
:10CB3000791E00021BEA004D23680302CAAA90DB9B
:10CB400075691E00020BEA009AFCB3FAAA90E3DAB8
:10CB50007AEB7090E3D9F090E3D51BEA00791E00E0
:10CB60000290E3D5693E00020BEA204D236804746D
:10CB7000018001E47E146E927E0400FE7E340297F2
:10CB80009AFE2E6390E3D5691E00020BEA009AFC20
:10CB9000B34C90E3D5691E00020BEA0090E3D5691F
:10CBA0003E00020BEA200B367E1BB03EB09AFCB66C
:10CBB0009190E3D5691E00020BEA0090E3D9E09A58
:10CBC000FCB69190E3D5691E00020BEA0090E3DA0F
:10CBD000E09AFCB69190E3D5691E00020BEA009A38
:10CBE000FCB3FAAA90E3DFF090E3DB1BEA00791EC6
:10CBF0000002E490E3E0F090E3DB693E00020BEA20
:10CC0000204D23680474018001E47E146E927E043A
:10CC100000FE7E3402AA9AFE2E6390E3DB691E00BA
:10CC2000020BEA009AFCB34C90E3DB691E00020B96
:10CC3000EA0090E3DB693E00020BEA200B367E1B24
:10CC4000B03EB09AFCB69190E3DB691E00020BEA9D
:10CC50000090E3DFE09AFCB69190E3DB691E0002EE
:10CC60000BEA009AFCB3FA90E3DB691E00020BEAC0
:10CC7000009AFCB34C90E3DB691E00020BEA0090C3
:10CC8000E3DB693E00020BEA200B367E1BA03EA0D0
:10CC900074014CBA9AFCB69190E3DB691E00020B5A
:10CCA000EA0074019AFCB78D90E3E0F090E3DB6951
:10CCB0001E00020BEA009AFCB3FA90E3E0E0AA90AF
:10CCC000DEC01BEA20793E000290DEBFF090DEBBA2
:10CCD0001BEA00791E000290DEBB693E00020BEAEF
:10CCE000204D23680474018001E47E146E927E045A
:10CCF00000FE7E3402C49AFE2E6390DEC60BEA204C
:10CD000090DEC40BEA30BD32680474018001E47E19
:10CD1000146E927E0400FE7E3402C59AFE2E63904D
:10CD2000DEC40BEA1090DEBB693E00020BEA201B5A
:10CD30001A1090DEC60BEA1090DEBB693E00020BB3
:10CD4000EA200B351B1A1090DEBFE090DEBB693E77
:10CD500000020BEA200B367A1BB090DEC0691E0081
:10CD6000020BEA0090DEBB693E00020BEA202E3483
:10CD70000005791100021B1A0090DEC40BEA307E18
:10CD800024000174017E1400119AFD429C90DEC6BD
:10CD90000BEA307E24000174017E1400119AFD42DA
:10CDA0009CAA90D2691BEA2090D2651BEA00791EEA
:10CDB000000290D2631BEA307E346D267E2400FE92
:10CDC0007E14D26B7E04000174409AFD9DA86D33E1
:10CDD00090D2AB1BEA3002D18290D2690BEA207E5E
:10CDE000340040BD2328067E340040800690D2697E
:10CDF0000BEA3090D2AB1BEA3090D2AB0BEA30CAD0
:10CE00003990D265693E00020BEA207E14D26B7E17
:10CE10000400019AFE3AD11BFD90D2AB0BEA2090A0
:10CE2000D2690BEA309D321BEA3090D2AB0BEA108C
:10CE300090D265693E00020BEA202D31793E000256
:10CE40001BEA206CAA6D2290D2630BEA30BD3248F7
:10CE50002B90D2630BEA207E340003BD23181D9073
:10CE6000D2630BEA101A021A0074042F001478FB24
:10CE70007E34FA307E24007E2F10801C90D2630B0B
:10CE8000EA301A261A247E1400309AFD9D167E146C
:10CE9000F6907E04007E2F107A1BA06CAA6D229063
:10CEA000D2630BEA30BD32482B90D2630BEA207E6E
:10CEB000340003BD23181D90D2630BEA101A021A26
:10CEC0000074042F001478FB7E34FA327E24007E36
:10CED0002F10801C90D2630BEA301A261A247E147D
:10CEE00000309AFD9D167E14F6927E04007E2F106F
:10CEF0007A1BA090D2AB0BEA507E4400019D547C7B
:10CF0000AB6D2290D2630BEA30BD32482B90D263D6
:10CF10000BEA207E340003BD23181D90D2630BEA78
:10CF2000101A021A0074042F001478FB7E34FA33AE
:10CF30007E24007E2F10801C90D2630BEA301A26CC
:10CF40001A247E1400309AFD9D167E14F6957E04F8
:10CF5000007E2F107A1BA090D2AB0BEA307E24000B
:10CF6000019D327D530A5A6D2290D2630BEA30BD87
:10CF700032482A90D2630BEA207E340003BD231886
:10CF80001C90D2630BEA301A261A247F012F002F3F
:10CF9000007E34FA887E24007E2F10801C90D2639D
:10CFA0000BEA301A261A247E1400309AFD9D167E54
:10CFB00014F6947E04007E2F107A1BB07E34D26B60
:10CFC0007D530A5A7CAB6D2290D2630BEA30BD329E
:10CFD000482B90D2630BEA207E340003BD23181D3A
:10CFE00090D2630BEA101A021A0074042F0014780E
:10CFF000FB7E34FA357E24007E2F10801C90D26395
:10D000000BEA301A261A247E1400309AFD9D167EF3
:10D0100014F6987E04007E2F107A1BA07E54D26BEB
:10D020007CAB6D2290D2630BEA30BD32482B90D29C
:10D03000630BEA207E340003BD23181D90D2630BDE
:10D04000EA101A021A0074042F001478FB7E34FAD6
:10D05000367E24007E2F10801C90D2630BEA301A9B
:10D06000261A247E1400309AFD9D167E14F6997EB1
:10D0700004007E2F107A1BA07EA0C06D2290D26388
:10D080000BEA30BD32482B90D2630BEA207E34008D
:10D0900003BD23181D90D2630BEA101A021A007404
:10D0A000042F001478FB7E34FA317E24007E2F108A
:10D0B000801C90D2630BEA301A261A247E140030AA
:10D0C0009AFD9D167E14F6917E04007E2F107A1B29
:10D0D000A06D2290D2630BEA30BD32482B90D26310
:10D0E0000BEA207E340003BD23181D90D2630BEAA7
:10D0F000101A021A0074042F001478FB7E34FA32DE
:10D100007E24007E2F10801C90D2630BEA301A26FA
:10D110001A247E1400309AFD9D167E14F6927E0429
:10D12000007E2F107E1BB030E0A76CAA6D2290D23B
:10D13000630BEA30BD32482B90D2630BEA207E3479
:10D140000003BD23181D90D2630BEA101A021A00C7
:10D1500074042F001478FB7E34FA317E24007E2F75
:10D1600010801C90D2630BEA301A261A247E140019
:10D17000309AFD9D167E14F6917E04007E2F107A63
:10D180001BA090D2690BEA206D33BD23680302CD4A
:10D19000D9AA90E2AF1BEA00791E000290E2AD1B13
:10D1A000EA3090E2AF691E00020BEA009AFDFFE34D
:10D1B00090E2B31BEA3090E2AD0BEA3090E2AF6947
:10D1C0001E00020BEA0090E2B30BEA209AFCCDA20B
:10D1D000AA90E5A1F090E59F1BEA3090E59F0BEA4D
:10D1E000307E14E5A17E0400017E2400019AFCCD6E
:10D1F000A2AA90E5CC1BEA306CAA6D2290E5CC0B7C
:10D20000EA30BD32482B90E5CC0BEA207E34000397
:10D21000BD23181D90E5CC0BEA101A021A00740405
:10D220002F001478FB7E34FA3B7E24007E2F108082
:10D230001C90E5CC0BEA301A261A247E1400309A92
:10D24000FD9D167E14F6A57E04007E2F107A1BA08D
:10D25000E46D2290E5CC0BEA30BD32482A90E5CC53
:10D260000BEA207E340003BD23181C90E5CC0BEAAA
:10D27000301A261A247F012F002F007E34FA8A7E6E
:10D2800024007E2F10801C90E5CC0BEA301A261A61
:10D29000247E1400309AFD9D167E14F6A47E0400B0
:10D2A0007E2F107A1BB090E5CC0BEA407E54D69FBF
:10D2B0002D547CAB6D2290E5CC0BEA30BD32482B6F
:10D2C00090E5CC0BEA207E340003BD23181D90E5C9
:10D2D000CC0BEA101A021A0074042F001478FB7E9B
:10D2E00034FA3E7E24007E2F10801C90E5CC0BEAA1
:10D2F000301A261A247E1400309AFD9D167E14F6EC
:10D30000A97E04007E2F107A1BA090E5CC0BEA20AA
:10D310007E34D69F2D327D530A5A7CAB6D2290E528
:10D32000CC0BEA30BD32482B90E5CC0BEA207E34A2
:10D330000003BD23181D90E5CC0BEA101A021A0059
:10D3400074042F001478FB7E34FA3D7E24007E2F77
:10D3500010801C90E5CC0BEA301A261A247E1400AB
:10D36000309AFD9D167E14F6A87E04007E2F107A5A
:10D370001BA07EA0A16D2290E5CC0BEA30BD324807
:10D380002B90E5CC0BEA207E340003BD23181D90C2
:10D39000E5CC0BEA101A021A0074042F001478FB73
:10D3A0007E34FA397E24007E2F10801C90E5CC0B51
:10D3B000EA301A261A247E1400309AFD9D167E1437
:10D3C000F6A17E04007E2F107A1BA0AA90E3561BC4
:10D3D000EA00791E000290E355F090E3531BEA3017
:10D3E00090E355E0BEB00068607EA0806D2290E3BF
:10D3F000530BEA30BD32482B90E3530BEA207E34C6
:10D400000003BD23181D90E3530BEA301A261A249B
:10D4100074042F111478FB7E14FA387E04007E2FDA
:10D4200001801C90E3530BEA301A261A247E140064
:10D43000309AFD9D167E14F6A07E04007E2F017E9C
:10D440000B704C7A7A0B70805E7EA07F6D2290E329
:10D45000530BEA30BD32482B90E3530BEA207E3465
:10D460000003BD23181D90E3530BEA301A261A243B
:10D4700074042F111478FB7E14FA387E04007E2F7A
:10D4800001801C90E3530BEA301A261A247E140004
:10D49000309AFD9D167E14F6A07E04007E2F017E3C
:10D4A0000B705C7A7A0B7090E356691E00020BEAEF
:10D4B0000090E3530BEA203E243E247E34D6A72D71
:10D4C000327A71827A6183791E00021BEA00AA9087
:10D4D000E5A21BEA306D2290E5A20BEA30BD32488E
:10D4E0002B90E5A20BEA207E340003BD23181D908B
:10D4F000E5A20BEA101A021A0074042F001478FB3C
:10D500007E34FA3A7E24007E2F10801C90E5A20B18
:10D51000EA301A261A247E1400309AFD9D167E14D5
:10D52000F6A27E04007E2F107E1BA074035CBABEA0
:10D53000B00068A190E5A20BEA207E34D69F2D3280
:10D540007A71827A6183E090E5A4F06CAA6D2290F2
:10D55000E5A20BEA30BD32482B90E5A20BEA207E13
:10D56000340003BD23181D90E5A20BEA101A021A1D
:10D570000074042F001478FB7E34FA3A7E24007E77
:10D580002F10801C90E5A20BEA301A261A247E1474
:10D5900000309AFD9D167E14F6A27E04007E2F10A8
:10D5A0007A1BA090E5A20BEA309AFCD1F290E5A498
:10D5B000E0AA90E35C1BEA00791E000290E35A1B8C
:10D5C000EA30E490E360F090E35A0BEA207E34D630
:10D5D0009F2D327A71827A6183E090E35C693E002C
:10D5E000020BEA207A1BB06D2290E35A0BEA30BDA1
:10D5F00032482B90E35A0BEA207E340003BD2318F7
:10D600001D90E35A0BEA101A021A0074042F00143A
:10D6100078FB7E34FA3A7E24007E2F10801C90E343
:10D620005A0BEA301A261A247E1400309AFD9D16F1
:10D630007E14F6A27E04007E2F107E1BA074035C75
:10D64000BABEB0006866740190E360F07EA0FC6D25
:10D650002290E35A0BEA30BD32482B90E35A0BEA92
:10D66000207E340003BD23181D90E35A0BEA301AC4
:10D67000261A2474042F111478FB7E14FA3A7E04BF
:10D68000007E2F01801C90E35A0BEA301A261A24E0
:10D690007E1400309AFD9D167E14F6A27E04007E54
:10D6A0002F017E0B705C7A7A0B708005E490E3604A
:10D6B000F090E35A0BEA309AFCD1F290E360E0AAD2
:10D6C00090E5CE1BEA306CAA6D2290E5CE0BEA30D5
:10D6D000BD32482B90E5CE0BEA207E340003BD23FB
:10D6E000181D90E5CE0BEA101A021A0074042F00E0
:10D6F0001478FB7E34FA307E24007E2F10801C903C
:10D70000E5CE0BEA301A261A247E1400309AFD9DCD
:10D71000167E14F6907E04007E2F107A1BA06CAA51
:10D720006D2290E5CE0BEA30BD32482B90E5CE0B52
:10D73000EA207E340003BD23181D90E5CE0BEA10CD
:10D740001A021A0074042F001478FB7E34FA327E19
:10D7500024007E2F10801C90E5CE0BEA301A261A8A
:10D76000247E1400309AFD9D167E14F6927E0400ED
:10D770007E2F107A1BA06CAA6D2290E5CE0BEA30AA
:10D78000BD32482B90E5CE0BEA207E340003BD234A
:10D79000181D90E5CE0BEA101A021A0074042F002F
:10D7A0001478FB7E34FA317E24007E2F10801C908A
:10D7B000E5CE0BEA301A261A247E1400309AFD9D1D
:10D7C000167E14F6917E04007E2F107A1BA06CAAA0
:10D7D0006D2290E5CE0BEA30BD32482B90E5CE0BA2
:10D7E000EA207E340003BD23181D90E5CE0BEA101D
:10D7F0001A021A0074042F001478FB7E34FA387E63
:10D8000024007E2F10801C90E5CE0BEA301A261AD9
:10D81000247E1400309AFD9D167E14F6A07E04002E
:10D820007E2F107A1BA06CAA6D2290E5CE0BEA30F9
:10D83000BD32482B90E5CE0BEA207E340003BD2399
:10D84000181D90E5CE0BEA101A021A0074042F007E
:10D850001478FB7E34FA3A7E24007E2F10801C90D0
:10D86000E5CE0BEA301A261A247E1400309AFD9D6C
:10D87000167E14F6A27E04007E2F107A1BA06CAADE
:10D880006D2290E5CE0BEA30BD32482B90E5CE0BF1
:10D89000EA207E340003BD23181D90E5CE0BEA106C
:10D8A0001A021A0074042F001478FB7E34FA397EB1
:10D8B00024007E2F10801C90E5CE0BEA301A261A29
:10D8C000247E1400309AFD9D167E14F6A17E04007D
:10D8D0007E2F107A1BA06CAA6D2290E5CE0BEA3049
:10D8E000BD32482B90E5CE0BEA207E340003BD23E9
:10D8F000181D90E5CE0BEA101A021A0074042F00CE
:10D900001478FB7E34FA3B7E24007E2F10801C901E
:10D91000E5CE0BEA301A261A247E1400309AFD9DBB
:10D92000167E14F6A57E04007E2F107A1BA0E46DEF
:10D930002290E5CE0BEA30BD32482A90E5CE0BEAC4
:10D94000207E340003BD23181C90E5CE0BEA301A6C
:10D95000261A247F012F002F007E34FA8A7E2400AD
:10D960007E2F10801C90E5CE0BEA301A261A247EFA
:10D970001400309AFD9D167E14F6A47E04007E2FBE
:10D98000107A1BB090E5CE0BEA407E54D69F2D5402
:10D990007CAB6D2290E5CE0BEA30BD32482B90E592
:10D9A000CE0BEA207E340003BD23181D90E5CE0B7C
:10D9B000EA101A021A0074042F001478FB7E34FA5D
:10D9C0003E7E24007E2F10801C90E5CE0BEA301A9C
:10D9D000261A247E1400309AFD9D167E14F6A97E28
:10D9E00004007E2F107A1BA090E5CE0BEA207E3437
:10D9F000D69F2D327D530A5A7CAB6D2290E5CE0B1B
:10DA0000EA30BD32482B90E5CE0BEA207E3400038D
:10DA1000BD23181D90E5CE0BEA101A021A007404FB
:10DA20002F001478FB7E34FA3D7E24007E2F108078
:10DA30001C90E5CE0BEA301A261A247E1400309A88
:10DA4000FD9D167E14F6A87E04007E2F107A1BA082
:10DA50007EA00F6D2290E5CE0BEA30BD32482B90B0
:10DA6000E5CE0BEA207E340003BD23181D90E5CEE1
:10DA70000BEA101A021A0074042F001478FB7E348B
:10DA8000FA387E24007E2F10801C90E5CE0BEA3001
:10DA90001A261A247E1400309AFD9D167E14F6A0D4
:10DAA0007E04007E2F107A1BA07EA0A16D2290E53F
:10DAB000CE0BEA30BD32482B90E5CE0BEA207E3407
:10DAC0000003BD23181D90E5CE0BEA101A021A00C0
:10DAD00074042F001478FB7E34FA397E24007E2FE4
:10DAE00010801C90E5CE0BEA301A261A247E140012
:10DAF000309AFD9D167E14F6A17E04007E2F107ACA
:10DB00001BA0AA90DE541BEA2090DE501BEA00798D
:10DB10001E000290DE4E1BEA3090DE580BEA307E8B
:10DB20002400049AFE39777E146CFB7E0400FE7E8E
:10DB300034017A9AFE2E6390DE560BEA301A367E56
:10DB400024000F5D2390DE540BEA307D131A127E01
:10DB500034000F5D31BD32780474018001E47E141D
:10DB60006CFB7E0400FE7E34017F9AFE2E6390DE05
:10DB7000540BEA307D231A240E240E240E240E2486
:10DB800090DE4E0BEA30BD3278057EA00180026C3B
:10DB9000AA740F5CBA7E146CFB7E0400FE7E340116
:10DBA000849AFE2E6390DE540BEA307D231A240EF5
:10DBB000240E240E240E2490DE4E0BEA30BD327863
:10DBC000057EA00180026CAA740F5CBA7E146CFB07
:10DBD0007E0400FE7E3401859AFE2E6390DE540B97
:10DBE000EA207E3400FF5D327E24000174017E1441
:10DBF00000109AFD429C90DE560BEA207E3400FF16
:10DC00005D326D2274017E1400039AFD429C90DE09
:10DC100050691E00020BEA0090E4D1693E00020B3D
:10DC2000EA209AFD9D2174027F011E141E045003F8
:10DC30004E20801478F46D337E2400019F1090DE16
:10DC40005A1BEA3090DE4E0BEA50BE5400084003E7
:10DC500002E6D77EA003A490DC5B7302DC7302DDD6
:10DC60005D02DE6A02DF9E02E0F602E27102E3EC90
:10DC700002E56790DE580BEA207E340001BD237870
:10DC8000224398505389F090DE5A0BEA50F58B905E
:10DC9000DE5A0BEA307D530A5AF58D438E40D3D2BB
:10DCA0008E802890DE580BEA207E340002BD237857
:10DCB0001A43985090DE5A0BEA50F5D790DE5A0B73
:10DCC000EA307D530A5AF5D6438E1553A23F90DEB3
:10DCD000560BEA207E340040BD23781590DE540BAD
:10DCE000EA207E340041BD237807E5A2F5A202E6D2
:10DCF000D790DE560BEA207E340146BD237814907F
:10DD0000DE540BEA207E340147BD23780643A2404F
:10DD100002E6D790DE560BEA207E340226BD237839
:10DD20001490DE540BEA207E340227BD237806438C
:10DD3000A28002E6D790DE560BEA207E340353BD64
:10DD400023680302E6D790DE540BEA207E340354A6
:10DD5000BD23680302E6D743A2C002E6D790DE588F
:10DD60000BEA207E340002BD23781A439A5090DEDD
:10DD70005A0BEA50F5D790DE5A0BEA307D530A5A17
:10DD8000F5D6438E1453BAFE74DF7E14FD697E040B
:10DD9000007E7E0B705C7B7A0B7090DE560BEA2067
:10DDA0007E341020BD23782390DE540BEA207E348D
:10DDB0001021BD237815E5BAF5BA7E14FD697E04FD
:10DDC000007E7E0B707A0B7002E6D790DE560BEA6F
:10DDD000207E341156BD23782290DE540BEA207E3B
:10DDE000341157BD23781443BA017E14FD697E04B3
:10DDF000007E7E0B707A0B7002E6D790DE560BEA3F
:10DE0000207E341156BD23782790DE540BEA207E05
:10DE1000341157BD237819E5BAF5BA74207E14FD84
:10DE2000697E04007E7E0B704C7B7A0B7002E6D715
:10DE300090DE560BEA207E341156BD23680302E6BD
:10DE4000D790DE540BEA207E341157BD23680302BD
:10DE5000E6D743BA0174207E14FD697E04007E7EFD
:10DE60000B704C7B7A0B7002E6D790DE580BEA20E1
:10DE70007E340002BD23781990DE5A0BEA50F5D7A4
:10DE800090DE5A0BEA307D530A5AF5D6438E148041
:10DE90002590DE580BEA207E340003BD23781790CE
:10DEA000DE5A0BEA50F5D590DE5A0BEA307D530A64
:10DEB0005AF5D443DD0A43AC5053BAFD74BF7E1407
:10DEC000FD697E04007E7E0B705C7B7A0B7090DEB9
:10DED000560BEA207E342010BD23782390DE540BAD
:10DEE000EA207E342011BD237815E5BAF5BA7E14F8
:10DEF000FD697E04007E7E0B707A0B7002E6D7907F
:10DF0000DE560BEA207E342160BD23782290DE5459
:10DF10000BEA207E342161BD23781443BA027E14BB
:10DF2000FD697E04007E7E0B707A0B7002E6D7904E
:10DF3000DE560BEA207E342296BD23782790DE54ED
:10DF40000BEA207E342297BD237819E5BAF5BA741E
:10DF5000407E14FD697E04007E7E0B704C7B7A0B44
:10DF60007002E6D790DE560BEA207E342360BD2394
:10DF7000680302E6D790DE540BEA207E3423C7BD47
:10DF800023680302E6D743BA0274407E14FD697E1B
:10DF900004007E7E0B704C7B7A0B7002E6D790DE1D
:10DFA000580BEA207E340002BD23782B90DE5A0BFA
:10DFB000EA50F5D790DE5A0BEA307D530A5AF5D66F
:10DFC000438E1474FE7E14FDBC7E04007E7E0B70B6
:10DFD0005C7B7A0B70803790DE580BEA207E340031
:10DFE00004BD23782990DE5A0BEA50F5D390DE5A0F
:10DFF0000BEA307D530A5AF5D243DDA074017E143A
:10E00000FDBC7E04007E7E0B704C7B7A0B7043FD62
:10E010005053BAFB747F7E14FD697E04007E7E0B34
:10E02000705C7B7A0B7090DE560BEA207E343012E7
:10E03000BD23782390DE540BEA207E343013BD23B9
:10E040007815E5BAF5BA7E14FD697E04007E7E0B74
:10E05000707A0B7002E6D790DE560BEA207E3431E0
:10E0600062BD23782290DE540BEA207E343163BDFA
:10E0700023781443BA047E14FD697E04007E7E0B6F
:10E08000707A0B7002E6D790DE560BEA207E3432AF
:10E09000B2BD23782790DE540BEA207E3432B3BD24
:10E0A000237819E5BAF5BA74807E14FD697E040000
:10E0B0007E7E0B704C7B7A0B7002E6D790DE560B9F
:10E0C000EA207E343362BD23680302E6D790DE5433
:10E0D0000BEA207E3433D1BD23680302E6D743BA6E
:10E0E0000474807E14FD697E04007E7E0B704C7B80
:10E0F0007A0B7002E6D790DE580BEA207E340002DD
:10E10000BD23782B90DE5A0BEA50F5D790DE5A0BE0
:10E11000EA307D530A5AF5D6438E1474FE7E14F706
:10E120006D7E04007E7E0B705C7B7A0B7080589055
:10E13000DE580BEA207E340005BD23784A90DE5A73
:10E140000BEA107E34FBB77E24007E7A1B3090DE13
:10E150005A0BEA307D130A127E34FBB67E24007E11
:10E160007A1B30740A7E14FBB37E04007E7E0B7033
:10E170004C7B7A0B7074017E14F76D7E04007E7EFA
:10E180000B704C7B7A0B7074507E14F7407E040049
:10E190007E7E0B704C7B7A0B7074FC7E14FD6A7E65
:10E1A00004007E7E0B705C7B7A0B7090DE560BEA6F
:10E1B000207E344014BD23781F90DE540BEA207E6D
:10E1C000344015BD2378117E14FD6A7E04007E7EE6
:10E1D0000B707A0B7002E6D790DE560BEA207E3485
:10E1E0004150BD23782390DE540BEA207E34415108
:10E1F000BD23781574017E14FD6A7E04007E7E0BBB
:10E20000704C7B7A0B7002E6D790DE560BEA207ECC
:10E21000344224BD23782390DE540BEA207E34421E
:10E2200025BD23781574027E14FD6A7E04007E7E6F
:10E230000B704C7B7A0B7002E6D790DE560BEA200F
:10E240007E344330BD23680302E6D790DE540BEAE8
:10E25000207E344331BD23680302E6D774037E1465
:10E26000FD6A7E04007E7E0B704C7B7A0B7002E6AA
:10E27000D790DE580BEA207E340002BD23782B9025
:10E28000DE5A0BEA50F5D790DE5A0BEA307D530A7E
:10E290005AF5D6438E1474FE7E14F79D7E04007EDC
:10E2A0007E0B705C7B7A0B70805890DE580BEA20F6
:10E2B0007E340006BD23784A90DE5A0BEA107E3485
:10E2C000FBB57E24007E7A1B3090DE5A0BEA307D4F
:10E2D000130A127E34FBB47E24007E7A1B3074A0B5
:10E2E0007E14FBB37E04007E7E0B704C7B7A0B7039
:10E2F00074017E14F79D7E04007E7E0B704C7B7A49
:10E300000B7074507E14F7707E04007E7E0B704C90
:10E310007B7A0B7074F37E14FD6A7E04007E7E0BA4
:10E32000705C7B7A0B7090DE560BEA207E345016C0
:10E33000BD23781F90DE540BEA207E345017BD2396
:10E3400078117E14FD6A7E04007E7E0B707A0B705D
:10E3500002E6D790DE560BEA207E345172BD237858
:10E360002390DE540BEA207E345173BD237815745C
:10E37000047E14FD6A7E04007E7E0B704C7B7A0B5B
:10E380007002E6D790DE560BEA207E345242BD235F
:10E39000782390DE540BEA207E345243BD23781557
:10E3A00074087E14FD6A7E04007E7E0B704C7B7ABE
:10E3B0000B7002E6D790DE560BEA207E345336BD52
:10E3C00023680302E6D790DE540BEA207E345337ED
:10E3D000BD23680302E6D7740C7E14FD6A7E040038
:10E3E0007E7E0B704C7B7A0B7002E6D790DE580B6A
:10E3F000EA207E340002BD23782B90DE5A0BEA50CF
:10E40000F5D790DE5A0BEA307D530A5AF5D6438E83
:10E410001474FE7E14F7CD7E04007E7E0B705C7B50
:10E420007A0B70805890DE580BEA207E340007BDCE
:10E4300023784A90DE5A0BEA107E34FBBF7E24001C
:10E440007E7A1B3090DE5A0BEA307D130A127E343E
:10E45000FBBE7E24007E7A1B30740A7E14FBBB7EDA
:10E4600004007E7E0B704C7B7A0B7074017E14F777
:10E47000CD7E04007E7E0B704C7B7A0B7074507ED8
:10E4800014F7A07E04007E7E0B704C7B7A0B7074B8
:10E49000CF7E14FD6D7E04007E7E0B705C7B7A0B5C
:10E4A0007090DE560BEA207E346060BD23781F90AA
:10E4B000DE540BEA207E346061BD2378117E14FDAA
:10E4C0006D7E04007E7E0B707A0B7002E6D790DEC4
:10E4D000560BEA207E3461B4BD23782390DE540BC2
:10E4E000EA207E3461B5BD23781574107E14FD6D6D
:10E4F0007E04007E7E0B704C7B7A0B7002E6D79018
:10E50000DE560BEA207E3462A0BD23782390DE54D1
:10E510000BEA207E3462A1BD23781574207E14FDA1
:10E520006D7E04007E7E0B704C7B7A0B7002E6D70A
:10E5300090DE560BEA207E346322BD23680302E698
:10E54000D790DE540BEA207E346323BD2368030298
:10E55000E6D774307E14FD6D7E04007E7E0B704C19
:10E560007B7A0B7002E6D790DE580BEA207E3400EF
:10E5700002BD23782B90DE5A0BEA50F5D790DE5A75
:10E580000BEA307D530A5AF5D6438E1474FE7E147E
:10E59000F7CD7E04007E7E0B705C7B7A0B7080581A
:10E5A00090DE580BEA207E340008BD23784A90DEC6
:10E5B0005A0BEA107E34FBBD7E24007E7A1B30901D
:10E5C000DE5A0BEA307D130A127E34FBBC7E240037
:10E5D0007E7A1B3074A07E14FBBB7E04007E7E0B13
:10E5E000704C7B7A0B7074017E14F7FD7E04007E04
:10E5F0007E0B704C7B7A0B7074507E14F7D07E04C7
:10E60000007E7E0B704C7B7A0B70743F7E14FD6D28
:10E610007E04007E7E0B705C7B7A0B7090DE560B66
:10E62000EA207E347062BD23781F90DE540BEA200E
:10E630007E347063BD2378117E14FD6D7E04007EF0
:10E640007E0B707A0B7002E6D790DE560BEA207EC6
:10E650003471B6BD23782290DE540BEA207E3471EB
:10E66000B7BD23781474407E14FD6D7E04007E7E59
:10E670000B704C7B7A0B70805E90DE560BEA207E2E
:10E680003472A2BD23782290DE540BEA207E3472CD
:10E69000A3BD23781474807E14FD6D7E04007E7EFD
:10E6A0000B704C7B7A0B70802E90DE560BEA207E2E
:10E6B000347370BD23782090DE540BEA207E3473CF
:10E6C00071BD23781274C07E14FD6D7E04007E7EC1
:10E6D0000B704C7B7A0B7090DE4E0BEA309AFCD6B6
:10E6E000C0AA90DBCB1BEA2090DBC71BEA00791E97
:10E6F000000290DBC51BEA307E346D667E2400FE8E
:10E700007E14DBCF7E04000174089AFD9DA890DB87
:10E71000C50BEA207E34DBCF2D327A71827A618399
:10E72000E090DBD7F06D2290DBC50BEA30BD3248BC
:10E730001290DBC50BEA207E340007BD2318047459
:10E74000018001E47E146CFB7E0400FE7E3402E353
:10E750009AFE2E6390DBCD0BEA3090DE561BEA303A
:10E7600090DBD7E00A3B90DE581BEA3090DBC50B0C
:10E77000EA3090DBC7691E00020BEA0090DBCB0B8E
:10E78000EA209AFCDB03AA90E5F7F0D3D2B5C3C226
:10E79000B5C3C2F97E34000190E5F7E09AFC7B181E
:10E7A000D3D2F9D3D2B5C3C2B52290E2F31BEA00AB
:10E7B00090E2F11BEA1090E2EF1BEA2090E2ED1BE1
:10E7C000EA3090E1500BEA2090E2ED0BEA30BD32E6
:10E7D000500474018001E47E146E657E0400FE7EA8
:10E7E00034006B9AFE2E6390E1520BEA2090E2EF28
:10E7F0000BEA30BD32500474018001E47E146E6572
:10E800007E0400FE7E34006C9AFE2E6390E1500B75
:10E81000EA2090E2F10BEA30BD325004740180012D
:10E82000E47E146E657E0400FE7E34006D9AFE2E3A
:10E830006390E1520BEA2090E2F30BEA30BD3250D4
:10E840000474018001E47E146E657E0400FE7E3453
:10E85000006E9AFE2E63742A12E7877E34000190C0
:10E86000E2ED0BEA209AFC7B7C7E34000190E2F121
:10E870000BEA209AFC7B7C742B12E7877E34000124
:10E8800090E2EF0BEA209AFC7B7C7E34000190E260
:10E89000F30BEA209AFC7B7C742C12E7872290C74A
:10E8A000731BEA306D336D2290E1500BEA107E0449
:10E8B00000019D1090E1520BEA007E5400019D057D
:10E8C00012E7AA6D3390C7751BEA30802C90C7738E
:10E8D0000BEA2090C7750BEA103E147E34C7772DE3
:10E8E000317A71827A61831BEA2090C7750BEA2026
:10E8F0007E3400012D321BEA3090C7750BEA207E72
:10E900003400F0BD2340C66D3390C7751BEA3080DC
:10E910002D7E1800F090E0EC793E00021BEA207E8C
:10E920003400017E14C7777E0400019AFC7BA99015
:10E93000C7750BEA207E3400012D321BEA3090C7E8
:10E94000750BEA207E340140BD2340C5AA90E5D670
:10E950001BEA3090E5D60BEA3090E14E1BEA30908E
:10E96000E14E0BEA301B34680E1B3468201B346800
:10E970001C2E340003782A7E3400F090E1501BEA0C
:10E98000307E34014090E1521BEA3080147E340125
:10E990004090E1501BEA307E3400F090E1521BEAD7
:10E9A00030AA90E54F1BEA2090E54D1BEA3090E538
:10E9B0004D0BEA3090E14A1BEA3090E54F0BEA300C
:10E9C00090E14C1BEA30AA90E41B1BEA1090E4197A
:10E9D0001BEA2090E4171BEA3090E1500BEA2090EC
:10E9E000E4170BEA30BD32500474018001E47E1458
:10E9F0006E657E0400FE7E3400C59AFE2E6390E1B3
:10EA0000520BEA2090E4190BEA30BD325004740135
:10EA10008001E47E146E657E0400FE7E3400C69A9A
:10EA2000FE2E6390E4170BEA3090E4190BEA209075
:10EA3000E4170BEA1090E4190BEA0012E7AA7E34FF
:10EA4000000190E41B0BEA209AFC7B7CAA90E2F97F
:10EA5000F090E2F71BEA2090E2F51BEA3090E150DB
:10EA60000BEA2090E2F50BEA30BD325004740180CD
:10EA700001E47E146E657E0400FE7E3400D99AFEA9
:10EA80002E6390E1520BEA2090E2F70BEA30BD32A0
:10EA9000500474018001E47E146E657E0400FE7EE5
:10EAA0003400DA9AFE2E63E490E2FAF002EB5C9016
:10EAB000E2F50BEA3090E2FAE00A1B90E2F70BEA8B
:10EAC000202D2190E2F50BEA007E1400072D109016
:10EAD000E2FAE00A5B90E2F70BEA002D0512E7AAE2
:10EAE00090E2F9E01A3B3E343E343E343E3490E24C
:10EAF000FAE00A2B2D237E34011F2D327E2400FFE5
:10EB00007E1BB090E2FCF0E490E2FBF0803790E2F4
:10EB1000FCE030E0107E34000190E14A0BEA209ADC
:10EB2000FC7B7C800E7E34000190E14C0BEA209A45
:10EB3000FC7B7C90E2FCE01EB0F090E2FB7EEBA060
:10EB400074012CBAF090E2FB7EEBA07408BCAB40E1
:10EB5000BD90E2FA7EEBA074012CBAF090E2FA7E4E
:10EB6000EBA07410BCAB500302EAAFAA90E1581BB3
:10EB7000EA00791E000290E1561BEA2090E1541B46
:10EB8000EA306D3390E15C1BEA3090E1500BEA20F3
:10EB900090E1540BEA30BD32500474018001E47EF0
:10EBA000146E657E0400FE7E3400F89AFE2E63909B
:10EBB000E1520BEA2090E1560BEA30BD325004746A
:10EBC000018001E47E146E657E0400FE7E3400F94F
:10EBD0009AFE2E63804290E15C0BEA203E243E24A4
:10EBE0003E2490E1540BEA302D3290E1560BEA209E
:10EBF00090E15C0BEA5090E158691E00020BEA00BC
:10EC00002D157E0BB09AFCEA4D90E15C0BEA207E5C
:10EC10003400012D321BEA3090E15C0BEA1090E1E8
:10EC200058693E00020BEA202D317E1BB0BEB000B9
:10EC300078A4AA90E1B6F090E1B41BEA2090E1B28A
:10EC40001BEA3090E1500BEA2090E1B20BEA30BDB4
:10EC500032500474018001E47E146E657E0400FE6F
:10EC60007E34010F9AFE2E6390E1520BEA2090E170
:10EC7000B40BEA30BD32500474018001E47E146E9E
:10EC8000657E0400FE7E3401109AFE2E636CAA900D
:10EC9000E1B6E0BCBA581F90E1B20BEA3090E1B4A3
:10ECA0000BEA20742D9AFCEA4D90E1B6E064FF0473
:10ECB00090E1B6F0801290E1B20BEA3090E1B40B33
:10ECC000EA2074209AFCEA4D90E1B6E01A3B7E24DB
:10ECD00000649AFD9CD37CB790E1B7F090E1B6E078
:10ECE0001A3B7E24000A9AFD9CD37E24000A9AFDDA
:10ECF0009CD37CB590E1B8F090E1B6E01A3B7E245D
:10ED0000000A9AFD9CD37CB590E1B9F0E490E1BA99
:10ED1000F0804A90E1BAE00A3B7E2400012D233EB8
:10ED2000243E243E2490E1B20BEA302D3290E1B42F
:10ED30000BEA2090E1BAE00A0B7E14E1B72D107ABD
:10ED400031827A2183E00A4B7E5400302D549AFCA4
:10ED5000EA4D90E1BA7EEBA074012CBAF090E1BAD2
:10ED60007EEBA07403BCAB40AAAA90E1BFF090E197
:10ED7000BD1BEA2090E1BB1BEA3090E1500BEA207A
:10ED800090E1BB0BEA30BD32500474018001E47E97
:10ED9000146E657E0400FE7E3401339AFE2E63906D
:10EDA000E1520BEA2090E1BD0BEA30BD3250047411
:10EDB000018001E47E146E657E0400FE7E34013421
:10EDC0009AFE2E6390E1BFE00A5B7E4400648D549E
:10EDD00090E1C0F090E1BFE00A3B7E24000A8D3252
:10EDE0007E24000A9AFD9CD37CB590E1C1F090E1AD
:10EDF000BFE00A3B7E24000A9AFD9CD37CB590E1DB
:10EE0000C2F0E490E1C3F0804290E1C37EEB707405
:10EE100008ACB790E1BB0BEA302D3590E1BD0BEAB1
:10EE20002090E1C3E00A0B7E14E1C02D107A3182FC
:10EE30007A2183E00A4B7E5400302D549AFCEA4D2F
:10EE400090E1C37EEBA074012CBAF090E1C37EEB9D
:10EE5000A07403BCAB40B2AA90DFB61BEA1090DFEF
:10EE6000B41BEA2090DFB21BEA3090E1500BEA209D
:10EE700090DFB20BEA30BD32500474018001E47EB1
:10EE8000146E657E0400FE7E34014F9AFE2E639060
:10EE9000E1520BEA2090DFB40BEA30BD325004742B
:10EEA000018001E47E146E657E0400FE7E34015014
:10EEB0009AFE2E636D2290DFB60BEA30BD325826E3
:10EEC00090DFB20BEA3090DFB40BEA20742D9AFC8D
:10EED000EA4D90DFB60BEA306E34FFFF0B3490DF63
:10EEE000B61BEA30801290DFB20BEA3090DFB40B31
:10EEF000EA2074209AFCEA4D90DFB60BEA307E24BB
:10EF000027109AFD9CD37CB790DFB8F090DFB60B4A
:10EF1000EA307E2403E89AFD9CD37E24000A9AFD01
:10EF20009CD37CB590DFB9F090DFB60BEA307E243D
:10EF300000649AFD9CD37E24000A9AFD9CD37CB584
:10EF400090DFBAF090DFB60BEA307E24000A9AFD1B
:10EF50009CD37E24000A9AFD9CD37CB590DFBBF045
:10EF600090DFB60BEA307E24000A9AFD9CD37CB574
:10EF700090DFBCF0E490DFBDF0804A90DFBDE00A96
:10EF80003B7E2400012D233E243E243E2490DFB20C
:10EF90000BEA302D3290DFB40BEA2090DFBDE00A9F
:10EFA0000B7E14DFB82D107A31827A2183E00A4B70
:10EFB0007E5400302D549AFCEA4D90DFBD7EEBA0CC
:10EFC00074012CBAF090DFBD7EEBA07405BCAB40A1
:10EFD000AAAA90DFC21BEA1090DFC01BEA2090DFD4
:10EFE000BE1BEA3090E1500BEA2090DFBE0BEA3006
:10EFF000BD32500474018001E47E146E657E04000D
:10F00000FE7E3401749AFE2E6390E1520BEA20904A
:10F01000DFC00BEA30BD32500474018001E47E147D
:10F020006E657E0400FE7E3401759AFE2E6390DFCD
:10F03000C20BEA507E4427108D5490DFC4F090DF5D
:10F04000C20BEA307E2403E88D327E24000A8D3222
:10F050007CB590DFC5F090DFC20BEA307E240064FF
:10F060008D327E24000A8D327CB590DFC6F090DFB1
:10F07000C20BEA307E24000A8D327E24000A8D32D3
:10F080007CB590DFC7F090DFC20BEA307E24000A27
:10F090008D327CB590DFC8F0E490DFC9F0804290FB
:10F0A000DFC97EEB707408ACB790DFBE0BEA302D81
:10F0B0003590DFC00BEA2090DFC9E00A0B7E14DF39
:10F0C000C42D107A31827A2183E00A4B7E540030BD
:10F0D0002D549AFCEA4D90DFC97EEBA074012CBA46
:10F0E000F090DFC97EEBA07405BCAB40B2AA90D60D
:10F0F00027F090D6231BEA00791E000290D6211B30
:10F10000EA2090D61F1BEA3090E1500BEA2090D6FF
:10F110001F0BEA30BD32500474018001E47E146E8E
:10F12000657E0400FE7E3401949AFE2E6390E152C7
:10F130000BEA2090D6210BEA30BD325004740180D6
:10F1400001E47E146E657E0400FE7E3401959AFE15
:10F150002E6390D6277EEBA0740ABCAB2806740AF7
:10F1600090D627F090D6277EEBA074012CBAF090B1
:10F17000D623693E00020BEA20BE180000583090EA
:10F18000D623693E00020BEA2090CF8E793E000222
:10F190001BEA207E14D6287E0400017E346E627E37
:10F1A0002400FE9AFC681F7CB790D64AF0803F741A
:10F1B0002090D628F090D623693E00020BEA2090DA
:10F1C000CF8E793E00021BEA207E14D6297E0400F1
:10F1D000017E346E627E2400FE9AFC681F7CB7902C
:10F1E000D64AF090D64A7EEBA074012CBAF0802368
:10F1F0007EA02090D64AE00A2B7E34D6282D327A83
:10F2000071827A61837AEBA090D64A7EEBA074017A
:10F210002CBAF090D6277EEBA090D64AE0BCBA403C
:10F22000CF6CAA90D627E00A2B7E34D6282D327ACE
:10F2300071827A61837AEBA090D61F0BEA3090D668
:10F24000210BEA207E14D6287E0400019AFCEB6C88
:10F25000AA90D4E17AEB3090D4E0F090D4D61BEAB7
:10F260002090D4D41BEA3090E1500BEA2090D4D403
:10F270000BEA30BD32500474018001E47E146E65E7
:10F280007E0400FE7E3401BF9AFE2E6390E1520B95
:10F29000EA2090D4D60BEA30BD32500474018001CC
:10F2A000E47E146E657E0400FE7E3401C09AFE2E5C
:10F2B0006390D4E17EEBA07406BCAB280674069084
:10F2C000D4E1F090D4E07EEBA0740ABCAB280674C5
:10F2D0000A90D4E0F090D4D80BEA80699E000269CD
:10F2E000AE000469BE00069F009F119AFD90D828C9
:10F2F0004090D4D80BEA00691E0002692E00046910
:10F300003E000690CF8A1BEA00791E0002792E008B
:10F3100004793E00067E14D4E37E0400017E346E40
:10F320005F7E2400FE9AFC681F7CB790D4E2F080D8
:10F330004990D4D80BEA00691E0002692E000469C6
:10F340003E000690CF8A1BEA00791E0002792E004B
:10F3500004793E00067E14D4E47E0400017E346EFF
:10F360005F7E2400FE9AFC681F7CB790D4E2F09088
:10F37000D4E27EEBA074012CBAF090D4E2E00A5BF8
:10F380007E4400079D5490D507F090D4E0E00A4BEE
:10F3900090D507E01A5B9D547E4400019D5490D5A2
:10F3A00005F090D4E1E00A3B90D507E01A4B2D43DD
:10F3B0007E5400012D5490D506F0802E7EA0209022
:10F3C000D506E01A2B7E34D4E32D327A71827A612D
:10F3D000837AEBA090D5067EEBA074012CBAF09056
:10F3E000D5057EEBA074012CBAF090D5057EEBA07C
:10F3F000E4BCAB48C790D4D80BEA80699E00026990
:10F40000AE000469BE00069F009F119AFD90D828A7
:10F410001A7EA02D90D505E01A2B7E34D4E32D3230
:10F420007A71827A61837AEBA080187EA02090D5D1
:10F4300005E01A2B7E34D4E32D327A71827A61830F
:10F440007AEBA06CAA90D506E01A2B7E34D4E32D7B
:10F45000327A71827A61837AEBA090D4D40BEA304D
:10F4600090D4D60BEA207E14D4E37E0400019AFCEB
:10F47000EB6CAA90D8F11BEA00791E000290D8EF3D
:10F480001BEA2090D8ED1BEA309F1190D8FD793E01
:10F4900000021BEA209F1190D901793E00021BEA6D
:10F4A0002090E1500BEA2090D8ED0BEA30BD3250AD
:10F4B0000474018001E47E146E657E0400FE7E34D7
:10F4C00001EF9AFE2E6390E1520BEA2090D8EF0BE9
:10F4D000EA30BD32500474018001E47E146E657E12
:10F4E0000400FE7E3401F09AFE2E6390D8ED0BEA04
:10F4F0003090D8EF0BEA2090D8F90BEA0090D8EDC5
:10F500000BEA102D107E0400019D1090D8FB0BEA31
:10F510005090D8EF0BEA002D057E5400019D051296
:10F52000E7AA9F1190D8FD793E00021BEA20806077
:10F530009F1190D901793E00021BEA2080257E347C
:10F54000000190E14C0BEA209AFC7B7C90D9016988
:10F550001E00020BEA007E1800012F10793E000207
:10F560001BEA2090D8F90BEA106D0090D901693E92
:10F5700000020BEA20BF1040C590D8FD691E0002B2
:10F580000BEA007E1800012F10793E00021BEA20D2
:10F5900090D8FB0BEA106D0090D8FD693E00020B7D
:10F5A000EA20BF10408A9F1190D8FD793E00021BCF
:10F5B000EA2002F67390D8F50BEA1090D8FD693E68
:10F5C00000020BEA209AFD9D1690D8F90BEA109ADA
:10F5D000FD9D1F90D905793E00021BEA2090D905B8
:10F5E000693E00020BEA207D1390D8F1693E0002CB
:10F5F0000BEA202D317E1B700A2790D8FB0BEA30D6
:10F600007E1400019D31AD3290D8F70BEA208D3287
:10F610006D2290D909793E00021BEA2090D8FD693D
:10F620003E00020BEA207D2390D8ED0BEA302D320C
:10F6300090D8FB0BEA107E2400019D126D0090D93A
:10F6400009695E00020BEA409F0290D8EF0BEA20A6
:10F650002D2190E14A0BEA109AFCE9C790D8FD6988
:10F660001E00020BEA007E1800012F10793E0002F6
:10F670001BEA2090D8F90BEA106D0090D8FD693E86
:10F6800000020BEA20BF10500302F5B5AA90DAA6DB
:10F690001BEA00791E000290DAA5F090DAA31BEABB
:10F6A0002090DAA11BEA3090E1500BEA2090DAA119
:10F6B0000BEA30BD32500474018001E47E146E65A3
:10F6C0007E0400FE7E3402159AFE2E6390E1520BFA
:10F6D000EA2090DAA30BEA30BD32500474018001B5
:10F6E000E47E146E657E0400FE7E3402169AFE2EC1
:10F6F0006390DAA5E00A5B1E541E541E5490DAB5DE
:10F70000F090DAA10BEA3090DAA30BEA2090DAA5A8
:10F71000E090DAAA7EEB10AC1B7E1400019D0190F4
:10F72000DAA10BEA102D1090DAA5E00A5B90DAA3BB
:10F730000BEA002D057E5400019D0512E7AA6D33EA
:10F7400090DAAD1BEA3002F87D90DAAAE090DAB4E4
:10F75000F090DAB5E00A1B90DAAD0BEA00AD10903C
:10F76000DAA6693E00020BEA202D3190DAB6793E26
:10F7700000021BEA2002F8586D3390DAB11BEA3020
:10F7800002F81B7E34000890DAAF1BEA30805E90EE
:10F79000DAAF0BEA507E4400019D5490DAB6693E20
:10F7A00000020BEA207E1BA060051EA01478FB74EB
:10F7B000015CBA90DAB3F090DAB3E0BEB000681042
:10F7C0007E34000190DAAB0BEA209AFC7B7C800E41
:10F7D0007E34000190E14C0BEA209AFC7B7C90DAAD
:10F7E000AF0BEA307E2400019D321BEA306D22907F
:10F7F000DAAF0BEA30BD32189690DAB6693E0002F5
:10F800000BEA200B34793E00021BEA2090DAB10BA0
:10F81000EA207E3400012D321BEA3090DAB5E00A8E
:10F820002B90DAB10BEA30BD32580302F78390DA3D
:10F83000A5E090DAB57EEB30AC3B90DAB6693E00DD
:10F84000020BEA2090DAB5E00A0B9D302D3190DAF8
:10F85000B6793E00021BEA2090DAB47EEBA07E70FF
:10F86000017CBA9CB7F0BEA000680302F77890DA7A
:10F87000AD0BEA207E3400012D321BEA3090DAA570
:10F88000E00A2B90DAAD0BEA30BD32580302F7499B
:10F89000AA90C39EF090C3921BEA00791E000290CA
:10F8A000C3901BEA2090C38E1BEA309F1190C39F28
:10F8B000793E00021BEA209F1190C3A3793E00020B
:10F8C0001BEA2090E1500BEA2090C38E0BEA30BD7A
:10F8D00032500474018001E47E146E657E0400FEE3
:10F8E0007E34024C9AFE2E6390E1520BEA2090C3C4
:10F8F000900BEA30BD32500474018001E47E146E36
:10F90000657E0400FE7E34024D9AFE2E6390C39203
:10F91000693E00020BEA204D23680474018001E473
:10F920007E146E657E0400FE7E34024E9AFE2E63C7
:10F93000C3C2B590C38E0BEA3090C3900BEA2090FF
:10F94000C39A0BEA0090C38E0BEA102D107E0400C0
:10F95000019D1090C39C0BEA5090C3900BEA002DC0
:10F96000057E5400019D0512E7AA9F1190C3A3795B
:10F970003E00021BEA2002FB4690C3980BEA10905F
:10F98000C3A3693E00020BEA209AFD9D1690C39C1A
:10F990000BEA109AFD9D1F90C3960BEA109AFD9DED
:10F9A000167D1390C392693E00020BEA202D319020
:10F9B000C58B793E00021BEA209F1190C39F793EC0
:10F9C00000021BEA2002FAF490C3960BEA1090C3DF
:10F9D0009F693E00020BEA209AFD9D1690C39A0B88
:10F9E000EA109AFD9D1F7D1390C58B693E00020BA6
:10F9F000EA202D317E1B700A3790C3A91BEA309094
:10FA0000C39EE0BEB000680302FA8F90C3A90BEA60
:10FA1000201E241E241E247E34001F5D327C676C51
:10FA2000773E343E343E3490C3A71BEA3090C3A9DE
:10FA30000BEA301E341E347E24003F5D2374053EE5
:10FA4000241478FB90C3A70BEA304D321BEA3090A8
:10FA5000C3A90BEA301E341E341E347E24001F5D01
:10FA60002390C3A70BEA304D321BEA3090C3A70B9B
:10FA7000EA2090C39F691E00020BEA003E147E3408
:10FA8000C3AB2D317A71827A61831BEA20804E905C
:10FA9000C39EE00A2B90C3A90BEA30BD32501F6D04
:10FAA0002290C39F691E00020BEA003E147E34C3FD
:10FAB000AB2D317A71827A61831BEA20801F7E240C
:10FAC000FFFF90C39F691E00020BEA003E147E34C4
:10FAD000C3AB2D317A71827A61831BEA2090C39F78
:10FAE000691E00020BEA007E1800012F10793E000B
:10FAF000021BEA2090C39A0BEA106D0090C39F6925
:10FB00003E00020BEA20BF10500302F9C890C39ACE
:10FB10000BEA306D2290E0EC793E00021BEA207E79
:10FB20003400017E14C3AB7E0400019AFC7BA990D3
:10FB3000C3A3691E00020BEA007E1800012F107992
:10FB40003E00021BEA2090C39C0BEA106D0090C39C
:10FB5000A3693E00020BEA20BF10500302F979D3DB
:10FB6000D2B5AA7E34139390DB911BEA307E341316
:10FB70009190DB931BEA307E34FFFF90DB951BEA0C
:10FB8000307E34FFFF90DB971BEA307E3400016D3E
:10FB9000227E146C007E0402DC9AFC80167E340007
:10FBA000817E240001E47E1400109AFD429C7E3484
:10FBB00000807E240001E47E1400109AFD429C7EA9
:10FBC0003400457E240001E47E1400109AFD429C1E
:10FBD0007E3400927E24000174017E1400109AFD90
:10FBE000429C90E14E0BEA309AFCE94D90E14A0BC1
:10FBF000EA3090E14C0BEA209AFCE9A2C3C2F87EFD
:10FC00001403E890E4D1693E00020BEA209AFD9DBE
:10FC10001F7E1400C89AFD9D169AFE35DFD3D2F8D8
:10FC20007E1403E890E4D1693E00020BEA209AFDBD
:10FC30009D1F7E1400649AFD9D169AFE35DF743672
:10FC400012E7877E1403E890E4D1693E00020BEAD4
:10FC5000209AFD9D1F7E1400649AFD9D169AFE3524
:10FC6000DF6D2290E14E0BEA30BD32780B7E34001E
:10FC700001E49AFC7B18803E90E14E0BEA207E3432
:10FC80000001BD23780C7E34000174C09AFC7B18FF
:10FC9000802490E14E0BEA207E340002BD23780CD4
:10FCA0007E34000174709AFC7B18800A7E34000157
:10FCB00074A09AFC7B18743A12E7877E34000174B2
:10FCC000059AFC7B1874B212E7877E340001740C2D
:10FCD0009AFC7B187E340001740C9AFC7B187E34ED
:10FCE0000001E49AFC7B187E34000174339AFC7B9B
:10FCF000187E34000174339AFC7B1874B712E787BE
:10FD00007E34000174359AFC7B1874BB12E7877E41
:10FD100034000174379AFC7B1874C012E7877E3474
:10FD20000001742C9AFC7B1874C212E7877E3400A1
:10FD30000174019AFC7B1874C312E7877E340001BA
:10FD400074129AFC7B1874C412E7877E3400017425
:10FD5000209AFC7B1874C612E7877E340001740F6A
:10FD60009AFC7B1874D012E7877E34000174A49A41
:10FD7000FC7B187E34000174A19AFC7B1874E0129D
:10FD8000E7877E34000174D09AFC7B187E34000132
:10FD900074049AFC7B187E340001740D9AFC7B1865
:10FDA0007E34000174119AFC7B187E3400017413B8
:10FDB0009AFC7B187E340001742B9AFC7B187E34ED
:10FDC0000001743F9AFC7B187E34000174549AFC45
:10FDD0007B187E340001744C9AFC7B187E34000141
:10FDE00074189AFC7B187E340001740D9AFC7B1801
:10FDF0007E340001740B9AFC7B187E340001741F62
:10FE00009AFC7B187E34000174239AFC7B1874E101
:10FE100012E7877E34000174D09AFC7B187E340090
:10FE20000174049AFC7B187E340001740C9AFC7BEC
:10FE3000187E34000174119AFC7B187E3400017422
:10FE4000139AFC7B187E340001742C9AFC7B187E7C
:10FE5000340001743F9AFC7B187E34000174449A8C
:10FE6000FC7B187E34000174519AFC7B187E3400B0
:10FE700001742F9AFC7B187E340001741F9AFC7B5E
:10FE8000187E340001741F9AFC7B187E34000174C4
:10FE9000209AFC7B187E34000174239AFC7B187432
:10FEA0002012E787741112E7877E1403E890E4D1EB
:10FEB000693E00020BEA209AFD9D1F7E1400789A8D
:10FEC000FD9D169AFE35DF742912E78790E14C0BF1
:10FED000EA309AFCE89EAA90DC80E024DF680D14EA
:10FEE00068100BB178129AFCFEFD80109AFCFF3866
:10FEF000800A9AFCFF7380049AFE08FAAA90DC87B5
:10FF0000E0BEB004780990DC7FE0BEB02168069ABC
:10FF1000FE08FA80227E34E3927E24000190DC8B7E
:10FF2000793E00021BEA2090DC850BEA3090DC89E8
:10FF30001BEA309AFE091EAA90DC87E0BEB0047866
:10FF40000990DC7FE0BEB0A168069AFE08FA802224
:10FF50007E34E3927E24000190DC8B793E00021B0C
:10FF6000EA2090DC850BEA3090DC891BEA309AFEAF
:10FF7000090AAA90DC87E0BEB004780990DC7FE033
:10FF8000BEB02168069AFE08FA80049AFE092EAADD
:10FF900090DC80E0BEB020780BE490E396F074082B
:10FFA00090E398F0AA7F617F7080177E7BB0600C31
:10FFB000693FFFFC1B34793FFFFC7802E4AA0BF495
:10FFC0000BD47E6B607E7B70BC7668DF7E6B607E60
:10FFD0007B70BC7628037401AA74FFAACAF87DF36B
:10FFE0007CFB7F207F1080071BF47A2BF00B544D95
:0FFFF000FF78F5DAF8AA9AFE08FAAA2830290055
:0200000400FDFD
:1000000090E5F5F0D3D2B5C3C2B5C3C2F97E3400D2
:100010000190E5F5E09AFC7B18D3D2F9D3D2B5C3B1
:10002000C2B52290E2CB1BEA0090E2C91BEA109015
:10003000E2C71BEA2090E2C51BEA3090E2C3E00A67
:100040002B90E2C50BEA30BD32500474018001E40C
:100050007E146DFF7E0400FE7E34006A9AFE2E63DD
:1000600090E2C4E00A2B90E2C70BEA30BD325004A4
:1000700074018001E47E146DFF7E0400FE7E340076
:100080006B9AFE2E6390E2C3E00A2B90E2C90BEA62
:1000900030BD32500474018001E47E146DFF7E0493
:1000A00000FE7E34006C9AFE2E6390E2C4E00A2BC0
:1000B00090E2CB0BEA30BD32500474018001E47E43
:1000C000146DFF7E0400FE7E34006D9AFE2E636D7B
:1000D0002290E2C10BEA30BD327862742A1200002D
:1000E0007E34000190E2C50BEA107E2400342D21FD
:1000F0009AFC7B7C7E34000190E2C90BEA107E24DE
:1001000000342D219AFC7B7C742B1200007E34007D
:100110000190E2C70BEA107E2400282D219AFC7B77
:100120007C7E34000190E2CB0BEA107E2400282D67
:10013000219AFC7B7C742C12000002027B90E2C1AD
:100140000BEA207E340001BD237862742A1200007D
:100150007E34000190E2C50BEA107E2400352D218B
:100160009AFC7B7C7E34000190E2C90BEA107E246D
:1001700000352D219AFC7B7C742B1200007E34000C
:100180000190E2C70BEA107E2400282D219AFC7B07
:100190007C7E34000190E2CB0BEA107E2400282DF7
:1001A000219AFC7B7C742C12000002027B90E2C13D
:1001B0000BEA207E340002BD237861742A1200000D
:1001C0007E34000190E2C50BEA107E2400282D2128
:1001D0009AFC7B7C7E34000190E2C90BEA107E24FD
:1001E00000282D219AFC7B7C742B1200007E3400A9
:1001F0000190E2C70BEA107E2400352D219AFC7B8A
:100200007C7E34000190E2CB0BEA107E2400352D79
:10021000219AFC7B7C742C120000805F742A1200EF
:10022000007E34000190E2C50BEA107E2400282DE8
:10023000219AFC7B7C7E34000190E2C90BEA107E9F
:100240002400282D219AFC7B7C742B1200007E3424
:10025000000190E2C70BEA107E2400342D219AFCA5
:100260007B7C7E34000190E2CB0BEA107E240034CC
:100270002D219AFC7B7C742C1200002290C58F1BD0
:10028000EA306D336D2290E2C3E00A1B7E04000168
:100290009D1090E2C4E00A0B7E5400019D051200FF
:1002A000236D3390C5911BEA30802C90C58F0BEAEB
:1002B0002090C5910BEA103E147E34C5932D317AFF
:1002C00071827A61831BEA2090C5910BEA207E340B
:1002D00000012D321BEA3090C5910BEA207E3400DC
:1002E000F0BD2340C66D3390C5911BEA30802D7E52
:1002F0001800F090E0EC793E00021BEA207E34000A
:10030000017E14C5937E0400019AFC7BA990C591DF
:100310000BEA207E3400012D321BEA3090C5910B90
:10032000EA207E340087BD2340C5AA90E5D21BEAAF
:100330003090E5D20BEA3090E2C11BEA3090E2C186
:100340000BEA301B34680E1B3468181B3468142EFB
:10035000340003781A748790E2C3F074F090E2C41A
:10036000F0800C74F090E2C3F0748790E2C4F0AABD
:1003700090E5471BEA2090E5451BEA3090E5450BE8
:10038000EA3090E2BD1BEA3090E5470BEA3090E29C
:10039000BF1BEA30AA90E40F1BEA1090E40D1BEAA1
:1003A0002090E40B1BEA3090E2C3E00A2B90E40BB0
:1003B0000BEA30BD32500474018001E47E146DFFFD
:1003C0007E0400FE7E3400E19AFE2E6390E2C4E0DB
:1003D0000A2B90E40D0BEA30BD3250047401800109
:1003E000E47E146DFF7E0400FE7E3400E29AFE2E51
:1003F0006390E40B0BEA3090E40D0BEA2090E40BE1
:100400000BEA1090E40D0BEA001200237E34000189
:1004100090E40F0BEA209AFC7B7CAA90E2D1F0904A
:10042000E2CF1BEA2090E2CD1BEA3090E2C3E00A63
:100430002B90E2CD0BEA30BD32500474018001E410
:100440007E146DFF7E0400FE7E3400F59AFE2E635E
:1004500090E2C4E00A2B90E2CF0BEA30BD325004A8
:1004600074018001E47E146DFF7E0400FE7E340082
:10047000F69AFE2E63E490E2D2F002052A90E2CDD5
:100480000BEA3090E2D2E00A1B90E2CF0BEA202D7B
:100490002190E2CD0BEA007E1400072D1090E2D2ED
:1004A000E00A5B90E2CF0BEA002D0512002390E2F8
:1004B000D1E01A3B3E343E343E343E3490E2D2E04A
:1004C0000A2B2D237E34011F2D327E2400FF7E1B3C
:1004D000B090E2D4F0E490E2D3F0803790E2D4E040
:1004E00030E0107E34000190E2BD0BEA209AFC7BE4
:1004F0007C800E7E34000190E2BF0BEA209AFC7BE8
:100500007C90E2D4E01EB0F090E2D37EEBA07401C8
:100510002CBAF090E2D37EEBA07408BCAB40BD9047
:10052000E2D27EEBA074012CBAF090E2D27EEBA076
:100530007410BCAB500302047DAA90E13A1BEA00A0
:10054000791E000290E1381BEA2090E1361BEA3068
:100550006D3390E13E1BEA3090E2C3E00A2B90E15C
:10056000360BEA30BD32500474018001E47E146D14
:10057000FF7E0400FE7E3401139AFE2E6390E2C4D7
:10058000E00A2B90E1380BEA30BD32500474018050
:1005900001E47E146DFF7E0400FE7E3401149AFE99
:1005A0002E63804290E13E0BEA203E243E243E240E
:1005B00090E1360BEA302D3290E1380BEA2090E1E1
:1005C0003E0BEA5090E13A691E00020BEA002D153D
:1005D0007E0BB09AFD041B90E13E0BEA207E3400B6
:1005E000012D321BEA3090E13E0BEA1090E13A69AE
:1005F0003E00020BEA202D317E1BB0BEB00078A475
:10060000AA90E192F090E1901BEA2090E18E1BEA23
:100610003090E2C3E00A2B90E18E0BEA30BD3250FD
:100620000474018001E47E146DFF7E0400FE7E34BC
:10063000012A9AFE2E6390E2C4E00A2B90E1900B0F
:10064000EA30BD32500474018001E47E146DFF7EF7
:100650000400FE7E34012B9AFE2E636CAA90E19278
:10066000E0BCBA581F90E18E0BEA3090E1900BEAA3
:1006700020742D9AFD041B90E192E064FF0490E148
:1006800092F0801290E18E0BEA3090E1900BEA201C
:1006900074209AFD041B90E192E01A3B7E240064D2
:1006A0009AFD9CD37CB790E193F090E192E01A3BE5
:1006B0007E24000A9AFD9CD37E24000A9AFD9CD3D6
:1006C0007CB590E194F090E192E01A3B7E24000A20
:1006D0009AFD9CD37CB590E195F0E490E196F08092
:1006E0004A90E196E00A3B7E2400012D233E243E01
:1006F000243E2490E18E0BEA302D3290E1900BEAFB
:100700002090E196E00A0B7E14E1932D107A31825D
:100710007A2183E00A4B7E5400302D549AFD041B4D
:1007200090E1967EEBA074012CBAF090E1967EEBFE
:10073000A07403BCAB40AAAA90E19BF090E1991B86
:10074000EA2090E1971BEA3090E2C3E00A2B90E1A7
:10075000970BEA30BD32500474018001E47E146DC1
:10076000FF7E0400FE7E34014D9AFE2E6390E2C4AB
:10077000E00A2B90E1990BEA30BD325004740180FD
:1007800001E47E146DFF7E0400FE7E34014E9AFE6D
:100790002E6390E19BE00A5B7E4400648D5490E1FF
:1007A0009CF090E19BE00A3B7E24000A8D327E247F
:1007B000000A9AFD9CD37CB590E19DF090E19BE00E
:1007C0000A3B7E24000A9AFD9CD37CB590E19EF002
:1007D000E490E19FF0804290E19F7EEB707408AC62
:1007E000B790E1970BEA302D3590E1990BEA209014
:1007F000E19FE00A0B7E14E19C2D107A31827A2170
:1008000083E00A4B7E5400302D549AFD041B90E186
:100810009F7EEBA074012CBAF090E19F7EEBA07458
:1008200003BCAB40B2AA90DF861BEA1090DF841BAA
:10083000EA2090DF821BEA3090E2C3E00A2B90DFCF
:10084000820BEA30BD32500474018001E47E146DE5
:10085000FF7E0400FE7E3401699AFE2E6390E2C49E
:10086000E00A2B90DF840BEA30BD32500474018023
:1008700001E47E146DFF7E0400FE7E34016A9AFE60
:100880002E636D2290DF860BEA30BD32582690DF52
:10089000820BEA3090DF840BEA20742D9AFD041B52
:1008A00090DF860BEA306E34FFFF0B3490DF861B3F
:1008B000EA30801290DF820BEA3090DF840BEA206E
:1008C00074209AFD041B90DF860BEA307E242710EB
:1008D0009AFD9CD37CB790DF88F090DF860BEA30DE
:1008E0007E2403E89AFD9CD37E24000A9AFD9CD3C3
:1008F0007CB590DF89F090DF860BEA307E240064BF
:100900009AFD9CD37E24000A9AFD9CD37CB590DF8F
:100910008AF090DF860BEA307E24000A9AFD9CD391
:100920007E24000A9AFD9CD37CB590DF8BF090DF8B
:10093000860BEA307E24000A9AFD9CD37CB590DFBA
:100940008CF0E490DF8DF0804A90DF8DE00A3B7EF2
:100950002400012D233E243E243E2490DF820BEA16
:10096000302D3290DF840BEA2090DF8DE00A0B7E81
:1009700014DF882D107A31827A2183E00A4B7E546D
:1009800000302D549AFD041B90DF8D7EEBA0740186
:100990002CBAF090DF8D7EEBA07405BCAB40AAAA08
:1009A00090DF921BEA1090DF901BEA2090DF8E1BF5
:1009B000EA3090E2C3E00A2B90DF8E0BEA30BD32C2
:1009C000500474018001E47E146DFF7E0400FE7EFD
:1009D00034018E9AFE2E6390E2C4E00A2B90DF90E1
:1009E0000BEA30BD32500474018001E47E146DFFC7
:1009F0007E0400FE7E34018F9AFE2E6390DF920B00
:100A0000EA507E4427108D5490DF94F090DF920BD3
:100A1000EA307E2403E88D327E24000A8D327CB5D4
:100A200090DF95F090DF920BEA307E2400648D32E7
:100A30007E24000A8D327CB590DF96F090DF920B19
:100A4000EA307E24000A8D327E24000A8D327CB585
:100A500090DF97F090DF920BEA307E24000A8D320F
:100A60007CB590DF98F0E490DF99F0804290DF99B8
:100A70007EEB707408ACB790DF8E0BEA302D3590AA
:100A8000DF900BEA2090DF99E00A0B7E14DF942DB3
:100A9000107A31827A2183E00A4B7E5400302D5443
:100AA0009AFD041B90DF997EEBA074012CBAF090A4
:100AB000DF997EEBA07405BCAB40B2AA90D5CFF015
:100AC00090D5CB1BEA00791E000290D5C91BEA2005
:100AD00090D5C71BEA3090E2C3E00A2B90D5C70B34
:100AE000EA30BD32500474018001E47E146DFF7E53
:100AF0000400FE7E3401AF9AFE2E6390E2C4E00A49
:100B00002B90D5C90BEA30BD32500474018001E44A
:100B10007E146DFF7E0400FE7E3401B09AFE2E63CB
:100B200090D5CF7EEBA0740ABCAB2806740A90D592
:100B3000CFF090D5CF7EEBA074012CBAF090D5CB3E
:100B4000693E00020BEA20BE180000583090D5CB59
:100B5000693E00020BEA2090CF8E793E00021BEA2C
:100B6000207E14D5D07E0400017E346DFC7E2400EE
:100B7000FE9AFC681F7CB790D5F2F0803F742090FD
:100B8000D5D0F090D5CB693E00020BEA2090CF8EF5
:100B9000793E00021BEA207E14D5D17E0400017E3E
:100BA000346DFC7E2400FE9AFC681F7CB790D5F261
:100BB000F090D5F27EEBA074012CBAF080237EA0D9
:100BC0002090D5F2E00A2B7E34D5D02D327A718276
:100BD0007A61837AEBA090D5F27EEBA074012CBAF7
:100BE000F090D5CF7EEBA090D5F2E0BCBA40CF6CB0
:100BF000AA90D5CFE00A2B7E34D5D02D327A7182DF
:100C00007A61837AEBA090D5C70BEA3090D5C90BF7
:100C1000EA207E14D5D07E0400019AFD053AAA9000
:100C2000D4797AEB3090D478F090D46E1BEA20908F
:100C3000D46C1BEA3090E2C3E00A2B90D46C0BEA30
:100C400030BD32500474018001E47E146DFF7E04D7
:100C500000FE7E3401DA9AFE2E6390E2C4E00A2B95
:100C600090D46E0BEA30BD32500474018001E47EF2
:100C7000146DFF7E0400FE7E3401DB9AFE2E63902D
:100C8000D4797EEBA07406BCAB2806740690D479A8
:100C9000F090D4787EEBA0740ABCAB2806740A905E
:100CA000D478F090D4700BEA80699E000269AE009F
:100CB0000469BE00069F009F119AFD90D8284090BD
:100CC000D4700BEA00691E0002692E0004693E0020
:100CD0000690CF8A1BEA00791E0002792E00047963
:100CE0003E00067E14D47B7E0400017E346DF97EC6
:100CF0002400FE9AFC681F7CB790D47AF08049905B
:100D0000D4700BEA00691E0002692E0004693E00DF
:100D10000690CF8A1BEA00791E0002792E00047922
:100D20003E00067E14D47C7E0400017E346DF97E84
:100D30002400FE9AFC681F7CB790D47AF090D47A95
:100D40007EEBA074012CBAF090D47AE00A5B7E446A
:100D500000079D5490D49FF090D478E00A4B90D433
:100D60009FE01A5B9D547E4400019D5490D49DF0F9
:100D700090D479E00A3B90D49FE01A4B2D437E54E7
:100D800000012D5490D49EF0802E7EA02090D49E01
:100D9000E01A2B7E34D47B2D327A71827A61837A89
:100DA000EBA090D49E7EEBA074012CBAF090D49D61
:100DB0007EEBA074012CBAF090D49D7EEBA0E4BC35
:100DC000AB48C790D4700BEA80699E000269AE0000
:100DD0000469BE00069F009F119AFD90D8281A7ED4
:100DE000A02D90D49DE01A2B7E34D47B2D327A71C5
:100DF000827A61837AEBA080187EA02090D49DE057
:100E00001A2B7E34D47B2D327A71827A61837AEB0D
:100E1000A06CAA90D49EE01A2B7E34D47B2D327A1B
:100E200071827A61837AEBA090D46C0BEA3090D413
:100E30006E0BEA207E14D47B7E0400019AFD053AF5
:100E4000AA90D8B11BEA00791E000290D8AF1BEA25
:100E50002090D8AD1BEA309F1190D8BD793E00029A
:100E60001BEA209F1190D8C1793E00021BEA209016
:100E7000E2C3E00A2B90D8AD0BEA30BD32500474C7
:100E8000018001E47E146DFF7E0400FE7E34020AC0
:100E90009AFE2E6390E2C4E00A2B90D8AF0BEA30A2
:100EA000BD32500474018001E47E146DFF7E0400A5
:100EB000FE7E34020B9AFE2E6390D8AD0BEA309082
:100EC000D8AF0BEA2090D8B90BEA0090D8AD0BEA66
:100ED000102D107E0400019D1090D8BB0BEA50909D
:100EE000D8AF0BEA002D057E5400019D05120023AA
:100EF0009F1190D8BD793E00021BEA2080609F11AF
:100F000090D8C1793E00021BEA2080257E34000182
:100F100090E2BF0BEA209AFC7B7C90D8C1691E004E
:100F2000020BEA007E1800012F10793E00021BEA36
:100F30002090D8B90BEA106D0090D8C1693E00022C
:100F40000BEA20BF1040C590D8BD691E00020BEA15
:100F5000007E1800012F10793E00021BEA2090D875
:100F6000BB0BEA106D0090D8BD693E00020BEA2071
:100F7000BF10408A9F1190D8BD793E00021BEA2025
:100F800002104190D8B50BEA1090D8BD693E00021E
:100F90000BEA209AFD9D1690D8B90BEA109AFD9D98
:100FA0001F90D8C5793E00021BEA2090D8C5693E43
:100FB00000020BEA207D1390D8B1693E00020BEAD3
:100FC000202D317E1B700A2790D8BB0BEA307E148F
:100FD00000019D31AD3290D8B70BEA208D326D22E1
:100FE00090D8C9793E00021BEA2090D8BD693E0026
:100FF000020BEA207D2390D8AD0BEA302D3290D839
:10100000BB0BEA107E2400019D126D0090D8C969C7
:101010005E00020BEA409F0290D8AF0BEA202D2120
:1010200090E2BD0BEA109AFD039590D8BD691E00B1
:10103000020BEA007E1800012F10793E00021BEA25
:101040002090D8B90BEA106D0090D8BD693E00021F
:101050000BEA20BF105003020F83AA90C19DF090AD
:10106000C1911BEA00791E000290C18F1BEA2090FB
:10107000C18D1BEA309F1190C19E793E00021BEA90
:10108000209F1190C1A2793E00021BEA2090E2C38A
:10109000E00A2B90C18D0BEA30BD32500474018000
:1010A00001E47E146DFF7E0400FE7E3402389AFE59
:1010B0002E6390E2C4E00A2B90C18F0BEA30BD3260
:1010C000500474018001E47E146DFF7E0400FE7EF6
:1010D0003402399AFE2E6390C191693E00020BEAF8
:1010E000204D23680474018001E47E146DFF7E04AA
:1010F00000FE7E34023A9AFE2E63C3C2B590C18DC3
:101100000BEA3090C18F0BEA2090C1990BEA009056
:10111000C18D0BEA102D107E0400019D1090C19B23
:101120000BEA5090C18F0BEA002D057E5400019D03
:10113000051200239F1190C1A2793E00021BEA20F4
:1011400002131090C1970BEA1090C1A2693E0002F1
:101150000BEA209AFD9D1690C19B0BEA109AFD9D0B
:101160001F90C1950BEA109AFD9D167D1390C191B9
:10117000693E00020BEA202D3190C38A793E0002BD
:101180001BEA209F1190C19E793E00021BEA2002BB
:1011900012BE90C1950BEA1090C19E693E00020BF1
:1011A000EA209AFD9D1690C1990BEA109AFD9D1FA9
:1011B0007D1390C38A693E00020BEA202D317E1B0D
:1011C000700A3790C1A81BEA3090C19DE0BEB00004
:1011D000680302125990C1A80BEA201E241E241E87
:1011E000247E34001F5D327C676C773E343E343E93
:1011F0003490C1A61BEA3090C1A80BEA301E341E01
:10120000347E24003F5D2374053E241478FB90C196
:10121000A60BEA304D321BEA3090C1A80BEA301E13
:10122000341E341E347E24001F5D2390C1A60BEAB9
:10123000304D321BEA3090C1A60BEA2090C19E6966
:101240001E00020BEA003E147E34C1AA2D317A71D1
:10125000827A61831BEA20804E90C19DE00A2B9028
:10126000C1A80BEA30BD32501F6D2290C19E691E8D
:1012700000020BEA003E147E34C1AA2D317A71823D
:101280007A61831BEA20801F7E24FFFF90C19E6944
:101290001E00020BEA003E147E34C1AA2D317A7181
:1012A000827A61831BEA2090C19E691E00020BEACC
:1012B000007E1800012F10793E00021BEA2090C129
:1012C000990BEA106D0090C19E693E00020BEA2066
:1012D000BF10500302119290C1990BEA306D229019
:1012E000E0EC793E00021BEA207E3400017E14C14E
:1012F000AA7E0400019AFC7BA990C1A2691E00028B
:101300000BEA007E1800012F10793E00021BEA2034
:1013100090C19B0BEA106D0090C1A2693E00020BC8
:10132000EA20BF105003021143D3D2B5AA90DA8D40
:101330001BEA00791E000290DA8CF090DA8A1BEA30
:101340002090DA881BEA3090E2C3E00A2B90DA881A
:101350000BEA30BD32500474018001E47E146DFF4D
:101360007E0400FE7E34026D9AFE2E6390E2C4E09D
:101370000A2B90DA8A0BEA30BD32500474018001E6
:10138000E47E146DFF7E0400FE7E34026E9AFE2E13
:101390006390DA8CE00A5B1E541E541E5490DA9C53
:1013A000F090DA880BEA3090DA8A0BEA2090DA8C37
:1013B000E090DA917EEB10AC1B7E1400019D019051
:1013C000DA880BEA102D1090DA8CE00A5B90DA8A4A
:1013D0000BEA002D057E5400019D051200236D339C
:1013E00090DA941BEA3002151D90DA91E090DA9BB6
:1013F000F090DA9CE00A1B90DA940BEA00AD1090B2
:10140000DA8D693E00020BEA202D3190DA9D793E9B
:1014100000021BEA200214F86D3390DA981BEA30C0
:101420000214BB7E34000890DA961BEA30805E908E
:10143000DA960BEA507E4400019D5490DA9D693E95
:1014400000020BEA207E1BA060051EA01478FB742E
:10145000015CBA90DA9AF090DA9AE0BEB0006810B7
:101460007E34000190DA920BEA209AFC7B7C800E9D
:101470007E34000190E2BF0BEA209AFC7B7C90DA7C
:10148000960BEA307E2400019D321BEA306D2290DB
:10149000DA960BEA30BD32189690DA9D693E00026A
:1014A0000BEA200B34793E00021BEA2090DA980BFD
:1014B000EA207E3400012D321BEA3090DA9CE00AEB
:1014C0002B90DA980BEA30BD32580302142390DADD
:1014D0008CE090DA9C7EEB30AC3B90DA9D693E006C
:1014E000020BEA2090DA9CE00A0B9D302D3190DA55
:1014F0009D793E00021BEA2090DA9B7EEBA07E7075
:10150000017CBA9CB7F0BEA000680302141890DA00
:10151000940BEA207E3400012D321BEA3090DA8CE5
:10152000E00A2B90DA940BEA30BD3258030213E93B
:10153000AA7E34139390DB911BEA307E3413919092
:10154000DB931BEA307E34FFFF90DB951BEA307E95
:1015500034FFFF90DB971BEA307E3400016D227E62
:10156000146C007E0402DC9AFC80167E3400817EBE
:10157000240001E47E1400109AFD429C7E34008019
:101580007E240001E47E1400109AFD429C7E34000B
:10159000457E240001E47E1400109AFD429C7E34B6
:1015A00000927E24000174017E1400109AFD429C7A
:1015B00090E2C10BEA309AFD032B90E2BD0BEA30BA
:1015C00090E2BF0BEA209AFD0370C3C2F87E1403B9
:1015D000E890E4D1693E00020BEA209AFD9D1F7E4F
:1015E0001400C89AFD9D169AFE35DFD3D2F87E14FA
:1015F00003E890E4D1693E00020BEA209AFD9D1FAA
:101600007E1400649AFD9D169AFE35DF7436120032
:10161000007E1403E890E4D1693E00020BEA209AB0
:10162000FD9D1F7E1400649AFD9D169AFE35DF6DA8
:101630002290E2C10BEA30BD32780B7E340001E427
:101640009AFC7B18803E90E2C10BEA207E340001B8
:10165000BD23780C7E34000174C09AFC7B18802472
:1016600090E2C10BEA207E340002BD23780C7E3468
:10167000000174709AFC7B18800A7E34000174A00B
:101680009AFC7B18743A1200007E34000174059AAB
:10169000FC7B1874B21200007E340001740C9AFCBA
:1016A0007B187E340001740C9AFC7B187E34000198
:1016B000E49AFC7B187E34000174339AFC7B187E1C
:1016C00034000174339AFC7B1874B71200007E3426
:1016D000000174359AFC7B1874BB1200007E340044
:1016E0000174379AFC7B1874C01200007E3400012C
:1016F000742C9AFC7B1874C21200007E34000174B2
:10170000019AFC7B1874C31200007E34000174122D
:101710009AFC7B1874C41200007E34000174209A75
:10172000FC7B1874C61200007E340001740F9AFC12
:101730007B1874D01200007E34000174A49AFC7BE4
:10174000187E34000174A19AFC7B1874E01200002A
:101750007E34000174D09AFC7B187E34000174043E
:101760009AFC7B187E340001740D9AFC7B187E3441
:10177000000174119AFC7B187E34000174139AFCEA
:101780007B187E340001742B9AFC7B187E34000198
:10179000743F9AFC7B187E34000174549AFC7B18C9
:1017A0007E340001744C9AFC7B187E34000174185E
:1017B0009AFC7B187E340001740D9AFC7B187E34F1
:1017C0000001740B9AFC7B187E340001741F9AFC94
:1017D0007B187E34000174239AFC7B1874E112009C
:1017E000007E34000174D09AFC7B187E34000174B2
:1017F000049AFC7B187E340001740C9AFC7B187EE2
:1018000034000174119AFC7B187E34000174139A21
:10181000FC7B187E340001742C9AFC7B187E34000B
:1018200001743F9AFC7B187E34000174449AFC7B5F
:10183000187E34000174519AFC7B187E34000174C8
:101840002F9AFC7B187E340001741F9AFC7B187E53
:10185000340001741F9AFC7B187E34000174209AB6
:10186000FC7B187E34000174239AFC7B18742112CF
:10187000000074111200007E1403E890E4D1693E68
:1018800000020BEA209AFD9D1F7E1400789AFD9DB0
:10189000169AFE35DF742912000090E2BF0BEA3081
:1018A0009AFD027CAA90E5F6F0D3D2B5C3C2B5C3C7
:1018B000C2F97E34000190E5F6E09AFC7B18D3D2A1
:1018C000B5D3D2F9C3C2B52290E2E31BEA0090E29D
:1018D000E11BEA1090E2DF1BEA2090E2DD1BEA3018
:1018E00090E2DBE00A2B90E2DD0BEA30BD325004DF
:1018F00074018001E47E146E327E0400FE7E3400AA
:101900006A9AFE2E6390E2DCE00A2B90E2DF0BEA9B
:1019100030BD32500474018001E47E146E327E04C6
:1019200000FE7E34006B9AFE2E6390E2DBE00A2B11
:1019300090E2E10BEA30BD32500474018001E47E94
:10194000146E327E0400FE7E34006C9AFE2E63908C
:10195000E2DCE00A2B90E2E30BEA30BD3250047483
:10196000018001E47E146E327E0400FE7E34006D40
:101970009AFE2E636D2290E2D90BEA30BD32680EDA
:1019800090E2D90BEA207E340001BD23785C742AF2
:101990001218A57E34000190E2DD0BEA107E2400CF
:1019A000022D219AFC7B7C7E34000190E2E10BEA5F
:1019B000107E2400022D219AFC7B7C742B1218A52A
:1019C0007E34000190E2DF0BEA107E2400012D211D
:1019D0009AFC7B7C7E34000190E2E30BEA107E24CB
:1019E00000012D219AFC7B7C805A742A1218A57E56
:1019F00034000190E2DD0BEA107E2400012D219AD3
:101A0000FC7B7C7E34000190E2E10BEA107E240036
:101A1000012D219AFC7B7C742B1218A57E340001C9
:101A200090E2DF0BEA107E2400022D219AFC7B7CE1
:101A30007E34000190E2E30BEA107E2400022D21A7
:101A40009AFC7B7C742C1218A52290CAB81BEA3031
:101A50006D336D2290E2DBE00A1B7E0400019D10D5
:101A600090E2DCE00A0B7E5400019D051218C86D5F
:101A70003390CABA1BEA30802C90CAB80BEA209087
:101A8000CABA0BEA103E147E34CABC2D317A718278
:101A90007A61831BEA2090CABA0BEA207E340001E7
:101AA0002D321BEA3090CABA0BEA207E3400A0BD6A
:101AB0002340C66D3390CABA1BEA30802D7E1800D1
:101AC000A090E0EC793E00021BEA207E3400017E0B
:101AD00014CABC7E0400019AFC7BA990CABA0BEA26
:101AE000207E3400012D321BEA3090CABA0BEA2066
:101AF0007E340080BD2340C5AA90E5D41BEA309017
:101B0000E5D40BEA3090E2D91BEA3090E5D40BEA39
:101B1000207E340002BD23580E748090E2DBF07406
:101B2000A090E2DCF0800C74A090E2DBF074809076
:101B3000E2DCF0AA90E54B1BEA2090E5491BEA3075
:101B400090E5490BEA3090E2D51BEA3090E54B0B6B
:101B5000EA3090E2D71BEA30AA90E4151BEA109015
:101B6000E4131BEA2090E4111BEA3090E2DBE00A68
:101B70002B90E4110BEA30BD32500474018001E473
:101B80007E146E327E0400FE7E3400CA9AFE2E63FE
:101B900090E2DCE00A2B90E4130BEA30BD325004F3
:101BA00074018001E47E146E327E0400FE7E3400F7
:101BB000CB9AFE2E6390E4110BEA3090E4130BEA0B
:101BC0002090E4110BEA1090E4130BEA001218C8FD
:101BD0007E34000190E4150BEA209AFC7B7CAA90ED
:101BE000E2E9F090E2E71BEA2090E2E51BEA3090A0
:101BF000E2DBE00A2B90E2E50BEA30BD32500474E0
:101C0000018001E47E146E327E0400FE7E3400DE2C
:101C10009AFE2E6390E2DCE00A2B90E2E70BEA30BA
:101C2000BD32500474018001E47E146E327E0400E3
:101C3000FE7E3400DF9AFE2E63E490E2EAF0021C9E
:101C4000EE90E2E50BEA3090E2EAE00A1B90E2E770
:101C50000BEA202D2190E2E50BEA007E1400072D0F
:101C60001090E2EAE00A5B90E2E70BEA002D051231
:101C700018C890E2E9E01A3B3E343E343E343E342C
:101C800090E2EAE00A2B2D237E34011F2D327E24C0
:101C900000FF7E1BB090E2ECF0E490E2EBF08037C6
:101CA00090E2ECE030E0107E34000190E2D50BEAE7
:101CB000209AFC7B7C800E7E34000190E2D70BEAF8
:101CC000209AFC7B7C90E2ECE01EB0F090E2EB7E90
:101CD000EBA074012CBAF090E2EB7EEBA07408BC90
:101CE000AB40BD90E2EA7EEBA074012CBAF090E22A
:101CF000EA7EEBA07410BCAB5003021C41AA90E139
:101D0000441BEA00791E000290E1421BEA2090E1A8
:101D1000401BEA306D3390E1481BEA3090E2DBE093
:101D20000A2B90E1400BEA30BD325004740180016F
:101D3000E47E146E327E0400FE7E3400FC9AFE2E99
:101D40006390E2DCE00A2B90E1420BEA30BD3250B6
:101D50000474018001E47E146E327E0400FE7E3441
:101D600000FD9AFE2E63804290E1480BEA203E245B
:101D70003E243E2490E1400BEA302D3290E1420BAC
:101D8000EA2090E1480BEA5090E144691E00020B02
:101D9000EA002D157E0BB09AFD1BDF90E1480BEA9F
:101DA000207E3400012D321BEA3090E1480BEA100E
:101DB00090E144693E00020BEA202D317E1BB0BE4B
:101DC000B00078A4AA90E1A4F090E1A21BEA2090D0
:101DD000E1A01BEA3090E2DBE00A2B90E1A00BEAE5
:101DE00030BD32500474018001E47E146E327E04F2
:101DF00000FE7E3401149AFE2E6390E2DCE00A2B92
:101E000090E1A20BEA30BD32500474018001E47EFF
:101E1000146E327E0400FE7E3401159AFE2E636C31
:101E2000AA90E1A4E0BCBA581F90E1A00BEA309060
:101E3000E1A20BEA20742D9AFD1BDF90E1A4E0647F
:101E4000FF0490E1A4F0801290E1A00BEA3090E151
:101E5000A20BEA2074209AFD1BDF90E1A4E01A3B5C
:101E60007E2400649AFD9CD37CB790E1A5F090E1BC
:101E7000A4E01A3B7E24000A9AFD9CD37E24000A2B
:101E80009AFD9CD37CB590E1A6F090E1A4E01A3BCA
:101E90007E24000A9AFD9CD37CB590E1A7F0E490E3
:101EA000E1A8F0804A90E1A8E00A3B7E2400012DE1
:101EB000233E243E243E2490E1A00BEA302D3290B4
:101EC000E1A20BEA2090E1A8E00A0B7E14E1A52D27
:101ED000107A31827A2183E00A4B7E5400302D54EF
:101EE0009AFD1BDF90E1A87EEBA074012CBAF09064
:101EF000E1A87EEBA07403BCAB40AAAA90E1ADF0D0
:101F000090E1AB1BEA2090E1A91BEA3090E2DBE014
:101F10000A2B90E1A90BEA30BD3250047401800114
:101F2000E47E146E327E0400FE7E3401389AFE2E6A
:101F30006390E2DCE00A2B90E1AB0BEA30BD32505B
:101F40000474018001E47E146E327E0400FE7E344F
:101F500001399AFE2E6390E1ADE00A5B7E44006495
:101F60008D5490E1AEF090E1ADE00A3B7E24000A92
:101F70008D327E24000A9AFD9CD37CB590E1AFF0AF
:101F800090E1ADE00A3B7E24000A9AFD9CD37CB52B
:101F900090E1B0F0E490E1B1F0804290E1B17EEBED
:101FA000707408ACB790E1A90BEA302D3590E1AB25
:101FB0000BEA2090E1B1E00A0B7E14E1AE2D107A1D
:101FC00031827A2183E00A4B7E5400302D549AFDF1
:101FD0001BDF90E1B17EEBA074012CBAF090E1B16F
:101FE0007EEBA07403BCAB40B2AA90DF9E1BEA104C
:101FF00090DF9C1BEA2090DF9A1BEA3090E2DBE046
:102000000A2B90DF9A0BEA30BD3250047401800134
:10201000E47E146E327E0400FE7E3401549AFE2E5D
:102020006390E2DCE00A2B90DF9C0BEA30BD32507B
:102030000474018001E47E146E327E0400FE7E345E
:1020400001559AFE2E636D2290DF9E0BEA30BD3261
:10205000582690DF9A0BEA3090DF9C0BEA20742D13
:102060009AFD1BDF90DF9E0BEA306E34FFFF0B34CE
:1020700090DF9E1BEA30801290DF9A0BEA3090DFEF
:102080009C0BEA2074209AFD1BDF90DF9E0BEA3048
:102090007E2427109AFD9CD37CB790DFA0F090DFC0
:1020A0009E0BEA307E2403E89AFD9CD37E24000A2E
:1020B0009AFD9CD37CB590DFA1F090DF9E0BEA30B7
:1020C0007E2400649AFD9CD37E24000A9AFD9CD352
:1020D0007CB590DFA2F090DF9E0BEA307E24000AF0
:1020E0009AFD9CD37E24000A9AFD9CD37CB590DF98
:1020F000A3F090DF9E0BEA307E24000A9AFD9CD369
:102100007CB590DFA4F0E490DFA5F0804A90DFA5D5
:10211000E00A3B7E2400012D233E243E243E2490F1
:10212000DF9A0BEA302D3290DF9C0BEA2090DFA57E
:10213000E00A0B7E14DFA02D107A31827A2183E031
:102140000A4B7E5400302D549AFD1BDF90DFA57E94
:10215000EBA074012CBAF090DFA57EEBA07405BC57
:10216000AB40AAAA90DFAA1BEA1090DFA81BEA20C6
:1021700090DFA61BEA3090E2DBE00A2B90DFA60B93
:10218000EA30BD32500474018001E47E146E327E68
:102190000400FE7E3401799AFE2E6390E2DCE00AB0
:1021A0002B90DFA80BEA30BD32500474018001E4AB
:1021B0007E146E327E0400FE7E34017A9AFE2E6317
:1021C00090DFAA0BEA507E4427108D5490DFACF0CC
:1021D00090DFAA0BEA307E2403E88D327E24000AC9
:1021E0008D327CB590DFADF090DFAA0BEA307E2413
:1021F00000648D327E24000A8D327CB590DFAEF013
:1022000090DFAA0BEA307E24000A8D327E24000A79
:102210008D327CB590DFAFF090DFAA0BEA307E24E0
:10222000000A8D327CB590DFB0F0E490DFB1F08031
:102230004290DFB17EEB707408ACB790DFA60BEA7A
:10224000302D3590DFA80BEA2090DFB1E00A0B7E3D
:1022500014DFAC2D107A31827A2183E00A4B7E5450
:1022600000302D549AFD1BDF90DFB17EEBA074018E
:102270002CBAF090DFB17EEBA07405BCAB40B2AAE3
:1022800090D5FBF090D5F71BEA00791E000290D59F
:10229000F51BEA2090D5F31BEA3090E2DBE00A2B35
:1022A00090D5F30BEA30BD32500474018001E47E16
:1022B000146E327E0400FE7E3401999AFE2E6390E5
:1022C000E2DCE00A2B90D5F50BEA30BD3250047405
:1022D000018001E47E146E327E0400FE7E34019A99
:1022E0009AFE2E6390D5FB7EEBA0740ABCAB280649
:1022F000740A90D5FBF090D5FB7EEBA074012CBA4C
:10230000F090D5F7693E00020BEA20BE1800005895
:102310003090D5F7693E00020BEA2090CF8E793ECF
:1023200000021BEA207E14D5FC7E0400017E346E80
:102330002F7E2400FE9AFC681F7CB790D61EF0808A
:102340003F742090D5FCF090D5F7693E00020BEA6F
:102350002090CF8E793E00021BEA207E14D5FD7EB0
:102360000400017E346E2F7E2400FE9AFC681F7CE0
:10237000B790D61EF090D61E7EEBA074012CBAF05A
:1023800080237EA02090D61EE00A2B7E34D5FC2D23
:10239000327A71827A61837AEBA090D61E7EEBA0AE
:1023A00074012CBAF090D5FB7EEBA090D61EE0BC59
:1023B000BA40CF6CAA90D5FBE00A2B7E34D5FC2D19
:1023C000327A71827A61837AEBA090D5F30BEA308E
:1023D00090D5F50BEA207E14D5FC7E0400019AFD11
:1023E0001CFEAA90D4AD7AEB3090D4ACF090D4A27D
:1023F0001BEA2090D4A01BEA3090E2DBE00A2B908D
:10240000D4A00BEA30BD32500474018001E47E1484
:102410006E327E0400FE7E3401C49AFE2E6390E28A
:10242000DCE00A2B90D4A20BEA30BD3250047401D8
:102430008001E47E146E327E0400FE7E3401C59A73
:10244000FE2E6390D4AD7EEBA07406BCAB28067460
:102450000690D4ADF090D4AC7EEBA0740ABCAB284F
:1024600006740A90D4ACF090D4A40BEA80699E0064
:102470000269AE000469BE00069F009F119AFD909C
:10248000D8284090D4A40BEA00691E0002692E00EF
:1024900004693E000690CF8A1BEA00791E0002798B
:1024A0002E0004793E00067E14D4AF7E0400017E27
:1024B000346E2C7E2400FE9AFC681F7CB790D4AE4C
:1024C000F0804990D4A40BEA00691E0002692E0036
:1024D00004693E000690CF8A1BEA00791E0002794B
:1024E0002E0004793E00067E14D4B07E0400017EE6
:1024F000346E2C7E2400FE9AFC681F7CB790D4AE0C
:10250000F090D4AE7EEBA074012CBAF090D4AEE083
:102510000A5B7E4400079D5490D4D3F090D4ACE085
:102520000A4B90D4D3E01A5B9D547E4400019D5425
:1025300090D4D1F090D4ADE00A3B90D4D3E01A4BC4
:102540002D437E5400012D5490D4D2F0802E7EA0D5
:102550002090D4D2E01A2B7E34D4AF2D327A7182FF
:102560007A61837AEBA090D4D27EEBA074012CBA6E
:10257000F090D4D17EEBA074012CBAF090D4D17E2F
:10258000EBA0E4BCAB48C790D4A40BEA80699E00E2
:102590000269AE000469BE00069F009F119AFD907B
:1025A000D8281A7EA02D90D4D1E01A2B7E34D4AF37
:1025B0002D327A71827A61837AEBA080187EA02016
:1025C00090D4D1E01A2B7E34D4AF2D327A71827A36
:1025D00061837AEBA06CAA90D4D2E01A2B7E34D41B
:1025E000AF2D327A71827A61837AEBA090D4A00BFE
:1025F000EA3090D4A20BEA207E14D4AF7E0400010E
:102600009AFD1CFEAA90C967F090C95B1BEA00798D
:102610001E000290C9591BEA2090C9571BEA309F3F
:102620001190C968793E00021BEA209F1190C96C85
:10263000793E00021BEA2090E2DBE00A2B90C957AA
:102640000BEA30BD32500474018001E47E146E3216
:102650007E0400FE7E3401FC9AFE2E6390E2DCE0F4
:102660000A2B90C9590BEA30BD3250047401800125
:10267000E47E146E327E0400FE7E3401FD9AFE2E4E
:102680006390C95B693E00020BEA204D2368047425
:10269000018001E47E146E327E0400FE7E3401FE71
:1026A0009AFE2E63C3C2B590C9570BEA3090C95940
:1026B0000BEA2090C9630BEA0090C9570BEA102D72
:1026C000107E0400019D1090C9650BEA5090C95915
:1026D0000BEA002D057E5400019D051218C89F11BC
:1026E00090C96C793E00021BEA200228BA90C961A9
:1026F0000BEA1090C96C693E00020BEA209AFD9D1E
:102700001690C9650BEA109AFD9D1F90C95F0BEAF0
:10271000109AFD9D167D1390C95B693E00020BEA7D
:10272000202D3190CAB4793E00021BEA209F1190FF
:10273000C968793E00021BEA2002286890C95F0B35
:10274000EA1090C968693E00020BEA209AFD9D16C6
:1027500090C9630BEA109AFD9D1F7D1390CAB4695E
:102760003E00020BEA202D317E1B700A3790C972A1
:102770001BEA3090C967E0BEB000680302280390EE
:10278000C9720BEA201E241E241E247E34001F5D05
:10279000327C676C773E343E343E3490C9701BEA1D
:1027A0003090C9720BEA301E341E347E24003F5D27
:1027B0002374053E241478FB90C9700BEA304D3227
:1027C0001BEA3090C9720BEA301E341E341E347E70
:1027D00024001F5D2390C9700BEA304D321BEA3094
:1027E00090C9700BEA2090C968691E00020BEA00CC
:1027F0003E147E34C9742D317A71827A61831BEA6A
:1028000020804E90C967E00A2B90C9720BEA30BD58
:1028100032501F6D2290C968691E00020BEA003E0B
:10282000147E34C9742D317A71827A61831BEA2057
:10283000801F7E24FFFF90C968691E00020BEA001A
:102840003E147E34C9742D317A71827A61831BEA19
:102850002090C968691E00020BEA007E1800012F53
:1028600010793E00021BEA2090C9630BEA106D004C
:1028700090C968693E00020BEA20BF10500302278E
:102880003C90C9630BEA306D2290E0EC793E000287
:102890001BEA207E3400017E14C9747E0400019A74
:1028A000FC7BA990C96C691E00020BEA007E18002F
:1028B000012F10793E00021BEA2090C9650BEA1037
:1028C0006D0090C96C693E00020BEA20BF105003F6
:1028D0000226EDD3D2B5AA90D8D11BEA00791E000A
:1028E0000290D8CF1BEA2090D8CD1BEA309F1190E0
:1028F000D8DD793E00021BEA209F1190D8E1793E95
:1029000000021BEA2090E2DBE00A2B90D8CD0BEA14
:1029100030BD32500474018001E47E146E327E04B6
:1029200000FE7E3402309AFE2E6390E2DCE00A2B39
:1029300090D8CF0BEA30BD32500474018001E47EA0
:10294000146E327E0400FE7E3402319AFE2E6390B5
:10295000D8CD0BEA3090D8CF0BEA2090D8D90BEA2B
:102960000090D8CD0BEA102D107E0400019D109030
:10297000D8DB0BEA5090D8CF0BEA002D057E54002F
:10298000019D051218C89F1190D8DD793E00021BE9
:10299000EA2080609F1190D8E1793E00021BEA2076
:1029A00080257E34000190E2D70BEA209AFC7B7CE4
:1029B00090D8E1691E00020BEA007E1800012F107A
:1029C000793E00021BEA2090D8D90BEA106D0090E6
:1029D000D8E1693E00020BEA20BF1040C590D8DD67
:1029E000691E00020BEA007E1800012F10793E00DC
:1029F000021BEA2090D8DB0BEA106D0090D8DD694D
:102A00003E00020BEA20BF10408A9F1190D8DD796A
:102A10003E00021BEA20022AD790D8D50BEA10907C
:102A2000D8DD693E00020BEA209AFD9D1690D8D9A8
:102A30000BEA109AFD9D1F90D8E5793E00021BEA33
:102A40002090D8E5693E00020BEA207D1390D8D192
:102A5000693E00020BEA202D317E1B700A2790D8B8
:102A6000DB0BEA307E1400019D31AD3290D8D70BDC
:102A7000EA208D326D2290D8E9793E00021BEA20CF
:102A800090D8DD693E00020BEA207D2390D8CD0B63
:102A9000EA302D3290D8DB0BEA107E2400019D1223
:102AA0006D0090D8E9695E00020BEA409F0290D861
:102AB000CF0BEA202D2190E2D50BEA109AFD1B598D
:102AC00090D8DD691E00020BEA007E1800012F106D
:102AD000793E00021BEA2090D8D90BEA106D0090D5
:102AE000D8DD693E00020BEA20BF105003022A190C
:102AF000AA7E34139390DB911BEA307E34139190BD
:102B0000DB931BEA307E34FFFF90DB951BEA307EBF
:102B100034FFFF90DB971BEA307E3400016D227E8C
:102B2000146C007E0402DC9AFC80167E3400817EE8
:102B3000240001E47E1400109AFD429C7E34008043
:102B40007E240001E47E1400109AFD429C7E340035
:102B5000457E240001E47E1400109AFD429C7E34E0
:102B600000927E24000174017E1400109AFD429CA4
:102B700090E2D90BEA309AFD1AF990E2D50BEA30CF
:102B800090E2D70BEA209AFD1B34C3C2F87E1403EF
:102B9000E890E4D1693E00020BEA209AFD9D1F7E79
:102BA00014000A9AFD9D169AFE35DFD3D2F87E14E2
:102BB00003E890E4D1693E00020BEA209AFD9D1FD4
:102BC0007E1400789AFD9D169AFE35DF7411121856
:102BD000A57E1403E890E4D1693E00020BEA209A36
:102BE000FD9D1F7E1400789AFD9D169AFE35DF74B8
:102BF000B11218A57E34000174019AFC7B187E3452
:102C00000001742C9AFC7B187E340001742D9AFC10
:102C10007B1874B21218A57E34000174019AFC7BF3
:102C2000187E340001742C9AFC7B187E34000174E9
:102C30002D9AFC7B1874B31218A57E340001740120
:102C40009AFC7B187E340001742C9AFC7B187E342D
:102C50000001742D9AFC7B187E34000174019AFCEB
:102C60007B187E340001742C9AFC7B187E340001A2
:102C7000742D9AFC7B1874B41218A57E340001746C
:102C8000079AFC7B1874C01218A57E34000174A248
:102C90009AFC7B187E34000174029AFC7B187E3407
:102CA000000174849AFC7B1874C11218A57E34004C
:102CB0000174C59AFC7B1874C21218A57E340001F9
:102CC000740A9AFC7B187E340001E49AFC7B187429
:102CD000C31218A57E340001748A9AFC7B187E34D6
:102CE0000001742A9AFC7B1874C41218A57E340063
:102CF00001748A9AFC7B187E34000174EE9AFC7B86
:102D00001874C51218A57E340001740E9AFC7B1845
:102D100074361218A590E2D90BEA301B34681A1BDE
:102D20003468211B3468292E340003782D7E34004A
:102D30000174C09AFC7B1880217E340001E49AFC67
:102D40007B1880167E34000174A09AFC7B18800AE0
:102D50007E34000174609AFC7B1874E01218A57E22
:102D6000340001740F9AFC7B187E340001741A9AA7
:102D7000FC7B187E340001740F9AFC7B187E3400B3
:102D80000174189AFC7B187E340001742F9AFC7B26
:102D9000187E34000174289AFC7B187E340001747C
:102DA000209AFC7B187E34000174229AFC7B187EEA
:102DB000340001741F9AFC7B187E340001741B9A46
:102DC000FC7B187E34000174239AFC7B187E34004F
:102DD0000174379AFC7B187E340001E49AFC7B185E
:102DE0007E34000174079AFC7B187E340001740263
:102DF0009AFC7B187E34000174109AFC7B1874E1F5
:102E00001218A57E340001740F9AFC7B187E3400E2
:102E100001741B9AFC7B187E340001740F9AFC7BB2
:102E2000187E34000174179AFC7B187E34000174FC
:102E3000339AFC7B187E340001742C9AFC7B187E3C
:102E400034000174299AFC7B187E340001742E9A98
:102E5000FC7B187E34000174309AFC7B187E3400B1
:102E60000174309AFC7B187E34000174399AFC7B23
:102E7000187E340001743F9AFC7B187E340001E414
:102E80009AFC7B187E34000174079AFC7B187E3410
:102E9000000174039AFC7B187E34000174109AFCC4
:102EA0007B18742A1218A57E340001E49AFC7B1862
:102EB0007E34000174029AFC7B187E340001E49A8F
:102EC000FC7B187E34000174829AFC7B18742B12F0
:102ED00018A57E340001E49AFC7B187E340001744E
:102EE000039AFC7B187E340001E49AFC7B187E3444
:102EF000000174839AFC7B1874F01218A57E3400CC
:102F00000174019AFC7B1874F61218A57E34000136
:102F1000E49AFC7B18743A1218A57E3400017405FB
:102F20009AFC7B1874291218A590E2D70BEA309A04
:102F3000FD1A4AAA90E4F51BEA3090E4F50BEA503A
:102F40007CAB740F5CBA90E4F7F090E4F50BEA50B8
:102F50007CAB74F05CBA90E4F8F090E4F8E024E024
:102F6000687824F0780302300524F07803023030CA
:102F700024F0780302305B24F0780302308624F0DA
:102F800078030230B124F078030230DC24F07803B7
:102F900002310724F0780302314E24F07803023125
:102FA0009524F078030231DB24B0680302321F90CD
:102FB000E4F7E07E34000160053E341478FB7CB712
:102FC00064FF529390E4F7E07E34000160053E34E4
:102FD0001478FB7CB7429402321F90E4F7E07E3411
:102FE000000160053E341478FB7CB764FF52919079
:102FF000E4F7E07E34000160053E341478FB7CB7D2
:10300000429202321F90E4F7E07E34000160053EF8
:10301000341478FB7CB764FF529590E4F7E07E347B
:10302000000160053E341478FB7CB7429602321FE3
:1030300090E4F7E07E34000160053E341478FB7CB8
:10304000B764FF52B190E4F7E07E34000160053EC2
:10305000341478FB7CB742B202321F90E4F7E07E72
:1030600034000160053E341478FB7CB764FF52B332
:1030700090E4F7E07E34000160053E341478FB7C78
:10308000B742B402321F90E4F7E07E3400016005DD
:103090003E341478FB7CB764FF52C990E4F7E07EBD
:1030A00034000160053E341478FB7CB742CA02321A
:1030B0001F90E4F7E07E34000160053E341478FB95
:1030C0007CB764FF52CB90E4F7E07E3400016005EA
:1030D0003E341478FB7CB742CC02321F90E4F7E018
:1030E0007E34000160053E341478FB7CB764FF52E7
:1030F000E190E4F7E07E34000160053E341478FB93
:103100007CB742E202321F90E4F7E07E34000160B7
:10311000053E341478FB7CB764FF7E14F7187E04F8
:10312000007E7E0B705C7B7A0B7090E4F7E07E345F
:10313000000160053E341478FB7C677E14F7107E36
:1031400004007E7E0B704C767A0B7002321F90E486
:10315000F7E07E34000160053E341478FB7CB764F0
:10316000FF7E14F7197E04007E7E0B705C7B7A0B69
:103170007090E4F7E07E34000160053E341478FB83
:103180007C677E14F7117E04007E7E0B704C767A8D
:103190000B7002321F90E4F7E07E34000160053EC0
:1031A000341478FB7CB764FF7E14F71A7E04007E2B
:1031B0007E0B705C7B7A0B7090E4F7E07E3400014C
:1031C00060053E341478FB7C677E14F7127E0400A1
:1031D0007E7E0B704C767A0B70804490E4F7E07E34
:1031E00034000160053E341478FB7CB764FF7E1424
:1031F000F71B7E04007E7E0B705C7B7A0B7090E484
:10320000F7E07E34000160053E341478FB7C677E75
:1032100014F7137E04007E7E0B704C767A0B7022BE
:1032200090E4F91BEA3090E4F90BEA507CAB740FA0
:103230005CBA90E4FBF090E4F90BEA507CAB74F0DC
:103240005CBA90E4FCF090E4FCE024E0687624F0C2
:1032500078030232ED24F0780302331624F0780369
:1032600002333F24F0780302336824F078030233FA
:103270009124F078030233BA24F078030233E32474
:10328000F0780302342824F0780302346D24F078B7
:10329000030234B124B068030234F390E4FBE07E0F
:1032A00034000160053E341478FB7CB7429390E40F
:1032B000FBE07E34000160053E341478FB7CB742AD
:1032C000940234F390E4FBE07E34000160053E3468
:1032D0001478FB7CB7429190E4FBE07E34000160FF
:1032E000053E341478FB7CB742920234F390E4FB41
:1032F000E07E34000160053E341478FB7CB74295D3
:1033000090E4FBE07E34000160053E341478FB7CE1
:10331000B742960234F390E4FBE07E34000160058E
:103320003E341478FB7CB742B190E4FBE07E34007D
:103330000160053E341478FB7CB742B20234F3904E
:10334000E4FBE07E34000160053E341478FB7CB77A
:1033500042B390E4FBE07E34000160053E34147813
:10336000FB7CB742B40234F390E4FBE07E3400010E
:1033700060053E341478FB7CB742C990E4FBE07EE4
:1033800034000160053E341478FB7CB742CA023435
:10339000F390E4FBE07E34000160053E341478FBDA
:1033A0007CB742CB90E4FBE07E34000160053E3404
:1033B0001478FB7CB742CC0234F390E4FBE07E341B
:1033C000000160053E341478FB7CB742E190E4FBD9
:1033D000E07E34000160053E341478FB7CB742E2A5
:1033E0000234F390E4FBE07E34000160053E3414C7
:1033F00078FB7C677E14F7187E04007E7E0B704C91
:10340000767A0B7090E4FBE07E34000160053E3478
:103410001478FB7C677E14F7107E04007E7E0B70B0
:103420004C767A0B700234F390E4FBE07E340001BA
:1034300060053E341478FB7C677E14F7197E040027
:103440007E7E0B704C767A0B7090E4FBE07E34004D
:103450000160053E341478FB7C677E14F7117E040E
:10346000007E7E0B704C767A0B700234F390E4FB96
:10347000E07E34000160053E341478FB7C677E14E6
:10348000F71A7E04007E7E0B704C767A0B7090E407
:10349000FBE07E34000160053E341478FB7C677EDF
:1034A00014F7127E04007E7E0B704C767A0B7080CF
:1034B0004290E4FBE07E34000160053E341478FB6A
:1034C0007C677E14F71B7E04007E7E0B704C767A40
:1034D0000B7090E4FBE07E34000160053E3414780C
:1034E000FB7C677E14F7137E04007E7E0B704C76A7
:1034F0007A0B702290E4FD1BEA3090E4FD0BEA5059
:103500007CAB740F5CBA90E4FFF090E4FD0BEA50E2
:103510007CAB74F05CBA90E500F090E500E024E04C
:10352000687824F078030235C524F078030235F07A
:1035300024F0780302361B24F0780302364624F088
:10354000780302367124F0780302369C24F0780365
:103550000236C724F0780302370E24F078030237CE
:103560005524F0780302379B24B068030237DF90BC
:10357000E4FFE07E34000160053E341478FB7CB744
:10358000429390E4FFE07E34000160053E341478FD
:10359000FB7CB764FF52940237DF90E4FFE07E3497
:1035A000000160053E341478FB7CB7429190E4FF43
:1035B000E07E34000160053E341478FB7CB764FF84
:1035C00052920237DF90E4FFE07E34000160053E56
:1035D000341478FB7CB7429590E4FFE07E34000120
:1035E00060053E341478FB7CB764FF52960237DFE7
:1035F00090E4FFE07E34000160053E341478FB7CEB
:10360000B742B190E4FFE07E34000160053E34141F
:1036100078FB7CB764FF52B20237DF90E4FFE07EB4
:1036200034000160053E341478FB7CB742B390E46B
:10363000FFE07E34000160053E341478FB7CB76403
:10364000FF52B40237DF90E4FFE07E3400016005F2
:103650003E341478FB7CB742C990E4FFE07E34002E
:103660000160053E341478FB7CB764FF52CA023710
:10367000DF90E4FFE07E34000160053E341478FB07
:103680007CB742CB90E4FFE07E34000160053E341D
:103690001478FB7CB764FF52CC0237DF90E4FFE084
:1036A0007E34000160053E341478FB7CB742E19023
:1036B000E4FFE07E34000160053E341478FB7CB703
:1036C00064FF52E20237DF90E4FFE07E34000160E5
:1036D000053E341478FB7C677E14F7187E04007E68
:1036E0007E0B704C767A0B7090E4FFE07E34000124
:1036F00060053E341478FB7CB764FF7E14F7107EBF
:1037000004007E7E0B705C7B7A0B700237DF90E4E6
:10371000FFE07E34000160053E341478FB7C677E58
:1037200014F7197E04007E7E0B704C767A0B709035
:10373000E4FFE07E34000160053E341478FB7CB782
:1037400064FF7E14F7117E04007E7E0B705C7B7A32
:103750000B700237DF90E4FFE07E34000160053E2D
:10376000341478FB7C677E14F71A7E04007E7E0B8F
:10377000704C767A0B7090E4FFE07E3400016005B7
:103780003E341478FB7CB764FF7E14F7127E04008D
:103790007E7E0B705C7B7A0B70804490E4FFE07E51
:1037A00034000160053E341478FB7C677E14F71BFF
:1037B0007E04007E7E0B704C767A0B7090E4FFE006
:1037C0007E34000160053E341478FB7CB764FF7ED4
:1037D00014F7137E04007E7E0B705C7B7A0B70AA5C
:1037E00090E5C41BEA3090E5C40BEA207E340090DB
:1037F000BD23583F90E5C40BEA507CAB740F5CBA14
:103800007E34000160053E341478FB7C6790E5C48B
:103810000BEA500E540E540E540E541A4A1A487E97
:1038200014FE0F7E04007E2F027E0B704C767A0B06
:1038300070803D90E5C40BEA507CAB740F5CBA7E9F
:1038400034000160053E341478FB7C6790E5C40BBE
:10385000EA500E540E540E540E541A4A1A487E144E
:10386000F9B77E04007E2F027E0B704C767A0B70C7
:103870002290E5C61BEA3090E5C60BEA207E3400B4
:1038800090BD23583F90E5C60BEA507CAB740F5CAB
:10389000BA7E34000160053E341478FB7C6790E505
:1038A000C60BEA500E540E540E540E541A4A1A48BF
:1038B0007E14FE3F7E04007E2F027E0B704C767AD3
:1038C0000B70803D90E5C60BEA507CAB740F5CBA80
:1038D0007E34000160053E341478FB7C6790E5C6B9
:1038E0000BEA500E540E540E540E541A4A1A487EC7
:1038F00014F9E77E04007E2F027E0B704C767A0B63
:10390000702290E5031BEA2090E5011BEA3090E568
:10391000030BEA301B3478030239B40B346803021A
:103920003A4090E5010BEA207E340090BD235842D6
:1039300090E5010BEA507CAB740F5CBA7E34000159
:1039400060053E341478FB7CB764FF90E5010BEA18
:10395000300E340E340E340E341A261A247E14FE21
:10396000277E04007E2F017E0B705C7B7A0B700239
:103970003A5190E5010BEA507CAB740F5CBA7E348F
:10398000000160053E341478FB7CB764FF90E501CC
:103990000BEA300E340E340E340E341A261A247EFE
:1039A00014F9CF7E04007E2F017E0B705C7B7A0BB6
:1039B00070023A5190E5010BEA207E340090BD235D
:1039C000583F90E5010BEA507CAB740F5CBA7E3433
:1039D000000160053E341478FB7C6790E5010BEA3A
:1039E000500E540E540E540E541A4A1A487E14FEA9
:1039F000277E04007E2F027E0B704C767A0B70803F
:103A00005090E5010BEA507CAB740F5CBA7E340039
:103A10000160053E341478FB7C6790E5010BEA50A9
:103A20000E540E540E540E541A4A1A487E14F9CFEE
:103A30007E04007E2F027E0B704C767A0B70801114
:103A4000E47E146F757E0400FE7E3400C69AFE2E5E
:103A5000632290E5071BEA2090E5051BEA3090E51C
:103A6000070BEA301B347803023B040B3468030273
:103A70003B9090E5050BEA207E340090BD23584230
:103A800090E5050BEA507CAB740F5CBA7E34000104
:103A900060053E341478FB7CB764FF90E5050BEAC3
:103AA000300E340E340E340E341A261A247E14FED0
:103AB0002F7E04007E2F017E0B705C7B7A0B7002E0
:103AC0003BA190E5050BEA507CAB740F5CBA7E34E9
:103AD000000160053E341478FB7CB764FF90E50577
:103AE0000BEA300E340E340E340E341A261A247EAD
:103AF00014F9D77E04007E2F017E0B705C7B7A0B5D
:103B000070023BA190E5050BEA207E340090BD23B6
:103B1000583F90E5050BEA507CAB740F5CBA7E34DD
:103B2000000160053E341478FB7C6790E5050BEAE4
:103B3000500E540E540E540E541A4A1A487E14FE57
:103B40002F7E04007E2F027E0B704C767A0B7080E5
:103B50005090E5050BEA507CAB740F5CBA7E3400E4
:103B60000160053E341478FB7C6790E5050BEA5054
:103B70000E540E540E540E541A4A1A487E14F9D795
:103B80007E04007E2F027E0B704C767A0B708011C3
:103B9000E47E146F757E0400FE7E3400F39AFE2EE0
:103BA000632290E50B1BEA2090E5091BEA3090E5C3
:103BB000090BEA207E340010BD235811E47E146FF7
:103BC000757E0400FE7E3401009AFE2E636D229005
:103BD000E50B0BEA30BD326803023C6E90E5090B41
:103BE000EA207E340090BD23584290E5090BEA504C
:103BF0007CAB740F5CBA7E34000160053E341478EF
:103C0000FB7CB764FF90E5090BEA300E340E340EEE
:103C1000340E341A261A247E14FE1F7E04007E2FD2
:103C2000017E0B705C7B7A0B70023CF890E5090B0F
:103C3000EA507CAB740F5CBA7E34000160053E3400
:103C40001478FB7CB764FF90E5090BEA300E340E64
:103C5000340E340E341A261A247E14F9C77E04005A
:103C60007E2F017E0B705C7B7A0B70023CF890E536
:103C7000090BEA207E340090BD23583F90E5090BE4
:103C8000EA507CAB740F5CBA7E34000160053E34B0
:103C90001478FB7C6790E5090BEA500E540E540E25
:103CA000540E541A4A1A487E14FE1F7E04007E2FBA
:103CB000027E0B704C767A0B70803D90E5090BEA22
:103CC000507CAB740F5CBA7E34000160053E341446
:103CD00078FB7C6790E5090BEA500E540E540E54A5
:103CE0000E541A4A1A487E14F9C77E04007E2F0229
:103CF0007E0B704C767A0B70AA90E4861BEA3090AB
:103D0000E4860BEA507CAB740F5CBA90E488F090C8
:103D1000E4860BEA507CAB74F05CBA90E489F0E482
:103D200090E48AF090E489E024E0686924F0780364
:103D3000023DB124F07803023DCD24F07803023D2A
:103D4000E924F07803023E0524F07803023E2124A2
:103D5000F07803023E3D24F07803023E5924F078C7
:103D600003023E7D24F07803023EA124F078030292
:103D70003EC524B06803023EE790E488E07E34004C
:103D80000160053E341478FB7CA7E5805CBA90E4C2
:103D90008AF0023EE790E488E07E34000160053E50
:103DA000341478FB7CA7E5905CBA90E48AF0023E7C
:103DB000E790E488E07E34000160053E341478FB2F
:103DC0007CA7E5A05CBA90E48AF0023EE790E48824
:103DD000E07E34000160053E341478FB7CA7E5B03A
:103DE0005CBA90E48AF0023EE790E488E07E34001A
:103DF0000160053E341478FB7CA7E5C05CBA90E412
:103E00008AF0023EE790E488E07E34000160053EDF
:103E1000341478FB7CA7E5C85CBA90E48AF0023ED3
:103E2000E790E488E07E34000160053E341478FBBE
:103E30007CA7E5E85CBA90E48AF0023EE790E4886B
:103E4000E07E34000160053E341478FB7CA7E5F881
:103E50005CBA90E48AF0023EE790E488E07E3400A9
:103E60000160053E341478FB7CA77E34F7087E247D
:103E7000007E7E1BB05CBA90E48AF0806A90E48891
:103E8000E07E34000160053E341478FB7CA77E346C
:103E9000F7097E24007E7E1BB05CBA90E48AF08035
:103EA0004690E488E07E34000160053E341478FBDF
:103EB0007CA77E34F70A7E24007E7E1BB05CBA901D
:103EC000E48AF0802290E488E07E34000160053EC0
:103ED000341478FB7CA77E34F70B7E24007E7E1B97
:103EE000B05CBA90E48AF090E48AE0BEB000680466
:103EF00074018001E4AA90E48DF090E48B1BEA3019
:103F000090E48B0BEA507CAB740F5CBA90E48EF0BB
:103F100090E48B0BEA507CAB74F05CBA90E48FF0C9
:103F200090E48FE024E07803023FAF24F0780302AE
:103F30003FE624F0780302401D24F0780302405449
:103F400024F0780302408B24F078030240C224F06E
:103F500078030240F924F0780302413024F078031A
:103F600002418324F078030241D624F07803024210
:103F70002724B0680302427690E48DE0BEB000686A
:103F80001690E48EE07E34000160053E341478FB28
:103F90007CB7428002427690E48EE07E340001607D
:103FA000053E341478FB7CB764FF52800242769061
:103FB000E48DE0BEB000681690E48EE07E3400012F
:103FC00060053E341478FB7CB7429002427690E460
:103FD0008EE07E34000160053E341478FB7CB764CB
:103FE000FF529002427690E48DE0BEB000681690D9
:103FF000E48EE07E34000160053E341478FB7CB72B
:1040000042A002427690E48EE07E34000160053EDC
:10401000341478FB7CB764FF52A002427690E48DA2
:10402000E0BEB000681690E48EE07E3400016005CA
:104030003E341478FB7CB742B002427690E48EE0C6
:104040007E34000160053E341478FB7CB764FF5277
:10405000B002427690E48DE0BEB000681690E48E27
:10406000E07E34000160053E341478FB7CB742C02A
:1040700002427690E48EE07E34000160053E341406
:1040800078FB7CB764FF52C002427690E48DE0BEBC
:10409000B000681690E48EE07E34000160053E3486
:1040A0001478FB7CB742C802427690E48EE07E34FE
:1040B000000160053E341478FB7CB764FF52C802EF
:1040C000427690E48DE0BEB000681690E48EE07E0B
:1040D00034000160053E341478FB7CB742E80242AC
:1040E0007690E48EE07E34000160053E341478FB67
:1040F0007CB764FF52E802427690E48DE0BEB000E7
:10410000681690E48EE07E34000160053E34147839
:10411000FB7CB742F802427690E48EE07E340001E8
:1041200060053E341478FB7CB764FF52F802427697
:1041300090E48DE0BEB000682490E48EE07E340010
:104140000160053E341478FB7C677E14F7007E0422
:10415000007E7E0B704C767A0B7002427690E48E75
:10416000E07E34000160053E341478FB7CB764FFC8
:104170007E14F7007E04007E7E0B705C7B7A0B70F1
:1041800002427690E48DE0BEB000682490E48EE0B8
:104190007E34000160053E341478FB7C677E14F7A2
:1041A000017E04007E7E0B704C767A0B70024276A4
:1041B00090E48EE07E34000160053E341478FB7C90
:1041C000B764FF7E14F7017E04007E7E0B705C7B7B
:1041D0007A0B7002427690E48DE0BEB000682390C6
:1041E000E48EE07E34000160053E341478FB7C6789
:1041F0007E14F7027E04007E7E0B704C767A0B7084
:10420000807490E48EE07E34000160053E341478C2
:10421000FB7CB764FF7E14F7027E04007E7E0B7089
:104220005C7B7A0B70804F90E48DE0BEB000682319
:1042300090E48EE07E34000160053E341478FB7C0F
:10424000677E14F7037E04007E7E0B704C767A0B3B
:1042500070802390E48EE07E34000160053E3414CB
:1042600078FB7CB764FF7E14F7037E04007E7E0B30
:10427000705C7B7A0B70AA90E5C81BEA3090E5C8A9
:104280000BEA309AFD3CF9BEB0007804740180015D
:10429000E490E5C80BEA309AFD3EF6AA90E34A1B8B
:1042A000EA1090E349F090E3471BEA2090E3451BB6
:1042B000EA3090E34A0BEA50C4540F0A2B90E347CC
:1042C0000BEA30BD32780474018001E47E146F750E
:1042D0007E0400FE7E34017B9AFE2E636D2290E305
:1042E000470BEA30BD32680302438B6D2290E34AEC
:1042F0000BEA30BD32781A90E3450BEA309AFD3470
:10430000F490E3450BEA307E240001123A52024356
:10431000E290E34A0BEA207E340003BD2378239029
:10432000E3450BEA309AFD34F490E3450BEA301292
:1043300037E090E3450BEA307E240001123A520246
:1043400043E290E34A0BEA207E340001BD23781853
:1043500090E3450BEA309AFD34F490E3450BEA30E4
:104360006D22123A520243E290E34A0BEA207E3475
:104370000002BD23786C90E3450BEA309AFD34F4DB
:1043800090E3450BEA30123871805790E3470BEA0F
:10439000207E340001BD23784990E34A0BEA207E59
:1043A000340010BD23781690E3450BEA30122F3409
:1043B00090E3450BEA306D22123902801790E34AF0
:1043C0000BEA207E340011BD23780990E3450BEA07
:1043D0003012322090E3450BEA3090E349E09AFD39
:1043E0003EF6AA90D96F1BEA20793E000290D96B65
:1043F0001BEA00791E000290D96AF0745E90D9839E
:10440000F07E34002D90D9841BEA3090BF08E090F4
:10441000D986F090D977E00A3B90D9791BEA30022F
:1044200049A87E34FFFF90D97D1BEA307E34FFFF20
:1044300090D97F1BEA3090D983E00A3B90D97B1B4F
:10444000EA30807390D9790BEA207E3400BCAD321B
:1044500090D97B0BEA202D237E3400E82D327A712F
:10446000827A61837EEBA090D96AE0BCAB28399058
:10447000D9790BEA207E3400BCAD3290D97B0BEAAF
:10448000202D237E3400E72D327A71827A61837E7B
:10449000EBA090D96AE0BCAB380E90D97B0BEA3028
:1044A00090D97D1BEA30802090D97B0BEA307E24A6
:1044B00000019D321BEA3090D97B0BEA207E34004C
:1044C00003BD23480302444490D983E00A3B90D9BA
:1044D0007B1BEA30807390D9790BEA207E3400BCD4
:1044E000AD3290D97B0BEA202D237E3400E82D32AB
:1044F0007A71827A61837EEBA090D96AE0BCAB28A6
:104500003990D9790BEA207E3400BCAD3290D97B4A
:104510000BEA202D237E3400E92D327A71827A61F4
:10452000837EEBA090D96AE0BCAB380E90D97B0BB0
:10453000EA3090D97F1BEA30802090D97B0BEA20AB
:104540007E3400012D321BEA3090D97B0BEA207EAD
:104550003400B9BD2358030244D66D2290D97D0B97
:10456000EA30BD32582CE490D9790BEA207E34BD74
:104570009A2D327A71827A6183F0E490D9790BEACC
:104580001090D96B693E00020BEA202D317A1BB0E6
:104590008030740190D9790BEA207E34BD9A2D3297
:1045A0007A71827A6183F090D97D0BEA1090D97983
:1045B0000BEA0090D96B693E00020BEA202D307A9D
:1045C0001B306D2290D97F0BEA30BD32582DE4901C
:1045D000D9790BEA207E34BCA92D327A71827A61B6
:1045E00083F074BB90D9790BEA1090D96F693E00C3
:1045F000020BEA202D317A1BB08030740190D979FA
:104600000BEA207E34BCA92D327A71827A6183F064
:1046100090D97F0BEA1090D9790BEA0090D96F6995
:104620003E00020BEA202D307A1B3090D9790BEA3C
:10463000207E34BD9A2D327A71827A6183E0BEB0D9
:104640000078030247D290D9790BEA207E34BCA9C6
:104650002D327A71827A6183E0BEB000780302471E
:10466000D290D9790BEA1090D96B693E00020BEA1F
:10467000202D317E1B700A2790D9790BEA3090D912
:104680006F691E00020BEA002D137E0B700A379D26
:10469000327E2400029AFD9CD390D9871BEA309089
:1046A000D9870BEA207E34000ABD23180302476035
:1046B00090D9870BEA207E340046BD234803024789
:1046C000606D2290D9790BEA103E147E34BBB92D6F
:1046D000317A71827A61830BEA30BD32781F90D9CA
:1046E000870BEA2090D9790BEA103E147E34BBB9CF
:1046F0002D317A71827A61831BEA20804690D979C4
:104700000BEA203E247E34BBB92D327A71827A6165
:10471000830BEA207E340003AD3290D9870BEA2068
:104720002D327E2400049AFD9CD37D2390D9790BF1
:10473000EA103E147E34BBB92D317A71827A6183DE
:104740001BEA2090D9790BEA203E247E34BBB92D98
:10475000327A71827A61830BEA3090D9841BEA3015
:1047600090D9790BEA1090D96F693E00020BEA20CC
:104770002D317E1B700A2790D9790BEA3090D96BC6
:10478000691E00020BEA002D137E0B700A372D32D2
:104790007E2400029AFD9CD390D9811BEA3090D9E7
:1047A000810BEA5090D983F090D9837EEBA0740AF4
:1047B000BCAB5006740A90D983F090D9837EEBA0ED
:1047C00074B2BCAB380302490A74B290D983F002C8
:1047D000490A90D9790BEA207E34BCA92D327A712E
:1047E000827A6183E0BEB000686A6D2290D9790B4D
:1047F000EA103E147E34BBB92D317A71827A61831E
:104800000BEA30BD32681990D9790BEA203E247E3C
:1048100034BBB92D327A71827A61830BEA3080061B
:1048200090D9840BEA3090D9871BEA3090D9790B64
:10483000EA1090D96F693E00020BEA202D317E1BF1
:10484000700A3790D9870BEA209D3290D9811BEAF4
:104850003002490A90D9790BEA207E34BD9A2D3274
:104860007A71827A6183E0BEB00068696D2290D966
:10487000790BEA103E147E34BBB92D317A71827AFD
:1048800061830BEA30BD32681990D9790BEA203E7A
:10489000247E34BBB92D327A71827A61830BEA307F
:1048A000800690D9840BEA3090D9871BEA3090D9E2
:1048B000790BEA1090D96B693E00020BEA202D318A
:1048C0007E1B700A2790D9870BEA302D3290D98150
:1048D0001BEA30803590D9790BEA207E340077BD11
:1048E00023581B90D9790BEA1090D973693E0002C6
:1048F0000BEA202D310B347E1B700A37800690D9CD
:1049000086E00A3B90D9811BEA306D2290D9810B59
:10491000EA30BD3258086D3390D9811BEA3090D906
:10492000810BEA207E3400BBBD23080A7E3400BB25
:1049300090D9811BEA3090D9790BEA207E34007738
:10494000BD23783A90D9790BEA207E34BD9A2D3276
:104950007A71827A6183E0BEB000781890D9790BC1
:10496000EA207E34BCA92D327A71827A6183E0BE5E
:10497000B000680A90D9810BEA5090BF08F090D936
:10498000810BEA1090D9790BEA0090D973693E0047
:10499000020BEA202D307A1B3090D9790BEA307E59
:1049A0002400019D321BEA3090D978E00A2B90D97F
:1049B000790BEA30BD324803024422AA9F1190E1EC
:1049C0006C793E00021BEA206D3390E1701BEA30E7
:1049D00090BF03E0BEB00068057401024AFA7E345D
:1049E000003C90E1681BEA30024A6A7E3400059080
:1049F000E16A1BEA30805690E1680BEA207E3400C1
:104A0000BCAD3290E16A0BEA202D237E3400E82D04
:104A1000327A71827A6183E00A1B6D0090E16C69E1
:104A20003E00020BEA202F10793E00021BEA209084
:104A3000E1700BEA207E3400012D321BEA307E2427
:104A4000000390E16A0BEA302D321BEA3090E16AF4
:104A50000BEA207E3400B7BD23409C7E24000390E7
:104A6000E1680BEA302D321BEA3090E1680BEA2056
:104A70007E340077BD2338030249EB6D2290E1704C
:104A80000BEA30BD327803E4807090E1700BEA10DD
:104A900090E16C693E00020BEA209AFD9D1F7CB7F5
:104AA00090BF04F090BF077EEBA090BF04E0BCBABB
:104AB000500890BF04E090BF07F090BF047EEBA0C9
:104AC0007464BCAB502B90BF067EEBA074FABCABF9
:104AD000500B90BF067EEBA074012CBAF090BF067D
:104AE0007EEBA07403BCAB400D740190BF03F0805B
:104AF00005E490BF06F090BF03E0AA90D2B11BEA94
:104B000020793E000290D2AD1BEA00791E00027EA1
:104B100034FFFF90D2BB1BEA307E34FFFF90D2BD42
:104B20001BEA306D3390D2BF1BEA306D3390D2C197
:104B30001BEA309F1190D2D9793E00021BEA209FD8
:104B40001190D2DD793E00021BEA209F1190D2E144
:104B5000793E00021BEA209F1190D2E5793E0002C7
:104B60001BEA209F1190D2ED793E00021BEA209FA4
:104B70001190D2F1793E00021BEA208004E4025435
:104B8000427E34007790D2B91BEA30804D90D2B982
:104B90000BEA207E34BD9A2D327A71827A6183E0ED
:104BA000BEB000782690D2B90BEA207E34BCA92D85
:104BB000327A71827A6183E0BEB000780E90D2B909
:104BC0000BEA3090D2BB1BEA30801D90D2B90BEAC1
:104BD000307E2400019D321BEA3090D2B90BEA20CE
:104BE0007E340005BD2358A56D2290D2BB0BEA3060
:104BF000BD32480E90D2BB0BEA207E340009BD23A3
:104C00001804E402544290D2BB0BEA207E34000127
:104C10002D3290D2B91BEA30024D8E90D2B90BEAF8
:104C2000207E34BD9A2D327A71827A6183E0BEB0E3
:104C3000007803024D7F90D2B90BEA207E34BCA9E4
:104C40002D327A71827A6183E0BEB0007803024D22
:104C50007F90D2B90BEA1090D2B1693E00020BEA04
:104C6000202D317E1B700A2790D2B90BEA3090D2EA
:104C7000AD691E00020BEA002D137E0B700A372D62
:104C8000327E2400029AFD9CD390D2C71BEA30905A
:104C9000D2C70BEA207E340019BD231803024D7FD2
:104CA00090D2C70BEA207E3400A3BD234803024DF7
:104CB0007F90D2BF0BEA207E3400012D321BEA30F8
:104CC00090D2B90BEA207CB49AFD9C0D7F0190D262
:104CD000D9693E00020BEA209AFD99DB793E000279
:104CE0001BEA2090D2C70BEA207CB49AFD9C0D7F72
:104CF0000190D2DD693E00020BEA209AFD99DB7932
:104D00003E00021BEA2090D2B90BEA207CB49AFD47
:104D10009C0D7F0190D2B90BEA207CB49AFD9C0DCA
:104D20009AFD9A937F0190D2E1693E00020BEA203E
:104D30009AFD99DB793E00021BEA2090D2C70BEA6C
:104D4000207CB49AFD9C0D7F0190D2B90BEA207CA7
:104D5000B49AFD9C0D9AFD9A937F0190D2E5693E2D
:104D600000020BEA209AFD99DB793E00021BEA2043
:104D700090D2C10BEA207E3400012D321BEA309024
:104D8000D2B90BEA207E3400012D321BEA3090D2DA
:104D9000B90BEA207E340077BD231803024C1B9028
:104DA000D2BF0BEA207E340005BD23480E90D2C14D
:104DB0000BEA207E340004BD235804E402544290E0
:104DC000D2C10BEA207CB49AFD9C0D90D2E1691E01
:104DD00000020BEA009AFD9A937F7190D2D9691E66
:104DE00000020BEA0090D2D9693E00020BEA209A39
:104DF000FD9A937F017F179AFD99D890D2E9793E69
:104E000000021BEA206D117E043F8090D2E9693ECA
:104E100000020BEA209AFD9BB43803024EBC90D2EC
:104E2000C10BEA207CB49AFD9C0D90D2E5691E006E
:104E3000020BEA009AFD9A937F7190D2DD691E0001
:104E4000020BEA0090D2D9693E00020BEA209AFDDB
:104E50009A937F017F179AFD99D890D2E9691E0035
:104E6000020BEA009AFD9B3390D2ED793E00021BC3
:104E7000EA2090D2D9691E00020BEA0090D2ED69B7
:104E80003E00020BEA209AFD9A937F0190D2DD69E1
:104E90003E00020BEA209AFD99D87F7190D2C10B97
:104EA000EA207CB49AFD9C0D7F017F179AFD9B330D
:104EB00090D2F1793E00021BEA2080309F1190D2FF
:104EC000ED793E00021BEA2090D2BB0BEA207E3433
:104ED000BE8C2D327A71827A61837EEB40E49AFD3A
:104EE0009C1290D2F1793E00021BEA206D117E04E3
:104EF00042C890D2ED693E00020BEA209AFD9A93D7
:104F00009AFD9C4590BBB71BEA3090D2BB0BEA30B0
:104F10007E2400012D237CB49AFD9C0D7F0190D24C
:104F2000ED693E00020BEA209AFD9A9390D2F16956
:104F30001E00020BEA009AFD99DB9AFD9C4590BE8B
:104F40008A7AEB7090D2BB0BEA307E2400019D324E
:104F500090D2B91BEA30804D90D2B90BEA207E3452
:104F6000BD9A2D327A71827A6183E0BEB0006826E4
:104F700090D2B90BEA207E34BCA92D327A71827AA4
:104F80006183E0BEB000680E90D2B90BEA3090D2D7
:104F9000BD1BEA30801D90D2B90BEA307E2400019F
:104FA0009D321BEA3090D2B90BEA207E340005BD59
:104FB0002358A56D2290D2BD0BEA30BD32180302F2
:104FC000520E90D2BB0BEA2090D2BD0BEA30BD321C
:104FD000480302520E90D2BB0BEA1090D2AD693E4C
:104FE00000020BEA202D310B347E1B700A3790D261
:104FF000C91BEA3090D2BB0BEA1090D2B1693E00D7
:10500000020BEA202D310B347E1B700A3790D2CB75
:105010001BEA3090D2BD0BEA1090D2AD693E00027F
:105020000BEA202D317E1B700A3790D2CD1BEA305F
:1050300090D2BD0BEA1090D2B1693E00020BEA207B
:105040002D317E1B700A3790D2CF1BEA3090D2BB35
:105050000BEA207E3400012D3290D2BD0BEA209D58
:105060003290D2C51BEA3090D2BD0BEA3090D2B953
:105070001BEA300251F890D2BD0BEA2090D2B90B56
:10508000EA309D3290D2C31BEA3090D2CD0BEA3089
:1050900090D2C90BEA209D2390D2C30BEA30AD32E7
:1050A00090D2C50BEA209AFD9CD37D2390D2CD0BE4
:1050B000EA302D3290D2D11BEA3090D2CF0BEA30B9
:1050C00090D2CB0BEA209D2390D2C30BEA30AD32B5
:1050D00090D2C50BEA209AFD9CD37D2390D2CF0BB2
:1050E000EA302D3290D2D31BEA3090D2D30BEA2093
:1050F00090D2D10BEA302D327E2400029AFD9CD34F
:1051000090D2D51BEA306D2290D2D10BEA30BD325D
:1051100058086D3390D2D11BEA3090D2D10BEA20DF
:105120007E3400BBBD23080A7E3400BB90D2D11B65
:10513000EA306D2290D2D30BEA30BD3258086D337D
:1051400090D2D31BEA3090D2D30BEA207E3400BB3E
:10515000BD23080A7E3400BB90D2D31BEA3090D224
:10516000D10BEA3090D2D30BEA209D237E34000A83
:10517000BD23582490D2D50BEA307E2400059D3201
:1051800090D2D11BEA3090D2D50BEA207E340005B4
:105190002D3290D2D31BEA3090D2D10BEA1090D2AC
:1051A000B90BEA0090D2AD693E00020BEA202D3027
:1051B0007A1B3090D2D30BEA1090D2B90BEA009050
:1051C000D2B1693E00020BEA202D307A1B3090D21A
:1051D000D50BEA1090D2B90BEA0090D2B5693E0027
:1051E000020BEA202D307A1B3090D2B90BEA207ED8
:1051F0003400012D321BEA3090D2BB0BEA2090D252
:10520000B90BEA30BD3218030250760253C290D275
:10521000BB0BEA207CB49AFD9C0D7F0190D2ED6916
:105220003E00020BEA209AFD9A9390D2F1691E008B
:10523000020BEA009AFD99DB9AFD9C4590D2D71BA0
:10524000EA307E34000590D2B91BEA300253AF90A9
:10525000D2B90BEA207CB49AFD9C0D7F0190D2ED6F
:10526000693E00020BEA209AFD9A9390D2F1691EE2
:1052700000020BEA009AFD99DB9AFD9C4590D2D57D
:105280001BEA3090D2D70BEA307E2400142D2390F5
:10529000D2D50BEA30BD32081290D2D70BEA207E6D
:1052A0003400142D3290D2D51BEA3090D2D70BEABD
:1052B000207E3400149D2390D2D50BEA30BD3258A5
:1052C0001290D2D70BEA307E2400149D3290D2D5B2
:1052D0001BEA306D2290D2D50BEA30BD3258086DF2
:1052E0003390D2D51BEA3090D2D50BEA207E340021
:1052F000BBBD23080A7E3400BB90D2D51BEA309098
:10530000D2D50BEA307E2400149D3290D2D11BEA14
:105310003090D2D50BEA207E3400142D3290D2D3B7
:105320001BEA306D2290D2D10BEA30BD3258086DA5
:105330003390D2D11BEA3090D2D30BEA207E3400D6
:10534000BBBD23080A7E3400BB90D2D31BEA309049
:10535000D2D10BEA1090D2B90BEA0090D2AD693EDF
:1053600000020BEA202D307A1B3090D2D30BEA10CA
:1053700090D2B90BEA0090D2B1693E00020BEA204C
:105380002D307A1B3090D2D50BEA1090D2B90BEAAF
:105390000090D2B5693E00020BEA202D307A1B3016
:1053A00090D2B90BEA207E3400012D321BEA3090F6
:1053B000D2BB0BEA2090D2B90BEA30BD32180302FF
:1053C000524F90D2B5693E00020BEA202E34005EA7
:1053D0007E1BB090BF05F06D2290D2BD0BEA30BDB0
:1053E00032080890D2BD0BEA3080047E340005906C
:1053F000D2B91BEA308039740190D2B90BEA207E11
:1054000034BD9A2D327A71827A6183F0740190D220
:10541000B90BEA207E34BCA92D327A71827A61837D
:10542000F090D2B90BEA207E3400012D321BEA3015
:1054300090D2BB0BEA2090D2B90BEA30BD3208B74C
:105440007401AAE490E581F0803590E581E00A2BB3
:105450007E34BE8B2D327A71827A61837EEBA0908E
:10546000E581E00A2B7E34BF092D327A71827A61A0
:10547000837AEBA090E5817EEBA074012CBAF090CA
:10548000E5817EEBA07478BCAB40BF740690E581EB
:10549000F0807E6D3390E5831BEA30E490E582F086
:1054A000803390E582E00A3B90E581E00A2B2D23D2
:1054B0007E34BF082D327A71827A6183E00A2B90A4
:1054C000E5830BEA302D321BEA3090E5827EEBA0BB
:1054D00074012CBAF090E5827EEBA07403BCAB4063
:1054E000C190E5830BEA307E2400039AFD9CD37CB7
:1054F000A790E581E00A2B7E34BE8B2D327A718233
:105500007A61837AEBA090E5817EEBA074012CBADE
:10551000F090E581E00A3B7E2400012D237E3400DB
:1055200077BD2318030254932290D6F47AEB70903F
:10553000D6F3F090D6EF1BEA00791E000290D6F366
:10554000E00A1B90D6EF693E00020BEA202D317E67
:105550001B700A3790D6F4E00A2B9D3290D7091BB6
:10556000EA3090D7090BEA207E34FFFEBD230816EF
:1055700090D7090BEA207E340002BD2358086D3312
:1055800090D7091BEA3090BF810BEA3090D7090B06
:10559000EA209D237CB49AFD9C0D90D70B793E00A8
:1055A000021BEA2090D7090BEA3090BF811BEA303A
:1055B00090D7090BEA207CB49AFD9C0D7F0190D610
:1055C000F5693E00020BEA209AFD9A937F7190D70D
:1055D0000B691E00020BEA0090D6F9693E00020B2F
:1055E000EA209AFD9A937F017F179AFD99DB90D765
:1055F0000F793E00021BEA2090D70F691E00020BB4
:10560000EA0090D6FD693E00020BEA209AFD99D887
:1056100090D713793E00021BEA2090D705691E003F
:10562000020BEA0090D713693E00020BEA209AFDB4
:105630009BB4281490D705693E00020BEA2090D74E
:1056400013793E00021BEA2090D701691E00020B6D
:10565000EA0090D713693E00020BEA209AFD9BB442
:10566000501490D701693E00020BEA2090D71379BD
:105670003E00021BEA2090D713693E00020BEA208D
:10568000AA9AFD49BCBEB0006808E49AFE2AE80266
:1056900057709AFE00AC7E34BE8B7E24000190D9F8
:1056A00073793E00021BEA207EA07790D9777AEBCF
:1056B000A07EA00590D9787AEBA07E14BE127E045D
:1056C00000017E34BD227E2400019AFD43E37E3436
:1056D000BE8B7E24000190D2B5793E00021BEA20E9
:1056E0007E14BE127E0400017E34BD227E240001A1
:1056F0009AFD4AFB90BD21F012544390BEE9E09020
:10570000BF05F090E329693E00020BEA2090D6F530
:10571000793E00021BEA2090E325693E00020BEA75
:105720002090D6F9793E00021BEA206D337E244298
:10573000B190D6FD793E00021BEA206D337E2442F3
:105740009890D701793E00021BEA206D337E2442F7
:10575000C790D705793E00021BEA207E14BE8B7EDF
:10576000040001745E7E705E9AFD55299AFE383CF5
:10577000AA740590E604F0806D90E604E00A3B9080
:10578000E604E00A1B7E24BE122D217A51827A4162
:1057900083E00A2BE49AFE00B190E604E00A3B9015
:1057A000E604E00A1B7E24BD222D217A51827A4133
:1057B00083E00A2B74FF9AFE00B190E604E00A3BF6
:1057C00090E604E00A1B7E24BE8B2D217A51827A5A
:1057D0004183E00A2B74809AFE00B190E6047EEBD0
:1057E000A074012CBAF090E6047EEBA07477BCABF9
:1057F00028877E34005E90BEE9E00A2B74FF9AFE93
:1058000000B1AA90E02E1BEA20793E000290E02A27
:105810001BEA00791E0002E490E032F0E490E033ED
:10582000F06D3390E0341BEA307E14DEFC7E040021
:105830000174807E70019AFCBBDE7E14DEFC7E0467
:10584000000174FF7E70019AFCBBDE7E14DEFC7EDC
:10585000040001E46C779AFCBBDE7E14DEFC7E045F
:10586000000174FF7E70069AFCBBDE7E180001907A
:10587000DEB7793E00021BEA207E14DEFC7E0400C7
:105880000174837E34E0327E2400019AFCC3BB7E27
:1058900014DEFC7E040001748390E0327EEB707EA7
:1058A00060044C769AFCBBDE7E14DEFC7E040001B4
:1058B00074FF7E70079AFCBBDE7E14DEFC7E040063
:1058C0000174817E70019AFCBBDE7E14DEFC7E04D6
:1058D000000174807E70019AFCBBDE7E14DEFC7ECB
:1058E00004000174947E706B9AFCBBDE7E14DEFCB7
:1058F0007E04000174836C779AFCBBDEE490E03296
:10590000F080597E1403E890E4D1693E00020BEA6E
:10591000209AFD9D1F9AFE35DF7E18000190DEB7AC
:10592000793E00021BEA207E14DEFC7E0400017436
:10593000837E34E0327E2400019AFCC3BB90E034C5
:105940000BEA207E3400012D321BEA307E3400FF4A
:10595000BD325008740190E033F0801290E032E0E4
:10596000BEB000689E90E032E0BEB0FF689590E067
:1059700033E0BEB0006803025A7C7E14DEFC7E0475
:10598000000174837E70019AFCBBDE7E18000190DA
:10599000DEB7793E00021BEA207E14DEFC7E0400A6
:1059A0000174927E34E0327E2400019AFCC3BB90E5
:1059B000E0327EEB30747F5C3B90E02A693E00026F
:1059C0000BEA207A1B3090E0327EEB307CB3237CF4
:1059D0003B74015C3B90E02E693E00020BEA207AAA
:1059E0001B307E14DEFC7E04000174816C779AFC0F
:1059F000BBDE7E14DEFC7E04000174FF7E70069A1E
:105A0000FCBBDE7E18000190DEB7793E00021BEA87
:105A1000207E14DEFC7E04000174837E34E0327E3E
:105A20002400019AFCC3BB7E14DEFC7E04000174DA
:105A30008390E0327EEB709AFCBBDE7E14DEFC7E4F
:105A400004000174FF7E70019AFCBBDE7E14DEFC54
:105A50007E040001E47E70019AFCBBDE7E14DEFC55
:105A60007E04000174FF6C779AFCBBDE7E14DEFCC2
:105A70007E04000174806C779AFCBBDE90E033E01A
:105A80002290E371F090E36F1BEA3090E371E00A3B
:105A90003B6D227E1409009AFD9D167E1406779AAE
:105AA000FD9D167E0801F42F107E1403E89AFD9DDB
:105AB0001F90E372793E00021BEA2090E36F0BEA2D
:105AC000306D2290E372691E00020BEA009AFD9D80
:105AD0000590E372691E00020BEA001E141E0450BA
:105AE000034E20802F107E1403E89AFD9D1F229004
:105AF000E22BF090E2271BEA20793E000290E22B95
:105B0000E00A3B6D227E1409009AFD9D167E140664
:105B1000779AFD9D167E0801F42F107E1403E89AF3
:105B2000FD9D1F90E22C793E00021BEA207E1403AB
:105B3000E890E227693E00020BEA209AFD9D16904C
:105B4000E22C691E00020BEA001E141E0450034ED4
:105B500020802F1090E22C691E00020BEA009AFDB3
:105B60009D212290E5D81BEA3090E5D80BEA207EF3
:105B700034FF005D327D530A5A90E5D80BEA307E3F
:105B80002400FF5D2360053E241478FB7E34000171
:105B90002D322290E5DA1BEA309F117A1F00086D42
:105BA000337A37000C6D337A37000E6D2290E5DAC8
:105BB0000BEA30BD32285C90E5DA0BEA307E240037
:105BC000019D326D227A1F0008801F7E1F00081E73
:105BD000341E2450034E60807A1F00087E27000C7C
:105BE0007E3400012D327A37000C7E0CFF007E1FC0
:105BF00000085E7000BE18000038D07E27000C7CC4
:105C0000456C557E0F00087E3400FF5D314D327AC1
:105C100037000E7E37000E2290E4B31BEA00791E97
:105C20000002E490E4B7F07E18000190DEB7793E00
:105C300000021BEA207E14DEFC7E04000174017E5B
:105C400034E4B77E2400019AFCC3BB90E4B77EEB3A
:105C5000307CB3C47C3B74015C3B90E4B3693E0090
:105C6000020BEA207A1B3090E4B77EEB307CB3C4A1
:105C7000237C3B74015C3B90E4B3693E00020BEA79
:105C8000200B357A1B3090E4B77EEB201E201E20BF
:105C90007E30015C3290E4B3693E00020BEA200BD7
:105CA000347A1B3090E4B77EEB307CB323237C3B0B
:105CB00074015C3B90E4B3693E00020BEA202E3491
:105CC00000037A1B3090E4B77EEB307CB3237C3B3F
:105CD00074015C3B90E4B3693E00020BEA200B3692
:105CE0007A1B302290E5B71BEA30E490E5B9F06DFD
:105CF0002290E5B70BEA30BD3278387E180001906B
:105D0000DEB7793E00021BEA207E14DEFC7E040032
:105D10000174507E34E5B97E2400019AFCC3BB9027
:105D2000E5B9E00A4B7E5400012D543E5490E5B98C
:105D3000F0804C90E5B70BEA207E340001BD23785B
:105D4000387E18000190DEB7793E00021BEA207E03
:105D500014DEFC7E04000174707E34E5B97E2400FC
:105D6000019AFCC3BB90E5B9E00A4B7E5400012DBB
:105D7000543E5490E5B9F0800674FF90E5B9F09078
:105D8000E5B9E02290E03A1BEA20793E000290E07B
:105D9000361BEA00791E00026D3390E0401BEA30AA
:105DA0006D33125CE40A1B90E03A693E00020BEA94
:105DB000201B1A107E18000190DEB7793E00021BEE
:105DC000EA207E14DEFC7E04000174467E34E03E50
:105DD0007E2400019AFCC3BB90E03EE00A0B7E14D7
:105DE00000012D1090E03A693E00020BEA200B36CC
:105DF0001B1A1090E03A693E00020BEA200B360BAA
:105E00001A3090E03A691E00020BEA000B0A5012A9
:105E10005A817F0190E03A693E00020BEA202E345D
:105E2000000A791100021B1A007E18000290DEB7EA
:105E3000793E00021BEA207E14DEFC7E0400017421
:105E4000517E34E03E7E2400019AFCC3BB90E03ECC
:105E5000E00A2B7C456C5590E03FE00A3B4D3290C8
:105E6000E0401BEA3090E0400BEA30125B637D13A8
:105E700090E03A693E00020BEA202E3400061B1A1D
:105E80001090E03A693E00020BEA202E3400060B27
:105E90001A3090E03A691E00020BEA000B0A501219
:105EA0005A817F0190E03A693E00020BEA202E34CD
:105EB000000E791100021B1A007E340001125CE40E
:105EC0000A1B90E03A693E00020BEA200B351B1AD0
:105ED000107E18000290DEB7793E00021BEA207E99
:105EE00014DEFC7E04000174717E34E03E7E2400EA
:105EF000019AFCC3BB90E03EE00A2B7C456C5590B8
:105F0000E03FE00A3B4D3290E0401BEA3090E04039
:105F10000BEA30125B637D1390E03A693E00020B9E
:105F2000EA202E3400081B1A1090E036693E000269
:105F30000BEA202E3400037E1BB0BEB00068279011
:105F4000E03A693E00020BEA202E3400060B1A20CC
:105F500090E03A691E00020BEA002E1400080B0ABA
:105F6000309D321B0A3090E03A693E00020BEA2075
:105F70002E3400080B1A3090E03A691E00020BEA3A
:105F8000000B150B0A50125A817F0190E03A693ECE
:105F900000020BEA202E340012791100021B1A00B5
:105FA0002290E4B8F0E490E4B9F0E490E4BAF06D43
:105FB0003390E4BB1BEA307E14DEFC7E040001E477
:105FC00090E4B87EEB707E60014C769AFCBBDE7E7E
:105FD00018000190DEB7793E00021BEA207E14DE35
:105FE000FC7E04000174467E34E4BA7E2400019AEB
:105FF000FCC3BB80597E1403E890E4D1693E0002E3
:106000000BEA209AFD9D1F9AFE35DF7E1800019055
:10601000DEB7793E00021BEA207E14DEFC7E04001F
:106020000174467E34E4BA7E2400019AFCC3BB901E
:10603000E4BB0BEA207E3400012D321BEA307E34B3
:1060400000FFBD325008740190E4B9F0800F90E475
:10605000BA7EEBA074075CBABEB000689890E4B951
:10606000E0BEB00078207E14DEFC7E040001740BDC
:106070007E70019AFCBBDE7E14DEFC7E040001E42F
:106080006C779AFCBBDE90E4B9E02290D53C1BEA29
:1060900020793E0002E490D540F06D3390D5441B4A
:1060A000EA309F1190D546793E00021BEA206D33FD
:1060B00090D54A1BEA307E1808E890D567793E00F3
:1060C000021BEA2090D53C693E00020BEA20BE1874
:1060D0004E205009740190D540F00262977E14D58D
:1060E0004C7E040001125C187E14D54C7E04000125
:1060F0007E34D5517E240001125D8490D54CE0BEE3
:10610000B00068237E18024E90D55B691E00020B1A
:10611000EA002F0190D567693E00020BEA202F109C
:10612000793E00021BEA2090D54EE0BEB0006829FF
:106130007E0802B290D55B693E00020BEA202F1068
:106140007F012F0090D567693E00020BEA202F10D7
:10615000793E00021BEA20802C90D54DE0BEB000B5
:1061600068237E18029490D55B691E00020BEA003A
:106170002F0190D567693E00020BEA202F10793E6F
:1061800000021BEA2090D54FE0BEB00068237E18C5
:10619000029490D55F691E00020BEA002F0190D592
:1061A00067693E00020BEA202F10793E00021BEACD
:1061B0002090D550E0BEB00078030262977E0802BE
:1061C0002690D567693E00020BEA202F10793E0029
:1061D000021BEA2090D53C691E00020BEA0090D514
:1061E00067693E00020BEA20BF102809740190D5B0
:1061F00040F002629790D567691E00020BEA00909A
:10620000D53C693E00020BEA209F1090D546793EAE
:1062100000021BEA2090D546693E00020BEA20905E
:10622000D5530BEA50125AEF90D54A1BEA3090D55D
:106230004FE0BEB000681190D5570BEA2090D54AC8
:106240000BEA302D321BEA3090D54A0BEA30125B54
:106250009390D5441BEA30747190D541F090D544A9
:106260000BEA307D530A5A90D542F090D5440BEAA0
:106270005090D543F07E18000390DF1E793E000257
:106280001BEA207E14DEFC7E0400017E34D5417EB4
:106290002400019AFCB95A90D540E0227E180B36B2
:1062A00090D966793E00021BEA207E14D94B7E0409
:1062B0000001125C187E14D94B7E0400017E34D993
:1062C000507E240001125D8490D94BE0BEB000687E
:1062D000237E18024E90D95A691E00020BEA002F45
:1062E0000190D966693E00020BEA202F10793E002A
:1062F000021BEA2090D94DE0BEB00068297E08025A
:10630000B290D95A693E00020BEA202F107F012F6C
:106310000090D966693E00020BEA202F10793E00FA
:10632000021BEA20802C90D94CE0BEB00068237E8E
:1063300018029490D95A691E00020BEA002F0190AE
:10634000D966693E00020BEA202F10793E00021B3D
:10635000EA2090D94EE0BEB00068237E18029490E7
:10636000D95E691E00020BEA002F0190D966693ED2
:1063700000020BEA202F10793E00021BEA2090D980
:106380004FE0BEB00068237E18022690D962691ED5
:1063900000020BEA002F0190D966693E00020BEA69
:1063A000202F10793E00021BEA2090D966693E003A
:1063B000020BEA202290E2301BEA20793E00026DB7
:1063C000117E04430090E230693E00020BEA209AFD
:1063D000FD9A939AFD9C4590E2371BEA3090E2309B
:1063E000691E00020BEA009F119AFD9BB4282890B9
:1063F000E230693E00020BEA209AFD91F47F407F73
:10640000517E04407F7E14FFD77E240A3D7E347087
:10641000A49AFD90D8400474018001E47E146CD0ED
:106420007E0400FE7E3402069AFE2E63744490E2DF
:1064300034F090E2370BEA307D530A5A90E235F09F
:1064400090E2370BEA5090E236F07E18000390DFBE
:106450001E793E00021BEA207E14DEFC7E04000151
:106460007E34E2347E2400019AFCB95A2290DF087F
:10647000E0BEB00078030265447E18000190DEB7EC
:10648000793E00021BEA207E14DEFC7E04000174CB
:10649000137E34E5BA7E2400019AFCC3BB90E5BAB2
:1064A0007EEBA074075CBABEB000685C7E18000288
:1064B00090DEB7793E00021BEA207E14DEFC7E04EB
:1064C0000001741E7E34E5BA7E2400019AFCC3BB31
:1064D00090E5BAE00A3B7C676C7790DF051BEA30F9
:1064E00090E5BBE00A2B90DF050BEA304D321BEA4A
:1064F000307E14DEFC7E040001740B7E70019AFC79
:10650000BBDE740190DF07F090E5BAE030E4357E41
:1065100018000290DEB7793E00021BEA207E14DEEE
:10652000FC7E040001741E7E34E5BA7E2400019ACC
:10653000FCC3BB7E14DEFC7E040001740B7E700184
:106540009AFCBBDEAAAAE490DAD6F0E490DAD7F09F
:10655000E490DAD8F06D3390DAE61BEA307E14DA94
:10656000D97E0400017E340006E49AFCFFDC7E1430
:10657000DADF7E0400017E340007E49AFCFFDC7E53
:1065800034007190DEC41BEA307E34007390DEC6A6
:106590001BEA307E14DEFC7E04000174297E1800A4
:1065A000019AFCCCBF7E3400747E24000174017E0D
:1065B0001400109AFD429C7E1403E890E4D1693ED9
:1065C00000020BEA209AFD9D1F7E1400649AFD9D37
:1065D000169AFE35DF7E340074E49AFD3EF67E1492
:1065E00003E890E4D1693E00020BEA209AFD9D1F6A
:1065F0007E1400329AFD9D169AFE35DF7E340074BB
:1066000074019AFD3EF67E1403E890E4D1693E00E1
:10661000020BEA209AFD9D1F7E1400649AFD9D16D0
:106620009AFE35DF7E14DEFC7E04000174899AFC3C
:10663000C2EE90DAD8F07E14DEFC7E04000174898C
:1066400090DAD87EEB707E60014C769AFCBBDE6DF2
:106650003390DAE61BEA3080457E14DEFC7E0400CF
:106660000190DAE60BEA203E247E3400CF2D327E04
:106670002400FF7E1BB090DAE60BEA203E247E3435
:1066800000D02D327E2400FF7E1B709AFCBBDE9072
:10669000DAE60BEA207E3400012D321BEA3090DA74
:1066A000E60BEA207E340004BD2340AD7E180001D5
:1066B00090DEB7793E00021BEA207E14DEFC7E04E9
:1066C000000174917E34DAD67E2400019AFCC3BBAB
:1066D0006D3390DAE61BEA3080457E14DEFC7E04E2
:1066E000000190DAE60BEA203E247E3400D72D32FA
:1066F0007E2400FF7E1BB090DAE60BEA203E247E6B
:106700003400D82D327E2400FF7E1B709AFCBBDE45
:1067100090DAE60BEA207E3400012D321BEA30903D
:10672000DAE60BEA207E340003BD2340AD7E14DEA2
:10673000FC7E04000174609AFCC2EE90DAD8F07E10
:1067400014DEFC7E040001746090DAD87EEB707E6B
:1067500060124C769AFCBBDE6D337E243E80126361
:10676000B57E14DEFC7E04000174017E70FF9AFC8D
:10677000BBDE7E14DADF7E0400017E34DAE07E24A4
:106780000001125803BEB0006815740190DAD7F00A
:106790007E146CB77E0400FE9AFD922D026B697E1A
:1067A00018000690DEB7793E00021BEA207E14DE58
:1067B000FC7E04000174B07E34DAD97E2400019A94
:1067C000FCC3BB6D3390DAE61BEA3080457E14DEF5
:1067D000FC7E04000190DAE60BEA203E247E3400C1
:1067E000DD2D327E2400FF7E1BB090DAE60BEA201E
:1067F0003E247E3400DE2D327E2400FF7E1B709A04
:10680000FCBBDE90DAE60BEA207E3400012D321B61
:10681000EA3090DAE60BEA207E340005BD2340AD75
:1068200090DAE0E0BEB0006804740C8001E490DA15
:10683000E1F06D3390DAE61BEA300268EC90DAE1C1
:10684000E00A2B90DAE60BEA30BD32400E90DADF38
:106850007EEBA090DAE2E0BCBA784290DAE60BEA8E
:10686000507CAB74075CBA7E34000160053E341482
:1068700078FB7CB77CAB6EA0FF90DAE60BEA201EBB
:10688000241E241E247E34DAD92D327A71827A6154
:1068900083E05CBA7A71827A6183F0804090DAE6B4
:1068A0000BEA201E241E241E247E34DAD92D327ACF
:1068B00071827A61837EEBA090DAE60BEA207E3467
:1068C00000075D327CB760051EA01478FB7CBA30EF
:1068D000E00B90DAE27EEBA074012CBAF090DAE6DD
:1068E0000BEA207E3400012D321BEA3090DAE60BF1
:1068F000EA207E340030BD32280302683D74B09037
:10690000DADFF07E34000190DAE61BEA30802C906A
:10691000DAE60BEA207E3400019D237E34DAD92D9D
:10692000327A71827A6183E090DAE0F090DAE60BF5
:10693000EA207E3400012D321BEA3090DAE60BEAC1
:10694000207E340007BD3238C67E18000790DF1E57
:10695000793E00021BEA207E14DEFC7E0400017EEC
:1069600034DADF7E2400019AFCB95A6D3390DAE6FE
:106970001BEA3080457E14DEFC7E04000190DAE6DE
:106980000BEA203E247E3400E72D327E2400FF7E79
:106990001BB090DAE60BEA203E247E3400E82D326C
:1069A0007E2400FF7E1B709AFCBBDE90DAE60BEAC9
:1069B000207E3400012D321BEA3090DAE60BEA200B
:1069C0007E340050BD2340AD7E14DEFC7E04000109
:1069D000740A7E70049AFCBBDE7E14DEFC7E04002A
:1069E0000174849AFCC2EE90DAD8F07E14DEFC7E4C
:1069F000040001748490DAD87EEB707E60EF5C76E0
:106A00009AFCBBDE7E14DEFC7E040001740B7E70FB
:106A1000019AFCBBDE12629C90DAD2793E00021B26
:106A2000EA207E14DEFC7E04000174017E70E89A88
:106A3000FCBBDE90DAD2693E00020BEA2012608BCA
:106A40007E14DEFC7E04000174017E70019AFCBBA2
:106A5000DE7440125FA1BEB0006815740190DAD7F1
:106A6000F07E146C847E0400FE9AFD922D026B6908
:106A70007E14DEFC7E04000174017E70029AFCBB71
:106A8000DEE4125FA1BEB0006815740190DAD7F0A1
:106A90007E146C847E0400FE9AFD922D026B697E4A
:106AA00014DEFC7E04000174017E70E89AFCBBDEFB
:106AB0007E1403E890E4D1693E00020BEA209AFDBF
:106AC0009D1F7E1400649AFD9D169AFE35DF7E148C
:106AD000DEFC7E04000174807E70019AFCBBDE7EC9
:106AE00014DEFC7E04000174FF7E70019AFCBBDEA4
:106AF0007E14DEFC7E040001E46C779AFCBBDE7E33
:106B000014DEFC7E040001749190DAD67EEB709A5C
:106B1000FCBBDE7E14DEFC7E040001E47E70019A84
:106B2000FCBBDE7E14DEFC7E04000174FF6C779AF1
:106B3000FCBBDE7E14DEFC7E04000174806C779A60
:106B4000FCBBDE7E14DEFC7E040001E47E70029A53
:106B5000FCBBDE740190DF08F07E3400017E14651A
:106B6000457E0400FD9AFE355F90DAD7E0AA90E4F6
:106B7000ED1BEA306D3390E4EF1BEA3090E4ED0B4F
:106B8000EA207E341000BD235803026E7E90E4EDAF
:106B90000BEA509E541000BE54000E4003026E31AA
:106BA0007EA003A4906BA873026BD2026BF2026CFE
:106BB00012026C32026C52026C72026CA4026CD62D
:106BC000026D08026D3A026D6C026D9E026DCF027D
:106BD0006E00E58C0A3B7C676C7790E4EF1BEA3033
:106BE000E58A0A2B90E4EF0BEA304D321BEA3002C3
:106BF0006E42E58D0A3B7C676C7790E4EF1BEA30D0
:106C0000E58B0A2B90E4EF0BEA304D321BEA3002A1
:106C10006E42E5D60A3B7C676C7790E4EF1BEA3066
:106C2000E5D70A2B90E4EF0BEA304D321BEA300235
:106C30006E42E5D40A3B7C676C7790E4EF1BEA3048
:106C4000E5D50A2B90E4EF0BEA304D321BEA300217
:106C50006E42E5D20A3B7C676C7790E4EF1BEA302A
:106C6000E5D30A2B90E4EF0BEA304D321BEA3002F9
:106C70006E427E34FBB67E24007E7E1B700A377C1B
:106C8000676C7790E4EF1BEA307E34FBB77E24001C
:106C90007E7E1B700A2790E4EF0BEA304D321BEA30
:106CA00030026E427E34FBB47E24007E7E1B700A6E
:106CB000377C676C7790E4EF1BEA307E34FBB57E5F
:106CC00024007E7E1B700A2790E4EF0BEA304D32E1
:106CD0001BEA30026E427E34FBBE7E24007E7E1BA9
:106CE000700A377C676C7790E4EF1BEA307E34FBE8
:106CF000BF7E24007E7E1B700A2790E4EF0BEA30F3
:106D00004D321BEA30026E427E34FBBC7E24007E94
:106D10007E1B700A377C676C7790E4EF1BEA307E4D
:106D200034FBBD7E24007E7E1B700A2790E4EF0BAF
:106D3000EA304D321BEA30026E427E34FBC67E24BE
:106D4000007E7E1B700A377C676C7790E4EF1BEA4D
:106D5000307E34FBC77E24007E7E1B700A2790E4C1
:106D6000EF0BEA304D321BEA30026E427E34FBC438
:106D70007E24007E7E1B700A377C676C7790E4EF80
:106D80001BEA307E34FBC57E24007E7E1B700A2702
:106D900090E4EF0BEA304D321BEA30026E427E3453
:106DA000FE7A7E24007E7E1B700A377C676C7790AB
:106DB000E4EF1BEA307E34FE7B7E24007E7E1B7077
:106DC0000A2790E4EF0BEA304D321BEA3080737EE5
:106DD00034FBCE7E24007E7E1B700A377C676C7786
:106DE00090E4EF1BEA307E34FBCF7E24007E7E1BD6
:106DF000700A2790E4EF0BEA304D321BEA308042F4
:106E00007E34FBCC7E24007E7E1B700A377C676C50
:106E10007790E4EF1BEA307E34FBCD7E24007E7E4B
:106E20001B700A2790E4EF0BEA304D321BEA3080EA
:106E300011E47E146EC17E0400FE7E3400519AFE81
:106E40002E6390E4ED0BEA307E2400155D237E3442
:106E5000DB252D327A71827A6183E00A3B9AFD3C10
:106E6000F9BEB0006803026F4690E4EF0BEA306EA3
:106E700034FFFF0B3490E4EF1BEA30026F4690E4DE
:106E8000ED0BEA301A261A242F112F117E1467FFFA
:106E90007E0400FE2F01693000020B0A207E1B7069
:106EA0000A377C676C7790E4EF1BEA3090E4ED0BD7
:106EB000EA301A261A247F012F002F007E3467FF44
:106EC0007E2400FE2F10691100020B1A007E1800AC
:106ED000012F107E1B700A2790E4EF0BEA304D3231
:106EE0001BEA3090E4ED0BEA307E24000F5D237E38
:106EF00034DB252D327A71827A6183E0BEB0FF687F
:106F00003890E4ED0BEA307E24000F5D237E34DB05
:106F1000252D327A71827A6183E00A3B9AFD3CF931
:106F2000BEB000782190E4EF0BEA306E34FFFF0B27
:106F30003490E4EF1BEA30800D90E4EF0BEA300E62
:106F4000340E341BEA3090E4EF0BEA30AA90E5C22D
:106F50001BEA3090E5C20BEA207E341000BD2358B6
:106F60000302723D90E5C20BEA509E541000BE54DD
:106F7000000E400302722A7EA003A4906F7F73026A
:106F80006FA9026FB8026FC7026FD6026FE5026F7A
:106F9000F40270330270720270B10270F002712F4D
:106FA00002716E0271AD0271ECC3C28CE4F58CE427
:106FB000F58AD3D28C02728BC3C28EE4F58DE4F5D0
:106FC0008BD3D28E02728B538EEFE4F5D6E4F5D7D5
:106FD000438E1002728B53DDF7E4F5D4E4F5D5430C
:106FE000DD0802728B53DD7FE4F5D2E4F5D343DD97
:106FF0008002728B74F77E14FBB37E04007E7E0BDE
:10700000705C7B7A0B70E47E34FBB67E24007E7A63
:107010001BB0E47E34FBB77E24007E7A1BB074087C
:107020007E14FBB37E04007E7E0B704C7B7A0B706B
:1070300002728B747F7E14FBB37E04007E7E0B7025
:107040005C7B7A0B70E47E34FBB47E24007E7A1B7A
:10705000B0E47E34FBB57E24007E7A1BB074087EDB
:1070600014FBB37E04007E7E0B704C7B7A0B7002A7
:10707000728B74F77E14FBBB7E04007E7E0B705C0B
:107080007B7A0B70E47E34FBBE7E24007E7A1BB0DC
:10709000E47E34FBBF7E24007E7A1BB074087E142D
:1070A000FBBB7E04007E7E0B704C7B7A0B70027201
:1070B0008B747F7E14FBBB7E04007E7E0B705C7B3A
:1070C0007A0B70E47E34FBBC7E24007E7A1BB0E435
:1070D0007E34FBBD7E24007E7A1BB074087E14FBD8
:1070E000BB7E04007E7E0B704C7B7A0B7002728B31
:1070F00074F77E14FBC37E04007E7E0B705C7B7A8B
:107100000B70E47E34FBC67E24007E7A1BB0E47EE6
:1071100034FBC77E24007E7A1BB074087E14FBC348
:107120007E04007E7E0B704C7B7A0B7002728B7437
:107130007F7E14FBC37E04007E7E0B705C7B7A0B2B
:1071400070E47E34FBC47E24007E7A1BB0E47E347F
:10715000FBC57E24007E7A1BB074087E14FBC37EC0
:1071600004007E7E0B704C7B7A0B7002728B747FF6
:107170007E14FE787E04007E7E0B705C7B7A0B7042
:10718000E47E34FE7A7E24007E7A1BB0E47E34FEF8
:107190007B7E24007E7A1BB074807E14FE787E0491
:1071A000007E7E0B704C7B7A0B7002728B74F77EC4
:1071B00014FBCB7E04007E7E0B705C7B7A0B70E44C
:1071C0007E34FBCE7E24007E7A1BB0E47E34FBCF7F
:1071D0007E24007E7A1BB074087E14FBCB7E0400F4
:1071E0007E7E0B704C7B7A0B7002728B747F7E14E8
:1071F000FBCB7E04007E7E0B705C7B7A0B70E47EA2
:1072000034FBCC7E24007E7A1BB0E47E34FBCD7E42
:1072100024007E7A1BB074807E14FBCB7E04007E3B
:107220007E0B704C7B7A0B708061E47E146EC17EA5
:107230000400FE7E3400899AFE2E63804EE490E5C1
:10724000C20BEA301A261A242F112F117E1467FF61
:107250007E0400FE2F01693000020B0A207A1BB069
:10726000E490E5C20BEA301A261A247F012F002F82
:10727000007E3467FF7E2400FE2F10691100020B90
:107280001A007E1800012F107A1BB0AA90E3A31BEE
:10729000EA1090E3A11BEA2090E39F1BEA3090E301
:1072A0009F0BEA207E3400FF5D327E2400039AFEAD
:1072B00039777E146EC17E0400FE7E3400A69AFEED
:1072C0002E6390E3A10BEA500A5AC40354077E448C
:1072D0000006BD54780474018001E47E146EC17E02
:1072E0000400FE7E3400A99AFE2E6390E3A30BEA0D
:1072F000207E3400FF5D326D22E47E1400039AFD8F
:10730000429C90E3A10BEA207E3400FF5D326D22A7
:10731000E47E1400039AFD429C90E3A30BEA407EB6
:107320005400FF5D5490E39F0BEA307E2400155D0E
:10733000237E34DB252D327A71827A6183F090E3EB
:107340009F0BEA509E541000BE54000E400302757D
:10735000577EA003A4907359730273830273920241
:1073600073A10273AD0273B90273C50273F20274A2
:107370001F02744C0274790274A60274D30274FF63
:1073800002752BE4F58AE4F58C438904D3D28C0290
:107390007568E4F58BE4F58D438940D3D28E027590
:1073A00068E4F5D7E4F5D6438E18027568E4F5D5A0
:1073B000E4F5D443DD0C027568E4F5D3E4F5D2437B
:1073C000DDC0027568E47E34FBB77E24007E7A1B44
:1073D000B0E47E34FBB67E24007E7A1BB0740C7E53
:1073E00014FBB37E04007E7E0B704C7B7A0B700224
:1073F0007568E47E34FBB57E24007E7A1BB0E47EA3
:1074000034FBB47E24007E7A1BB074C07E14FBB3C0
:107410007E04007E7E0B704C7B7A0B70027568E4F4
:107420007E34FBBF7E24007E7A1BB0E47E34FBBE3C
:107430007E24007E7A1BB0740C7E14FBBB7E04009D
:107440007E7E0B704C7B7A0B70027568E47E34FB99
:10745000BD7E24007E7A1BB0E47E34FBBC7E24001B
:107460007E7A1BB074C07E14FBBB7E04007E7E0B54
:10747000704C7B7A0B70027568E47E34FBC77E2407
:10748000007E7A1BB0E47E34FBC67E24007E7A1B2D
:10749000B0740C7E14FBC37E04007E7E0B704C7BAC
:1074A0007A0B70027568E47E34FBC57E24007E7A18
:1074B0001BB0E47E34FBC47E24007E7A1BB074C013
:1074C0007E14FBC37E04007E7E0B704C7B7A0B70B7
:1074D000027568E47E34FE7B7E24007E7A1BB0E475
:1074E0007E34FE7A7E24007E7A1BB074C07E14FE49
:1074F000787E04007E7E0B704C7B7A0B708069E492
:107500007E34FBCF7E24007E7A1BB0E47E34FBCE3B
:107510007E24007E7A1BB0740C7E14FBCB7E0400AC
:107520007E7E0B704C7B7A0B70803DE47E34FBCD0D
:107530007E24007E7A1BB0E47E34FBCC7E24007E69
:107540007A1BB074C07E14FBCB7E04007E7E0B7071
:107550004C7B7A0B708011E47E146EC17E0400FEB9
:107560007E3400BD9AFE2E632290E3A91BEA1090A0
:10757000E3A71BEA2090E3A51BEA3090E3A70BEA00
:10758000207E3400FF5D326D22E47E1400039AFDFC
:10759000429C90E3A90BEA207E3400FF5D326D220D
:1075A000E47E1400039AFD429C90E3A90BEA407E1E
:1075B0005400FF5D5490E3A50BEA307E24000F5D7C
:1075C000237E34DB252D327A71827A6183F07E60EE
:1075D000FE90E3A70BEA00740D0E041478FB7E14F2
:1075E00000075D101A021A002F002F007E54684712
:1075F0007E4400FE2F20691200020B2A007E0B70D1
:107600005C767A0B7090E3A70BEA307D431A480E44
:10761000440E440E447E5400035D543E5490E3A750
:107620000BEA307D231A247E3400035D3260053E70
:10763000341478FB7C6790E3A70BEA00740D0E040A
:107640001478FB7E1400075D101A021A002F002F19
:10765000007E5467CF7E4400FE2F20691200020B8B
:107660002A007E0B704C767A0B707EA0FF90E3A709
:107670000BEA20740D0E241478FB7E3400075D3273
:107680001A261A242F112F117E1467B77E0400FECC
:107690002F01693000020B0A207A1BA07EA0FF9008
:1076A000E3A70BEA20740D0E241478FB7E34000748
:1076B0005D321A261A247F012F002F007E3467B70F
:1076C0007E2400FE2F10691100020B1A007E1800A4
:1076D000012F107A1BA06CAA90E3A70BEA20740D6F
:1076E0000E241478FB7E3400075D321A261A242FEC
:1076F000112F117E1467277E0400FE2F01693000D0
:10770000020B0A207A1BA06CAA90E3A70BEA207454
:107710000D0E241478FB7E3400075D321A261A24DD
:107720007F012F002F007E3467277E2400FE2F105C
:10773000691100020B1A007E1800012F107A1BA09D
:107740007EA05790E3A70BEA20740D0E241478FB5B
:107750007E3400075D321A261A242F112F117E1451
:1077600067E77E0400FE2F01693000020B0A207AD1
:107770001BA06CAA90E3A70BEA20740D0E241478CA
:10778000FB7E3400075D321A261A247F012F0090F9
:10779000E3A70BEA307D231A240E240E240E247E48
:1077A0003400035D320E341A261A242F102F112FA5
:1077B000117E1468177E0400FE2F01693000020B51
:1077C0000A207A1BA06CAA90E3A90BEA20740D0E84
:1077D000241478FB7E3400075D321A261A247F01B8
:1077E0002F0090E3A90BEA307D231A240E240E24E7
:1077F0000E247E3400035D320E341A261A242F1014
:107800002F112F117E1468177E0400FE2F0169309E
:1078100000020B0A207A1BA07E600190E3A70BEA0E
:1078200000740D0E041478FB7E1400075D101A021C
:107830001A007F202F222F2290E3A70BEA207D023F
:107840001A000E040E040E047E1400035D101A02CA
:107850001A002F022F002F007E54685F7E4400FE26
:107860002F20691200020B2A007E0B704C767A0BD7
:10787000707E600190E3A70BEA00740D0E0414788B
:10788000FB7E1400075D101A021A002F002F007EE5
:107890005468477E4400FE2F20691200020B2A0024
:1078A0007E0B704C767A0B702290E3AF1BEA10903F
:1078B000E3AD1BEA2090E3AB1BEA3090E3AB0BEAAD
:1078C000300A4790E3AD0BEA500A5AC4035407BD8F
:1078D00054780474018001E47E146EC17E0400FEBD
:1078E0007E3400F39AFE2E6390E3AB0BEA300A4736
:1078F00090E3AF0BEA500A5AC4035407BD5478040E
:1079000074018001E47E146EC17E0400FE7E3400AA
:10791000F49AFE2E6390E3AD0BEA207E3400FF5D07
:10792000326D2274016D119AFD429C90E3AF0BEA17
:10793000207E3400FF5D326D2274016D119AFD428C
:107940009C7E60FE90E3AD0BEA00740D0E0414788B
:10795000FB7E1400075D101A021A002F002F007E14
:107960005468477E4400FE2F20691200020B2A0053
:107970007E0B705C767A0B7090E3AD0BEA307D4342
:107980001A480E440E440E447E5400035D543E5487
:1079900090E3AD0BEA307D231A247E3400035D3280
:1079A00060053E341478FB7C6790E3AD0BEA00740D
:1079B0000D0E041478FB7E1400075D101A021A00E5
:1079C0002F002F007E5467CF7E4400FE2F206912C7
:1079D00000020B2A007E0B704C767A0B7090E3AF9E
:1079E0000BEA307D431A480E440E440E447E540088
:1079F000035D543E5490E3AF0BEA307D231A247E9E
:107A00003400035D3260053E341478FB7C6790E3FC
:107A1000AF0BEA00740D0E041478FB7E1400075DB2
:107A2000101A021A002F002F007E5467CF7E4400E8
:107A3000FE2F20691200020B2A007E0B704C767A12
:107A40000B707EA0FF90E3AD0BEA20740D0E2414A2
:107A500078FB7E3400075D321A261A242F112F116D
:107A60007E1467B77E0400FE2F01693000020B0A06
:107A7000207A1BA07EA0FF90E3AD0BEA20740D0ED0
:107A8000241478FB7E3400075D321A261A247F0105
:107A90002F002F007E3467B77E2400FE2F1069115F
:107AA00000020B1A007E1800012F107A1BA06CAA8E
:107AB00090E3AD0BEA20740D0E241478FB7E3400A5
:107AC000075D321A261A242F112F117E1467277E84
:107AD0000400FE2F01693000020B0A207A1BA06C03
:107AE000AA90E3AD0BEA20740D0E241478FB7E34CB
:107AF00000075D321A261A247F012F002F007E34E2
:107B000067277E2400FE2F10691100020B1A007EE9
:107B10001800012F107A1BA07EA00390E3AD0BEAA2
:107B200020740D0E241478FB7E3400075D321A2673
:107B30001A242F112F117E1467E77E0400FE2F01F7
:107B4000693000020B0A207A1BA06CAA90E3AD0BEF
:107B5000EA20740D0E241478FB7E3400075D321A7F
:107B6000261A247F012F0090E3AD0BEA307D231A03
:107B7000240E240E240E247E3400035D320E341AAB
:107B8000261A242F102F112F117E1468177E04003F
:107B9000FE2F01693000020B0A207A1BA06CAA900C
:107BA000E3AF0BEA20740D0E241478FB7E3400073B
:107BB0005D321A261A247F012F0090E3AF0BEA30C2
:107BC0007D231A240E240E240E247E3400035D32FD
:107BD0000E341A261A242F102F112F117E14681715
:107BE0007E0400FE2F01693000020B0A207A1BA0E0
:107BF0007E600190E3AD0BEA00740D0E041478FB77
:107C00007E1400075D101A021A007F202F222F22F7
:107C100090E3AD0BEA207D021A000E040E040E0460
:107C20007E1400035D101A021A002F022F002F008D
:107C30007E54685F7E4400FE2F20691200020B2AEA
:107C4000007E0B704C767A0B707E600190E3AF0B78
:107C5000EA00740D0E041478FB7E1400075D101A00
:107C6000021A007F202F222F2290E3AF0BEA207D03
:107C7000021A000E040E040E047E1400035D101A96
:107C8000021A002F022F002F007E54685F7E4400EE
:107C9000FE2F20691200020B2A007E0B704C767AB0
:107CA0000B707E600190E3AD0BEA00740D0E0414BE
:107CB00078FB7E1400075D101A021A002F002F00B7
:107CC0007E5468477E4400FE2F20691200020B2A72
:107CD000007E0B704C767A0B70AA90E3B51BEA100D
:107CE00090E3B31BEA2090E3B11BEA3090E3B10BC1
:107CF000EA207E341000BD23403E90E3B50BEA300D
:107D00007E24FF005D236D33BD2378047401800160
:107D1000E47E146EC17E0400FE7E3401329AFE2E93
:107D20006390E3B10BEA3090E3B30BEA2090E3B544
:107D30000BEA1012728C801590E3B10BEA3090E3DD
:107D4000B30BEA2090E3B50BEA10127569AA90E331
:107D50000D1BEA20793E00029F1190E311793E004D
:107D6000021BEA207E14006490E30D693E00020BC2
:107D7000EA209AFD9D16793E00021BEA2080517E82
:107D80001442407E04000F90E4D1693E00020BEAE9
:107D9000209AFD9D217E14000A9AFD9D169AFE35BB
:107DA000DF90E311691E00020BEA007E1800012F2C
:107DB00010793E00021BEA2090E311691E00020BBD
:107DC000EA0090E30D693E00020BEA20BF10280D87
:107DD0007E3400259AFD3CF9BEB00068A290E31104
:107DE000691E00020BEA0090E30D693E00020BEAF7
:107DF00020BF10380474018001E42290E0101BEAD7
:107E00002090E00A1BEA3090E0061BEA00791E0091
:107E100002C3C2EC90E006693E00020BEA204D234B
:107E2000682490E00A0BEA306D2290E0E2793E008F
:107E3000021BEA207E34000190E006691E00020B5E
:107E4000EA009AFC7B4390E00C693E00020BEA20BA
:107E50004D23682490E0100BEA306D2290E0E27927
:107E60003E00021BEA207E34000190E00C691E00F7
:107E7000020BEA009AFC7B43D3D2EC2290E4211B54
:107E8000EA3090E41D1BEA00791E0002C3C2EC90A8
:107E9000E41D693E00020BEA2090DE1C793E0002E0
:107EA0001BEA207E18000490DE20793E00021BEAC7
:107EB000207E34000190E41D691E00020BEA009A46
:107EC000FC7F7A90E4210BEA206D33BD23683C905F
:107ED000E41D693E00020BEA200B3690DE1C793E61
:107EE00000021BEA2090E4210BEA306D2290DE2094
:107EF000793E00021BEA207E34000190E41D691ED9
:107F000000020BEA000B169AFC7F7A90E41D693E92
:107F100000020BEA200B350B1A107E0400FF5D01F6
:107F20007C016C1190E41D693E00020BEA200B35C8
:107F30000B1A107D310A367E1400FF5D134D109030
:107F4000E41D693E00020BEA200B351B1A10D3D248
:107F5000EC2290E1621BEA20793E000290E15E1B78
:107F6000EA00791E0002C3C2EC740290E162693E2D
:107F700000020BEA207A1BB090E1660BEA107E0447
:107F800000FF5D017C016C1190E1660BEA107D3110
:107F90000A367E1400FF5D134D1090E162693E00C9
:107FA000020BEA200B351B1A1090E162693E0002B9
:107FB0000BEA2090DE1C793E00021BEA207E1800AE
:107FC0000490DE20793E00021BEA207E34000190FE
:107FD000E162691E00020BEA009AFC7F7A90E1667A
:107FE0000BEA207E340020BD32506690E162693E8B
:107FF00000020BEA200B3690DE1C793E00021BEAE1
:10800000207E18002090DE20793E00021BEA207EB0
:1080100034000190E15E691E00020BEA009AFC7FC9
:108020007A90E1660BEA307E2400209D326D22902A
:10803000E0E2793E00021BEA207E34000190E15E1E
:10804000691E00020BEA002E1400209AFC7B43807C
:108050005C90E1660BEA30CA3990E15E693E00024D
:108060000BEA2090E162691E00020BEA000B169AEF
:10807000FE3AD11BFD90E162693E00020BEA200B43
:108080003690DE1C793E00021BEA207E180020900C
:10809000DE20793E00021BEA207E34000190E1627E
:1080A000691E00020BEA000B169AFC7F7A90E162CF
:1080B000693E00020BEA200B350B1A107E0400FF0C
:1080C0005D017C016C1190E162693E00020BEA20C7
:1080D0000B350B1A107D310A367E1400FF5D134DEF
:1080E0001090E162693E00020BEA200B351B1A106A
:1080F000D3D2EC2290DD1F1BEA2090DD1B1BEA008F
:10810000791E000290DD191BEA30740190DD25F024
:1081100090DD190BEA5090DD26F090DD1F0BEA3060
:1081200090DD281BEA3090DD21693E00020BEA2039
:10813000127D4EBEB00068030281C590DD1B693E12
:1081400000020BEA2090E00C793E00021BEA207E40
:1081500014DD267E0400017E34000490DD1F0BEA4E
:1081600020127DFB90DD21693E00020BEA20127D8A
:108170004EBEB000784F740290DD26F06D3390DD76
:10818000281BEA307E14DD267E04000190DD280BDA
:10819000EA30127E7C7E1442407E04000F90E4D1CF
:1081A000693E00020BEA209AFD9D217E1400149A7C
:1081B000FD9D169AFE35DF90DD26E0BEB080780585
:1081C000E490DD25F090DD25E02290E0B51BEA008B
:1081D000791E000290E0B31BEA30740190E0BDF01C
:1081E00090E0B9693E00020BEA20127D4EBEB0005D
:1081F000787A90E0B30BEA1090E0B5693E00020B8C
:10820000EA207A1B309F1190E00C793E00021BEAB5
:108210002090E0B5691E00020BEA007E3400206D5C
:1082200022127DFB90E0B9693E00020BEA20127D2C
:108230004EBEB0007836740290E0B5693E00020B85
:10824000EA207A1BB06D1190E0B5693E00020BEA9E
:10825000200B351B1A1090E0B5691E00020BEA00D6
:108260007E340020127E7CE490E0BDF090E0BDE022
:10827000227E346C607E2400FE7E14D7B37E040020
:108280000174249AFD9DA87E1803E890E0B9793E18
:1082900000021BEA207E3400207E14D7B37E040047
:1082A000011281CA90D7B2F090D7B2E0BEB0007888
:1082B0002790D7B3E0BEB0A0781E90D7B50BEA30B8
:1082C000CA397E34D7B77E2400017E14BB7E7E047B
:1082D00000019AFE3AD11BFD90D7B2E0227E18032E
:1082E000E890E0B9793E00021BEA207E3400217E4E
:1082F00014D7D87E0400011281CA90D7D7F090D746
:10830000D7E0BEB000782790D7D8E0BEB0A1781EE5
:1083100090D7DA0BEA30CA397E34D7DC7E240001EC
:108320007E14BBA17E0400019AFE3AD11BFD90D7BA
:10833000D7E0227E1803E890E0B9793E00021BEAFC
:10834000207E3400227E14D7FD7E0400011281CAF3
:1083500090D7FCF090D7FCE0BEB000782790D7FD16
:10836000E0BEB0A2781E90D7FF0BEA30CA397E3447
:10837000D8017E2400017E14BB657E0400019AFEB4
:108380003AD11BFD90D7FCE02290D571F090D56DCD
:108390001BEA00791E000290D56B1BEA3074019035
:1083A000D572F090D5717EEBA0741EBCAB50030269
:1083B00084A77E340002CA397E346C5D7E2400FEC0
:1083C0007E14BB7E7E0400019AFCFFA51BFDBEB09F
:1083D0000068030284A790D56B0BEA407E5400230B
:1083E0002D547E4400019D5490D597F090D56B0B91
:1083F000EA407E5400A32D547E4400019D5490D544
:1084000098F07E1803E890E0B9793E00021BEA205C
:1084100090D597E00A3B7E14D5737E04000112814B
:10842000CA90D572F090D572E0BEB000787990D540
:10843000737EEBA090D598E0BCBA786B7E340002D6
:10844000CA397E346C5A7E2400FE7E14D5777E04B1
:1084500000019AFCFFA51BFD90D572F090D572E04B
:10846000BEB000784290D5750BEA307E2400039DA3
:1084700032CA397E34D57A7E24000190D56D691ECA
:1084800000020BEA009AFE3AD11BFDE490D5750B71
:10849000EA107E0400039D1090D56D693E00020B2A
:1084A000EA202D317A1BB090D572E0AA90E36C1BC4
:1084B000EA3090E3681BEA00791E0002E490E36E64
:1084C000F07E340002CA397E346C5D7E2400FE7E6C
:1084D00014BB7E7E0400019AFCFFA51BFDBEB0000C
:1084E00078607E18271090DD21793E00021BEA207B
:1084F0007E3400129F006D221280F490E36EF090A3
:10850000E36EE0BEB000783A801E7E1403E890E48B
:10851000D1693E00020BEA209AFD9D1F7E14000ADD
:108520009AFD9D169AFE35DF90E368691E00020BE6
:10853000EA0090E36C0BEA306D229AFD89B94D2375
:1085400068C890E36EE0AA90D21C1BEA20793E0036
:108550000290D2181BEA00791E000290D21C693EDC
:1085600000020BEA204D23684490D218693E0002B5
:108570000BEA2090D763793E00021BEA2090D21CC0
:10858000693E00020BEA2090D75F793E00021BEAA9
:10859000207E14D2217E0400017E346C517E2400A2
:1085A000FE9AFD925A90D2611BEA30802E90D2182A
:1085B000693E00020BEA2090D763793E00021BEA75
:1085C000207E14D2217E0400017E346C4C7E240077
:1085D000FE9AFD925A90D2611BEA307E18271090C5
:1085E000DD21793E00021BEA207E3400107E14D289
:1085F000217E04000190D2610BEA201280F490D217
:1086000020F012833390D220E0AA90D3FC1BEA2002
:10861000793E000290D3F81BEA00791E000290D345
:10862000F8693E00020BEA2090D763793E00021BF6
:10863000EA2090D3FC693E00020BEA2090D75F79D4
:108640003E00021BEA2090D400693E00020BEA20A3
:1086500090D75B793E00021BEA2090D404693E006B
:10866000020BEA2090D757793E00021BEA207E14C5
:10867000D4097E0400017E346C3B7E2400FE9AFD0A
:10868000925A90D4321BEA307E18C35090DD217983
:108690003E00021BEA207E3400117E14D4097E04C1
:1086A000000190D4320BEA201280F490D408F0122A
:1086B000833390D408E0AA7E1803E890E0B9793EAD
:1086C00000021BEA207E3400047E14D8467E04009B
:1086D000011281CAAA740190E4AEF0740190E4AF73
:1086E000F07E34A5A590E4B11BEA307E1803E812B1
:1086F0007D4E90E4AEF090E4AEE0BEB000781D9FF9
:108700001190E00C793E00021BEA207E14E4AF7E5B
:108710000400017E3400046D22127DFB90E4AEE083
:10872000AA740190D821F06D2290BBB50BEA30BD40
:108730003268030287F17E34000190BBB51BEA303A
:108740007E1803E8127D4EBEB00068030287E9740C
:108750000390D822F06D3390D8241BEA307E14D8D1
:10876000227E0400017E340020127E7C90D822E01C
:10877000BEB090680990D822E0BEB091783290D80F
:10878000240BEA206D33BD23682690D8240BEA30F1
:108790006D2290DC3F793E00021BEA207E14BB8AEA
:1087A0007E0400017E34D8267E2400019AFDA0F5C7
:1087B0007E1803E8127D4EBEB000782D740290D86A
:1087C00022F06D3390D8241BEA307E14D8227E0428
:1087D000000190D8240BEA30127E7C90D822E0BEB3
:1087E000B0807805E490D821F06D3390BBB51BEADA
:1087F0003090D821E0AA90D59D1BEA20793E000256
:1088000090D5991BEA00791E00026D2290BBB50B32
:10881000EA30BD3268030289857E34000190BBB521
:108820001BEA300288F490D59D693E00020BEA20D5
:10883000BE180FF828067E340FF8800A90D59D697F
:108840003E00020BEA2090D5A11BEA307E1803E817
:10885000127D4EBEB000680302890590D5A10BEAD7
:108860003090E1661BEA3090D599691E00020BEA50
:10887000007E34D5A37E240001127F5290D5A3E060
:10888000BEB090680990D5A3E0BEB091783290D583
:10889000A50BEA206D33BD23682690D5A50BEA30E1
:1088A0006D2290DC3F793E00021BEA207E14BB8AD9
:1088B0007E0400017E34D5A77E2400019AFDA0F538
:1088C00090D5A10BEA106D0090D59D693E00020B7A
:1088D000EA209F10793E00021BEA2090D5A10BEA06
:1088E0001090D599693E00020BEA202D31793E00A7
:1088F000021BEA2090D59D693E00020BEA204D2321
:108900006803028826806D7E1803E8127D4EBEB093
:1089100000786A740290D5A3F06D3390D5A51BEA58
:10892000307E14D5A37E0400017E340020127E7CAC
:1089300090D5A3E0BEB090680990D5A3E0BEB091F9
:10894000783290D5A50BEA206D33BD23682690D5EB
:10895000A50BEA306D2290DC3F793E00021BEA2035
:108960007E14BB8A7E0400017E34D5A77E240001DC
:108970009AFDA0F590D5A3E0BEB090688A6D3390C3
:10898000BBB51BEA3090D59D693E00020BEA20AAD8
:1089900090E5591BEA00791E000290E559691E0016
:1089A000020BEA009AFDFFE36D2290E559691E0073
:1089B000020BEA009AFD87F6AA90D50C1BEA2079F3
:1089C0003E000290D5081BEA00791E00029F11901C
:1089D000D514793E00021BEA2090D508693E0002BA
:1089E0000BEA204D23680474018001E47E146C0CB2
:1089F0007E0400FE7E3402A19AFE2E637E14BB8AA2
:108A00007E0400019AFDA09B4D237803028AE67E36
:108A100014BB8A7E0400019AFDA09B90D510793E7C
:108A200000021BEA2090D510691E00020BEA00909C
:108A3000D50C693E00020BEA20BF10500C90D50CFB
:108A4000693E00020BEA20800A90D510693E0002C0
:108A50000BEA2090D510793E00021BEA207E34D527
:108A6000107E24000190DAC2793E00021BEA206DDC
:108A70003390DAC61BEA307E14BB8A7E0400019074
:108A8000D508693E00020BEA209AFDA6A790D510F2
:108A9000693E00020BEA207D1390D508693E000272
:108AA0000BEA202D31793E00021BEA2090D5106997
:108AB0001E00020BEA0090D50C693E00020BEA2072
:108AC0009F10793E00021BEA2090D510691E00021B
:108AD0000BEA0090D514693E00020BEA202F1079B2
:108AE0003E00021BEA206D2290BBB50BEA30BD327E
:108AF0006803028CB97E34000190BBB51BEA30904C
:108B0000BB99693E00020BEA20BE18002050030208
:108B10008CB17E1803E8127D4E0A2B6D33BD23689D
:108B200003028CB1740290D518F06D3390D51A1BE6
:108B3000EA307E14D5187E0400017E340020127EB7
:108B40007C90D518E0BEB090680C90D518E0BEB00F
:108B5000916803028CA590D51A0BEA206D33BD23D2
:108B60007803028CA590D50C693E00020BEA204DDB
:108B7000237803028C7F90D51A0BEA106D0090D5F4
:108B80000C693E00020BEA20BF10400A90D51A0B78
:108B9000EA306D22800A90D50C693E00020BEA2073
:108BA00090D510793E00021BEA2090D510693E0056
:108BB000020BEA20CA397E34D51C7E24000190D5F0
:108BC00008691E00020BEA009AFE3AD11BFD90D5FF
:108BD00010693E00020BEA207D1390D508693E0023
:108BE000020BEA202D31793E00021BEA2090D510BD
:108BF000691E00020BEA0090D50C693E00020BEAE8
:108C0000209F10793E00021BEA2090D510691E00BB
:108C1000020BEA0090D514693E00020BEA202F10E7
:108C2000793E00021BEA2090D51A0BEA106D0090E5
:108C3000D510693E00020BEA20BF10506890D51A8B
:108C40000BEA306D2290D510691E00020BEA009FDE
:108C50001090DC3F793E00021BEA207E14BB8A7E26
:108C600004000190D510693E00020BEA207D237EAE
:108C700034D51C2D327E2400019AFDA0F58026906B
:108C8000D51A0BEA306D2290DC3F793E00021BEAD8
:108C9000207E14BB8A7E0400017E34D51C7E240015
:108CA000019AFDA0F590D518E0BEB0907803028A35
:108CB000FF6D3390BBB51BEA3090D514693E0002BE
:108CC0000BEA20AA90E2221BEA20793E000290E201
:108CD0001E1BEA00791E0002E490E226F07E34B703
:108CE000657E24000190DDD6793E00021BEA207EDD
:108CF00018040090DDDA793E00021BEA207E14BBE6
:108D00008A7E0400016D339AFDAC647E3413939027
:108D1000DB911BEA307E34139190DB931BEA307EAB
:108D200034139290DB951BEA307E34FFFF90DB9783
:108D30001BEA307E3400017E2400037E146C007E2A
:108D40000402DC9AFC80167E3400747E24000174D8
:108D5000017E1400109AFD429C7E3400577E240050
:108D60000174017E1400109AFD429C7E3400256D32
:108D700022E47E1400029AFD429C7E340057E49A5D
:108D8000FD3EF67E1403E890E4D1693E00020BEA52
:108D9000209AFD9D1F7E14000A9AFD9D169AFE35AD
:108DA000DF7E34005774019AFD3EF67E1403E8908E
:108DB000E4D1693E00020BEA209AFD9D1F7E14005B
:108DC000649AFD9D169AFE35DF6D3390BBB51BEAA4
:108DD0003012827190E226F090E226E0BEB0007878
:108DE0002D1282DD90E21E693E00020BEA204D2327
:108DF000681C90E21E691E00020BEA0090E22269E4
:108E00003E00020BEA209AFD854790E226F090E2B0
:108E100026E0AA0292C56E8480007D582D55680E0A
:108E20000B5568EF7D502D5578057F047F15AA0BF3
:108E30005568E07D5892F77D457D59BF0240127814
:108E400004BF15400C7D487F407F027F257F517F06
:108E50001212927A5D546E54FFE0E5D0780320D56B
:108E6000B2BEC4FFE0780830E702B2D50292D1A2C8
:108E7000E792D5BE44FFE068F36CAA7DD47D4C9D9B
:108E80004D6843BE4406A078117CA13EA03EA03EA2
:108E9000A07F047F157D4C02929D50F5800C2E44DE
:108EA00000202F002F1150020B305C9978F00B80BE
:108EB00080107CA77C767C657C547C437C327C2152
:108EC0000A001B8078EC7D4C30E52D9F409F51506F
:108ED000021B4C7F047F154D894D8A4D8B7812AA59
:108EE0000292CC9E44002068F72F002F1150020BF5
:108EF000307CB130E4ED802E2F042F1550020B0C86
:108F00007CB130E5212E44002078030292D16CAA76
:108F10001E1092F71E144C2A92F71E244C4A92F708
:108F20001E344C6A92F702929D5D0068115D88784C
:108F3000182D002E040020680D9F117F01AA2D8896
:108F40002E84002078F70292C512927A5D542E5436
:108F50000020680A2E44804050072D4C500A02928F
:108F6000D12D4C40030292CC7D514D524D53780B84
:108F7000A5B920077F157F040292B67D594D5A4D41
:108F80005B7806BE84002068EF7DF3ADFB7DFE6D4F
:108F9000EE7DDBADD22F76E4337DD3ADDA2F7634A0
:108FA000007DFE0AEB7DD2ADDA2F76E4337DD1ADC4
:108FB000DB2F7634007DD9ADD32F7634007DFE0AC9
:108FC000EB7DD0ADDB2F767DD8ADD32F767DD1ADC7
:108FD000DA2F76E4337DD9ADD22F763400AD28ADCB
:108FE000A02F510A2B7D3E2F517D21AD292F51E419
:108FF000337D287CA1AD90AD122F042C1B7D3AACA3
:109000005A2F017D2B7D3F7E540400BE0002500E7E
:109010009E44002078030292D12F002F1133D5F007
:10902000F84C3B7CA77C767C657C547C437C327C12
:10903000210A0002929D0292D1BE04FFFF6806BE83
:1090400084FFFF78030292C512927A5D54BE54FFEA
:10905000E068F27D5C4D5468EC5D4478059F117FBB
:1090600001AA2EC4802050079D4C38070292CC9D47
:109070004C50C37D58C2E44D594D5A4D5B780302A4
:1090800092B67E5400107EC40037800C1BC4682644
:109090002F002F1150020B30BF0440107804BF1571
:1090A000400A9F049F1550021B0C4CAB0330E7DCB9
:1090B000CAA86CAA80D6DA1BDA19DA18BE101050CA
:1090C000149E44002068A52F002F1150020B302C55
:1090D000AA50020B7002929D74F87EA0FF6E008071
:1090E0006E848000BEB0FF683C7D4B7C875DB55CC4
:1090F0007BBF047804BF15683FF4401A7CA97D4B00
:109100007C9A6CAA6D442F5250020B4C6E54FFFF98
:109110005DB52D15800F7C786CAA6D442F1250021E
:109120000B0CF45C7BBF047804BF15680B7D5820E2
:10913000F7067CB020E701B3AA5D006809BE04FF12
:10914000FF68036E0080AA7EA020800C7EA01080A5
:10915000057EA0086C556D333392D5500A6E34FFEE
:10916000FF6E24FFFF0B1C2F114006D5F0F97F0185
:10917000AA7CB41E541E541E541E542E543FE0A20A
:10918000D592F72F112F112F112F117D127D236DE5
:10919000337D05AA7D502D5592D51E541E541E5464
:1091A0001E541E542E54FC0140039F11AA7C747C53
:1091B000637C357C527C412F112F112F114E408042
:1091C0007E20208C324C732E54FFE0500E7E1CFF0C
:1091D000FFAA1E341E2450034E60800478F430D55C
:1091E0000A6E34FFFF6E24FFFF0B1CAA0292D168A7
:1091F000FB0292C57CB5330A543392D5602A046CC5
:10920000442F1160EA2F112F112F112F112E54030B
:109210007F7E440020AD457D457C147C257C367CDA
:10922000476C556D330292B69F117F01AA7F507E25
:10923000C400017ED4D73F7E94923E02930C40013D
:10924000AA7CEACA89CA5BCA6B9AFE2E52DA6BDA2A
:109250005BDA897E94923E7CAE227F707F517EC421
:1092600000017ED4D7677E94926D02930C4005E492
:109270007A7BB0AA7A7BB00B7C227D5054F0B2E4AA
:109280006D05B2E42D557D4592D57D5854F0B2E47C
:109290006D85B2E42D557DC55002B2D52230F7164A
:1092A0000B1C78120B0C5E04000FBE080000780641
:1092B0002E440020681B1E4430D5034E80805E047F
:1092C000000F4D04AA7E1CFFFF7F01AA9F117F01A2
:1092D000AA7E04FFF020D5021E006D119F11AA5432
:1092E0000F2490D43440D430F30CBEB0414007BEBC
:1092F000B05B500224204CCC68021BC00B84D38985
:10930000944CCC680B74201292F680F5CA3B6D88A1
:109310009F337CAE7E5BB00B5C7007C37D38DA3B5D
:109320008994B42569C2F37E5BB00B5CA5F824D0A8
:10933000BEB00A501B7E500A20F60DAC5CA52D7CF9
:10934000CB70034EF00180DDAC5DA52D7CDB80D5BC
:1093500024CFBEB01AA5E850055E00DFD2F3909787
:1093600000A3E4936011BCB078F77417934CAB3052
:10937000F6B34EF08080AEA3E4936010BCB078F7F3
:109380007416937C3B7423937C2B89147CB08013DC
:1093900074201292F620F205BEC00250F31B6D2914
:1093A000B600011292F60293011B6E691600020BC1
:1093B0006A00BE08000078087E0400FC7E14FFFBF3
:1093C00020F21E4CCC681A7F10E47E1B804C88680B
:1093D000070B1C04BCBD78F2C2F6CA0B1294E0DA8B
:1093E0000B7E0BB060C0CA0B1292F6DA0B0B0C4C62
:1093F000DD68EE1BD078EA80ADD2F07E10108003DD
:109400007E10085EB05F800AD2F67E100A80057E6C
:10941000100AC2F66D119F117E00201B6C7E6B70CE
:1094200030F6021A3720F1051B6C7E6B6030F604B3
:109430001A261A2430F0051B6D0B6A20A5EC338226
:10944000F692F6500A7CEA9F229F217F127CAE4C56
:1094500044780F7C457C567C676C772E00F878EF5B
:1094600080122F117CB3337C3B9CB140047C3B0BBE
:1094700070A5D8EE7CB230E005DAB8C44C3BCA38EF
:109480000B207E00207E3000BE18000078C1BE1088
:1094900008780730F404C2F480B5CA287CB2BCBD99
:1094A00038027CBD1294E0DA28BC2D500A1BD0E4AF
:1094B000CA281292DF80F07CB213DAB84004C4CA22
:1094C000B8C4CA28BEF08040095CDD7805A5DA0280
:1094D00060065EF07F1292DFDA28A5DADA029301E5
:1094E000BEF001680F30F402240220F50620F703D5
:1094F00030F6010420F229BCBC5025CAB87CBF1349
:10950000B0E67420501174307C8A5E80F0680812D6
:1095100095205EA00F80031292F6DAB8BCBC78DB0F
:1095200030F40F74301292F6745830F302747812DB
:1095300092F630F605742D0292F6742B20F5F8742D
:109540002020F7F3221B6C7E6BB010F1021B6C2005
:10955000F60B30E704F404D2F27CCB800520E7055B
:109560007CDB0293255EF07F80F81B6E691600029B
:109570000B6A0030F0076D221B0A200B0D1B0A80BE
:10958000029310E46C22BE3010500B7F1F2D312E41
:1095900034FFEE7E39B0227CBF20E7A8742E4EF057
:1095A000800292F61296DA40437CBD7003047CDBA5
:1095B0001298717C3D4C3368101B307CBE20E4094E
:1095C00012958370044C3378F07CBD7CD3BE44FF8D
:1095D000FC48216CAABD45581B6D559D546C222D2D
:1095E000511801E47CDB02967E1296DA40787CBD4D
:1095F000041298717DA47CAE7CBDA2F492F0C2F4FA
:10960000400260010424061294E07E30FF0B301209
:109610009583CA381292DF20F0044CDD680312955E
:1096200097DA38BC3D78E6740E1292DF742B7D4ACF
:109630007CA830F7086EA4FFFF0BA4742D1292F6DD
:109640007E4400647D5A8D547DA41292DF7D5A7E43
:10965000A00A840AAA1292DF7D5A1292DF9EF800B5
:1096600011DA5B029301DA5BD2F27ED0000293C082
:109670001296DA40F10A5D2D540B541298717DA4B4
:109680007CB97CAE30E701F40420F4044CDD6805BD
:10969000D2F0C2F4042CBD1294E06C33BEA40000DE
:1096A000681648101BA4129583CA381292DFDA3864
:1096B0000B3080E80BA41B30129583CA381292DF5E
:1096C0004CDD68071295971BD080E39EF80012309E
:1096D000F003129597DA5B0293017CEA7CAF10F7F6
:1096E000037ED0067CFA1B6E693600020B6A201BD3
:1096F0006E691600020B6A00DA49CA5BCA49029712
:10970000482D2B204C4248232E0053584F444943A8
:1097100055502A4E46454700042080010200104063
:10972000A9FB000808950FF9456A70E9A493939482
:10973000949493949395959695954E614E002B49EC
:109740004E46002D494E46007D402D447CAE92F69B
:109750007CEA7CBA68265E90E0BE44FFE0782F7C0D
:10976000B1540F7E0400FD60067E14973AD3227E2A
:1097700014974320F6047E14973ED322DA099F22E1
:10978000CA2BCA2BCA2BCA2BCA88C3CA09221E4499
:109790007E5404D1AD542D5450020B449E28FA231C
:1097A0009E440133CA2B7CA15EA00F7CB21E541EC6
:1097B000541E541E541E547E440056CA59AD457E54
:1097C00044C5109D450A48DA59AD54DA492D54DA9A
:1097D0005950020B54CA59CA4BCA6BCA7BCA0BCA2E
:1097E0001B20F70D12994CDA1BDA0B9AFD90398089
:1097F000116E54FFFF0B5412994CDA1BDA0B9AFDD1
:109800008F29DA7BDA6BDA4BDA497D505E04000F80
:109810006D504E10109E543FB02F002F1150020B70
:109820003024F078F4DA59758210BE000A400A9E9E
:10983000000ACA020115820B44CA086C007EA4000B
:109840000A7DB1AD0A7D016D11ADAB2F057EA4007F
:109850000A7DB3AD2AADAB2D1250020B047D236DF2
:10986000332F1550020B0C158278CECA08C3CA5983
:10987000227F0F20E73ABEB010400274100A0B2D71
:10988000109E1400127E19B02EB0FB501F4C1168B0
:1098900017E47A19B01B147E19B0047A19B0B40A0F
:1098A0000BE47A19B0A5D9ED0B4474017A19B022F2
:1098B0005EE0BF223FF000000000000040240000F6
:1098C000000000004059000000000000408F4000F0
:1098D0000000000040C388000000000040F86A005B
:1098E00000000000412E848000000000416312D07F
:1098F000000000004197D784000000004341C37975
:1099000037E0800044EA784379D99DB44693B8B5EE
:10991000B5056E17483D6329F1C35CA549E5E531FE
:10992000A0A1C8734B905031E2503DA94D384F0370
:10993000E93FF9F55A827748F9301D3267CC0E1E9F
:10994000F1A724EB75154FDD7F73BF3C5D55684E65
:109950007D055407682F23232312999E7D50CA59F1
:109960005E540038680A24389AFD99B87F407F51C8
:10997000DA591E5403035438680A24709AFD99B8C2
:109980007F407F51227CB154386809243812999E57
:109990007D5080DE7D501E540303543824706CAA21
:1099A0002E5498B47E4400FD0B2A8069920002690F
:1099B000A2000469B20006226CAA2E5498B47E4418
:1099C00000FD0B2A006912000269220004693200BE
:1099D000068AFD8F29029CBF6E00807CB1337CB06B
:1099E00033680D0468EF7CB5337CB43378037F10A3
:1099F000AA0468E17D5092F77D457D51BF21400664
:109A00007C807F017F12129C827EA1D05CB00478A2
:109A10000320D5C17CB00478075002B2D5029CC7A0
:109A200092D5BE80FF68F67CB89CB06C00602AB40A
:109A300018057C41029C9B50FB80032F00047C9BFB
:109A40005E900778F630E4067C437D106D0030E3CD
:109A5000087C437C327C210A0030F5199F10780E77
:109A6000AA029CC41B8068F92F1150020B707CB5B0
:109A700030E7F1801B2D317CB5A5397C5B50110B93
:109A8000807803029CC71E341350034E60801A2B4B
:109A9000029C9B5D22680D5D0078122D220B4068B0
:109AA000099F11AA2D000B0078F9029CBF129C821D
:109AB0005C800B806808248150072CB0500A029CFF
:109AC000C72CB04003029CC47C8B5D1178267CB10E
:109AD0007CA5BE1080680A5D33780DA5BD80057F2A
:109AE00010029CB16D0080307F017C5B7CB17CA555
:109AF000AD1280245D337806A5BD80F080E1CA8870
:109B00007D41AD437CB17CA5AD122D1450020B04F8
:109B10007C5BAD232F01DA88A42D05BE00804006B2
:109B20000B80780480982F007C437C507C617C7291
:109B3000029C9BBE24FFFF6806BE04FFFF78030261
:109B40009CBF129C825CB00468F57CB8A54868EFA5
:109B50007CB870039F11AAA5B80003029CC72E0011
:109B60008150079C803807029CC49C8050ED0A51AC
:109B7000C2E74D517803029CB17E5400807E901A5A
:109B80006C0080061B9068142F11BF1040049F10BA
:109B90004CAB0330E7EECAA86CAA80E8DA39DA5891
:109BA0007C4ABE5080500A1B8068BC2F1150020BAB
:109BB00070029C9B74F86CAA6E40806E0080BEB0F0
:109BC000FF68277C837C975C3B5C7BBF10682AF432
:109BD000400D7C382D15F45C3B500F0B04800B7C42
:109BE000792D35F45C7B50020B24BF10680B7CB0E0
:109BF00020E7067CB420E701B3AA5D226809BE24F1
:109C0000FFFF68036E4080AA7EA020800C7EA0101B
:109C100080057EA0086C556D333392D5500A6E34A2
:109C2000FFFF6E24FFFF0B1CA5EC3340062F11D560
:109C3000F0F6AA7CBA247EA2D5137C767C65A5CCEE
:109C400092E77C5BAA7CB5337CB43392D54E5080CE
:109C5000248140039F11AA7C457C567C676C772445
:109C6000E0500E7E1CFFFFAA1E341E2450034E60DF
:109C7000800478F430D50A6E34FFFF6E24FFFF0BAA
:109C80001CAA2D0092D50E104E10807D422D4450FE
:109C900002B2D54E50806C447CB8222C4450120B3A
:109CA0001C7E40005E507FBE18000078040B806868
:109CB00016A2D57CB8137C4B7CB592E77C5BAA7E60
:109CC0001CFFFFAA9F11AA7E24FF8020D5026C45AD
:109CD0006D33AAC2D57CB430E708B2D56E24FFFF3D
:109CE0000B247CB630E712B2D56E34FFFF0B348DF7
:109CF000326E24FFFF0B2480028D3230D5066E3485
:109D0000FFFF0B34AA7D51AD037D027D21AD052DF2
:109D100012AD352D21AA7D02AD31AD102D21AA6DD8
:109D20000074104D00780B4D2278278D317D126D17
:109D300022AA7D437D326D222F112D445002A50FA2
:109D4000BF1040049F100B901478ED7F016D227DB1
:109D500034AA7D417D138D247D022F004004BD0473
:109D600040049D040B141478F17D237D317D106D2A
:109D700000AAC2D57CB030E708B2D59F229F207FD1
:109D8000027CB430E714B2D59F229F217F129AFD46
:109D90009D219F229F207F0280049AFD9D2130D526
:109DA000069F229F217F12AA6CAABE08000068208D
:109DB0001E540B5450167E1B807A0B800B1C0B0C10
:109DC000800A0B1A401B0A400B1D0B0D1B5478F226
:109DD000AA90E2711BEA20793E000290E26D1BEA34
:109DE00000791E000290E271695E00020BEA409069
:109DF000E26D691E00020BEA002E140007693000B4
:109E0000020B0A202F12793000021B0A20803390A7
:109E1000E26D693E00020BEA202E34001369510006
:109E2000020B1A4090E26D691E00020BEA002E142C
:109E30000007693000020B0A209F12793000021BD4
:109E40000A2090E26D693E00020BEA202E340007E2
:109E5000691100020B1A0090E26D695E00020BEAC4
:109E6000402E540013693200020B2A20BF10289F95
:109E70002290E2791BEA20793E000290E2751BEA0B
:109E800000791E000290E279695E00020BEA4090C0
:109E9000E275691E00020BEA002E14000B69300007
:109EA000020B0A202F12793000021B0A2080339007
:109EB000E275693E00020BEA202E3400136951005E
:109EC000020B1A4090E275691E00020BEA002E1484
:109ED000000B693000020B0A209F12793000021B30
:109EE0000A2090E275693E00020BEA202E34000B36
:109EF000691100020B1A0090E275695E00020BEA1C
:109F0000402E540013693200020B2A20BF10289FF4
:109F10002290E3991BEA00791E00026D3390E39DC5
:109F20001BEA3090E399693E00020BEA204D23685A
:109F30000474018001E47E146F4A7E0400FE7E34C6
:109F400000579AFE2E6390E399693E00020BEA20C7
:109F50007E1BB0BEB000680D7E34000190E39D1BF7
:109F6000EA3002A094740190E399691E00020BEAA2
:109F7000007E0B704C7B7A0B709F0090E399693EDA
:109F800000020BEA202E340007791100021B1A0090
:109F90009F0090E399693E00020BEA202E34000BEB
:109FA000791100021B1A0090E399693E00020BEA46
:109FB000202E340013691100020B1A0090E39969F6
:109FC0003E00020BEA202E34000F791100021B1A0A
:109FD0000090E399693E00020BEA200B340B1A3023
:109FE0001B34683C1B34686B0B35680302A08690F9
:109FF000E399691E00020BEA002E14001369300079
:10A00000020B0A2090E399695E00020BEA402E548D
:10A010000003691200020B2A00E49AFCFFDC806650
:10A0200090E399691E00020BEA002E1400136930B8
:10A0300000020B0A203E3490E399695E00020BEAAD
:10A04000402E540003691200020B2A00E49AFCFF20
:10A05000DC803390E399691E00020BEA002E1400A5
:10A0600013693000020B0A203E343E3490E39969B4
:10A070005E00020BEA402E540003691200020B2A14
:10A0800000E49AFCFFDCE490E399693E00020BEAED
:10A09000207A1BB090E39D0BEA30AA90E4D51BEA2E
:10A0A00000791E000290E4D5693E00020BEA204DC3
:10A0B00023680474018001E47E146F4A7E0400FE6C
:10A0C0007E3400789AFE2E6390E4D5693E00020B40
:10A0D000EA202E34000F691100020B1A0090E4D51B
:10A0E000695E00020BEA402E540013693200020B35
:10A0F0002A209F10AA90DC3B1BEA20793E000290A8
:10A10000DC371BEA00791E00026D3390DC431BEA4A
:10A11000309F1190DC45793E00021BEA2090DC372D
:10A12000693E00020BEA204D23680474018001E4BB
:10A130007E146F4A7E0400FE7E3400B49AFE2E63C5
:10A1400090DC3B693E00020BEA204D23780D7E3403
:10A15000000390DC431BEA3002A6A090DC37693E86
:10A1600000020BEA207E1B700A377E2400055D2367
:10A170006D33BD23680D7E34000490DC431BEA3050
:10A1800002A6A0740490DC37691E00020BEA007E70
:10A190000B704C7B7A0B7090DC37693E00020BEA47
:10A1A000202E34000F691100020B1A0090DC3F6969
:10A1B0003E00020BEA20BF10280302A68290DC3783
:10A1C000693E00020BEA202E340007691100020BE1
:10A1D0001A0090DC37695E00020BEA402E5400132F
:10A1E000693200020B2A209F1090DC45793E000264
:10A1F0001BEA2090DC45691E00020BEA0090DC3F60
:10A20000693E00020BEA20BF10380302A50990DC6A
:10A2100037693E00020BEA200B340B1A301B3478EE
:10A220000302A31D1B34780302A40E0B356803023E
:10A23000A65890DC45693E00020BEA20CA3990DC42
:10A2400037691E00020BEA002E1400076930000275
:10A250000B0A2090DC37695E00020BEA402E5400A6
:10A2600003691200020B2A002D1390DC3B693E00AB
:10A27000020BEA209AFE3AD11BFD90DC37691E00E2
:10A28000020BEA0090DC45693E00020BEA20129DB9
:10A29000D190DC45693E00020BEA207D2390DC3F33
:10A2A000691E00020BEA007D319D32CA3990DC370D
:10A2B000691E00020BEA002E140007693000020B31
:10A2C0000A2090DC37695E00020BEA402E5400033E
:10A2D000691200020B2A002D1390DC45693E000232
:10A2E0000BEA207D5390DC3B693E00020BEA202DF7
:10A2F000359AFE3AD11BFD90DC37691E00020BEA4D
:10A300000090DC45695E00020BEA4090DC3F693E4C
:10A3100000020BEA209F12129DD102A65890DC4544
:10A32000693E00020BEA203E34CA3990DC37691ED0
:10A3300000020BEA002E140007693000020B0A200D
:10A340003E3490DC37695E00020BEA402E54000375
:10A35000691200020B2A002D1390DC3B693E0002BB
:10A360000BEA209AFE3AD11BFD90DC37691E0002F1
:10A370000BEA0090DC45693E00020BEA20129DD1F9
:10A3800090DC45691E00020BEA0090DC3F693E004C
:10A39000020BEA209F103E34CA3990DC37691E0058
:10A3A000020BEA002E140007693000020B0A203E5F
:10A3B0003490DC37695E00020BEA402E54000369DA
:10A3C0001200020B2A002D1390DC45693E00020B9F
:10A3D000EA207D533E5490DC3B693E00020BEA20AC
:10A3E0002D359AFE3AD11BFD90DC37691E00020B19
:10A3F000EA0090DC45695E00020BEA4090DC3F69B0
:10A400003E00020BEA209F12129DD102A65890DC5A
:10A4100045693E00020BEA203E343E34CA3990DCE6
:10A4200037691E00020BEA002E1400076930000293
:10A430000B0A203E343E3490DC37695E00020BEAA2
:10A44000402E540003691200020B2A002D1390DCE9
:10A450003B693E00020BEA209AFE3AD11BFD90DCDC
:10A4600037691E00020BEA0090DC45693E00020BD2
:10A47000EA20129DD190DC45691E00020BEA009093
:10A48000DC3F693E00020BEA209F103E343E34CA96
:10A490003990DC37691E00020BEA002E14000769B0
:10A4A0003000020B0A203E343E3490DC37695E00F7
:10A4B000020BEA402E540003691200020B2A002D01
:10A4C0001390DC45693E00020BEA207D533E543E6A
:10A4D0005490DC3B693E00020BEA202D359AFE3A8F
:10A4E000D11BFD90DC37691E00020BEA0090DC45B1
:10A4F000695E00020BEA4090DC3F693E00020BEA15
:10A50000209F12129DD102A65890DC37693E0002AE
:10A510000BEA200B340B1A301B3468701B347803A1
:10A5200002A5F10B35680302A65890DC3F693E0096
:10A53000020BEA20CA3990DC37691E00020BEA00E0
:10A540002E140007693000020B0A2090DC37695E88
:10A5500000020BEA402E540003691200020B2A008D
:10A560002D1390DC3B693E00020BEA209AFE3AD1A3
:10A570001BFD90DC37691E00020BEA0090DC3F698E
:10A580003E00020BEA20129DD102A65890DC3F69E2
:10A590003E00020BEA203E34CA3990DC37691E00C7
:10A5A000020BEA002E140007693000020B0A203E5D
:10A5B0003490DC37695E00020BEA402E54000369D8
:10A5C0001200020B2A002D1390DC3B693E00020BA7
:10A5D000EA209AFE3AD11BFD90DC37691E00020B7F
:10A5E000EA0090DC3F693E00020BEA20129DD18018
:10A5F0006790DC3F693E00020BEA203E343E34CADD
:10A600003990DC37691E00020BEA002E140007693E
:10A610003000020B0A203E343E3490DC37695E0085
:10A62000020BEA402E540003691200020B2A002D8F
:10A630001390DC3B693E00020BEA209AFE3AD11BE4
:10A64000FD90DC37691E00020BEA0090DC3F693E9A
:10A6500000020BEA20129DD190DC3F695E00020BE4
:10A66000EA4090DC37691E00020BEA002E14000F4E
:10A67000693000020B0A209F12793000021B0A2069
:10A68000800A7E34000590DC431BEA3074FB90DCCA
:10A6900037691E00020BEA007E0B705C7B7A0B7040
:10A6A00090DC430BEA30AA90DABE1BEA20793E0028
:10A6B0000290DABA1BEA00791E00026D3390DAC804
:10A6C0001BEA309F1190DACA793E00021BEA209FF4
:10A6D0001190DACE793E00021BEA2090DABA693E88
:10A6E00000020BEA204D23680474018001E47E140B
:10A6F0006F4A7E0400FE7E3401679AFE2E6390DA74
:10A70000C2693E00020BEA204D23680474018001F7
:10A71000E47E146F4A7E0400FE7E3401689AFE2EA9
:10A720006390DABE693E00020BEA204D23780D7E6D
:10A7300034000390DAC81BEA3002ABBB90DABA6986
:10A740003E00020BEA207E1B700A377E2400035D68
:10A75000236D33BD23682890DACE691E00020BEA10
:10A760000090DAC2693E00020BEA20791100021B58
:10A770001A007E34000690DAC81BEA3002AC5D9005
:10A78000DABA691E00020BEA009AFDA09B90DACEAD
:10A79000793E00021BEA2090DAC2693E00020BEA11
:10A7A00020691100020B1A0090DACE693E00020BFC
:10A7B000EA20BF01284A90DACE691E00020BEA00A7
:10A7C00090DAC2693E00020BEA20791100021B1ADE
:10A7D000007E34000790DAC81BEA3090DACE693E7A
:10A7E00000020BEA204D23781774F790DABA691E3D
:10A7F00000020BEA007E0B705C7B7A0B7002AC5D92
:10A80000740890DABA691E00020BEA007E0B704CE5
:10A810007B7A0B7090DABA693E00020BEA202E3484
:10A82000000B691100020B1A0090DABA695E00028F
:10A830000BEA402E540013693200020B2A209F10AD
:10A8400090DACA793E00021BEA2090DAC2693E0023
:10A85000020BEA20691100020B1A0090DACA693E65
:10A8600000020BEA20BF01280302A99590DABA6919
:10A870003E00020BEA200B340B1A301B3468621BBB
:10A8800034780302A9390B35680302ABA790DAC20A
:10A89000691E00020BEA00693000020B0A20CA3967
:10A8A00090DABA691E00020BEA002E14000B693020
:10A8B00000020B0A207D1390DABA695E00020BEAEF
:10A8C000402E540003693200020B2A202D3190DA09
:10A8D000BE691E00020BEA009AFE3AD11BFD02ABD4
:10A8E000A790DAC2691E00020BEA00693000020B71
:10A8F0000A203E34CA3990DABA691E00020BEA0017
:10A900002E14000B693000020B0A207D133E1490B8
:10A91000DABA695E00020BEA402E54000369320085
:10A92000020B2A202D3190DABE691E00020BEA00CC
:10A930009AFE3AD11BFD02ABA790DAC2691E000253
:10A940000BEA00693000020B0A203E343E34CA395B
:10A9500090DABA691E00020BEA002E14000B69306F
:10A9600000020B0A207D133E143E1490DABA695E91
:10A9700000020BEA402E540003693200020B2A2029
:10A980002D3190DABE691E00020BEA009AFE3AD120
:10A990001BFD02ABA790DABA693E00020BEA200B5E
:10A9A000340B1A301B34780302AA581B3478030284
:10A9B000AAFD0B35680302ABA790DACA693E000214
:10A9C0000BEA20CA3990DABA691E00020BEA002E9F
:10A9D00014000B693000020B0A207D1390DABA696B
:10A9E0005E00020BEA402E540003693200020B2A7B
:10A9F000202D3190DABE691E00020BEA009AFE3A61
:10AA0000D11BFD90DAC2691E00020BEA006930001A
:10AA1000020B0A2090DACA691E00020BEA007D21AF
:10AA20009D32CA3990DACA693E00020BEA2090DAF8
:10AA3000BE691E00020BEA002D1390DABA695E00AF
:10AA4000020BEA402E540003693200020B2A209ABE
:10AA5000FE3AD11BFD02ABA790DACA693E00020B99
:10AA6000EA203E34CA3990DABA691E00020BEA00C5
:10AA70002E14000B693000020B0A207D133E149047
:10AA8000DABA695E00020BEA402E54000369320014
:10AA9000020B2A202D3190DABE691E00020BEA005B
:10AAA0009AFE3AD11BFD90DAC2691E00020BEA0041
:10AAB000693000020B0A2090DACA691E00020BEA14
:10AAC000009F103E34CA3990DACA693E00020BEA90
:10AAD000203E3490DABE691E00020BEA002D13906E
:10AAE000DABA695E00020BEA402E540003693200B4
:10AAF000020B2A209AFE3AD11BFD02ABA790DACABC
:10AB0000693E00020BEA203E343E34CA3990DABA7C
:10AB1000691E00020BEA002E14000B693000020BC4
:10AB20000A207D133E143E1490DABA695E00020BCF
:10AB3000EA402E540003693200020B2A202D319086
:10AB4000DABE691E00020BEA009AFE3AD11BFD90A4
:10AB5000DAC2691E00020BEA00693000020B0A200B
:10AB600090DACA691E00020BEA009F103E343E34A0
:10AB7000CA3990DACA693E00020BEA203E343E34FC
:10AB800090DABE691E00020BEA002D1390DABA6952
:10AB90005E00020BEA402E540003693200020B2AC9
:10ABA000209AFE3AD11BFD74F790DABA691E0002B2
:10ABB0000BEA007E0B705C7B7A0B706D2290DAC61C
:10ABC0000BEA30BD32680302AC5D90DABA693E0030
:10ABD000020BEA207E1BB0BEB00B780C7E34000264
:10ABE00090DAC81BEA308075740290DABA691E00E8
:10ABF000020BEA007E0B704C7B7A0B7090DABA691C
:10AC00001E00020BEA0090DAC2695E00020BEA4005
:10AC1000693200020B2A20129E7190DAC2693E004E
:10AC2000020BEA20695100020B1A4090DABA691E41
:10AC300000020BEA002E14000F693000020B0A20FC
:10AC40002F12793000021B0A2074FD90DABA691EB7
:10AC500000020BEA007E0B705C7B7A0B7090DAC806
:10AC60000BEA30AA90DDD41BEA3090DDD01BEA005D
:10AC7000791E000290DDD0693E00020BEA204D23D0
:10AC8000680474018001E47E146F4A7E0400FE7E35
:10AC90003402259AFE2E6390DDD6691E00020BEA6F
:10ACA0000090DDD0693E00020BEA202E34000379CB
:10ACB0001100021B1A00E490DDD0693E00020BEA8D
:10ACC000207A1BB090DDD40BEA1090DDD0693E00F5
:10ACD000020BEA200B341B1A109F0090DDD0693E56
:10ACE00000020BEA202E340007791100021B1A0023
:10ACF0009F0090DDD0693E00020BEA202E34000B4D
:10AD0000791100021B1A0090DDDA691E00020BEABD
:10AD10000090DDD0693E00020BEA202E34000F794E
:10AD20001100021B1A0090DDDA691E00020BEA0016
:10AD300090DDD0693E00020BEA202E340013791119
:10AD400000021B1A006D33AA90E5A91BEA3090E5BA
:10AD5000A8F07E1400007E04000190E5A8E090E5D4
:10AD6000A90BEA300A369AFCCB4D7E1400007E0413
:10AD7000000174F090E5A90BEA309AFCCB4D2290CB
:10AD8000E3621BEA3090E361F0740190E364F0E465
:10AD900090E365F0E490E366F0740A90E367F002F4
:10ADA000AE396D1190E367E01A3B7E2400059AFDF1
:10ADB0009CD3BD21782C7E1400007E04000190E31A
:10ADC00061E090E3620BEA300A369AFCCB4D7E14C8
:10ADD00000007E04000174F090E3620BEA309AFCFC
:10ADE000CB4D7E1400007E04000190E361E09AFCEC
:10ADF000CBE490E365F07E1400007E04000174F063
:10AE00009AFCCBE490E366F090E365E00A3B7C6754
:10AE10006C7790E366E00A2B4D2390E3620BEA30F7
:10AE2000BD327807E490E364F0801A90E3677EEB2C
:10AE3000A07E70017CBA9CB7F090E367E0BEB000E2
:10AE4000680302ADA290E364E02290E5ABF07E14CB
:10AE500000007E04000190E5ABE09AFCCBE490E5B5
:10AE6000ACF07E1400007E04000174F09AFCCBE488
:10AE700090E5ADF090E5ACE00A2B7C456C5590E593
:10AE8000ADE00A3B4D322290E2B51BEA00791E008C
:10AE900002E490E2B9F06D3390E2BA1BEA3074013B
:10AEA00090E2BCF0745C900004F090E2B5691E0082
:10AEB000020BEA002E140005693000020B0A2090F4
:10AEC0000005793E00021BEA2090E2B5693E0002CF
:10AED0000BEA200B1A309000001BEA3090E2B569B3
:10AEE0003E00020BEA200B350B1A309000021BEAE1
:10AEF00030E412AE4A90E2BA1BEA3090E2BA0BEAB2
:10AF0000207E341324BD23681C90E2BA0BEA207E15
:10AF1000341311BD23680E90E2BA0BEA207E34137D
:10AF200013BD237807E490E2BCF0801390E2B97E71
:10AF3000EBA074012CAB7AEBA07414BCAB28B290DC
:10AF4000E2BCE0AA90D7671BEA00791E00026D33CD
:10AF500090D76B1BEA306D3390D76D1BEA306D33A1
:10AF600090D76F1BEA306D3390D7711BEA306D3389
:10AF700090D7731BEA306D3390D7751BEA306D3371
:10AF800090D7771BEA30E490D779F0E490D77AF045
:10AF90006D3390D77B1BEA3090D767693E00020B78
:10AFA000EA202E3400060B1A3090D77D1BEA309031
:10AFB000D767693E00020BEA202E34000A0B1A30D4
:10AFC00090D77F1BEA3090D767693E00020BEA20DA
:10AFD0002E34000E0B1A3090D7811BEA3090D767C1
:10AFE000693E00020BEA202E3400120B1A3090D773
:10AFF000831BEA3090D767693E00020BEA202E34AB
:10B0000000160B1A3090D7851BEA3090D767693E3F
:10B0100000020BEA202E34001A0B1A3090D7871B3F
:10B02000EA3090D767693E00020BEA202E34001EFA
:10B030000B1A3090D7891BEA3090D767693E00021F
:10B040000BEA202E3400220B1A3090D78B1BEA30EB
:10B0500074FE7E34BEEF12AD48740C7E34000312D1
:10B06000AD48E412AE4A90D77B1BEA3090D77B0BF9
:10B07000EA207E341324BD23683590D77B0BEA2069
:10B080007E341311BD23682790D77B0BEA207E34D2
:10B090001313BD23681990D77A7EEBA074012CABF3
:10B0A0007AEBA07414BCAB40B9740190D779F0026C
:10B0B000B91290D7850BEA207E340078BD23382260
:10B0C00090D7850BEA303E343E3490D7731BEA307C
:10B0D0007E24000290D76B0BEA304E70021BEA30E0
:10B0E000804E90D7850BEA207E3400F0BD233820B7
:10B0F00090D7850BEA303E3490D7731BEA307E241C
:10B10000000190D76B0BEA304E70011BEA308020B3
:10B1100090D7850BEA207E3401E0BD23381290D70A
:10B12000850BEA3090D7731BEA3090D76B0BEA306F
:10B1300090D7830BEA207E3400BCBD23382290D701
:10B14000830BEA303E343E3490D7711BEA307E24C4
:10B15000000890D76B0BEA304E70081BEA30804E27
:10B1600090D7830BEA207E340178BD23382090D716
:10B17000830BEA303E3490D7711BEA307E24000402
:10B1800090D76B0BEA304E70041BEA30802090D7CA
:10B19000830BEA207E3402F0BD23381290D7830B54
:10B1A000EA3090D7711BEA3090D76B0BEA3090D71A
:10B1B000710BEA207E34034E9D329000211BEA3051
:10B1C00090D77B0BEA207E341324BD23680302B39F
:10B1D0004A74077E34838812AD7F7CAB90D779E0C8
:10B1E0002CBAF09000210BEA3090D7710BEA202D99
:10B1F0002390D7850BEA107E3400022D31AD327ECC
:10B200000800042F017E34FCC07E24019B9AFD9D22
:10B210007290D76D1BEA3090D76D0BEA207E340117
:10B22000F4BD23280A7E3401F490D76D1BEA3090D8
:10B23000D76D0BEA2090D7810BEA30BD32280C90F5
:10B24000D76D0BEA3090D7811BEA3090D7810BEA9B
:10B25000106D007E34FCC07E24019B9AFD9D727EA1
:10B260000800049F109000210BEA0090D7710BEAB0
:10B27000102D106D009AFD9D7290D7850BEA209DD0
:10B28000329000841BEA309000840BEA207E347EEA
:10B2900020BD23180E9000840BEA207E340002BDEE
:10B2A0002358349000840BEA207E340002BD2358DA
:10B2B000067E340002801A9000840BEA207E347EE1
:10B2C00020BD2308067E347E2080069000840BEA91
:10B2D000309000841BEA3090D7810BEA106D007E1D
:10B2E00034FCC07E24019B9AFD9D727E0800049F61
:10B2F000109000840BEA0090D7850BEA102D106D9A
:10B30000009AFD9D7290D7710BEA209D329000212A
:10B310001BEA309000210BEA207E34003DBD23580B
:10B32000067E34003D801A9000210BEA207E340313
:10B33000FFBD2308067E3403FF80069000210BEA40
:10B34000309000211BEA3002B4AE9000210BEA30AD
:10B3500090D7710BEA202D2390D7850BEA107E340D
:10B3600000042D31AD327E0800042F017E34FCC074
:10B370007E24019B9AFD9D7290D76D1BEA3090D779
:10B380006D0BEA207E3401F4BD23280A7E3401F4DB
:10B3900090D76D1BEA3090D76D0BEA2090D7810BC8
:10B3A000EA30BD32280C90D76D0BEA3090D7811B64
:10B3B000EA3090D7810BEA106D007E34FCC07E2409
:10B3C000019B9AFD9D727E0800049F109000210B46
:10B3D000EA0090D7710BEA102D106D009AFD9D7256
:10B3E00090D7850BEA209D329000841BEA309000B4
:10B3F000840BEA207E340BB8BD23180E9000840B1A
:10B40000EA207E340004BD2358349000840BEA20E7
:10B410007E340004BD2358067E340004801A900058
:10B42000840BEA207E340BB8BD2308067E340BB8AB
:10B4300080069000840BEA309000841BEA3090D79D
:10B44000810BEA106D007E34FCC07E24019B9AFDC6
:10B450009D727E0800049F109000840BEA0090D734
:10B46000850BEA102D106D009AFD9D7290D7710B1F
:10B47000EA209D329000211BEA309000210BEA2047
:10B480007E34002BBD2358067E34002B801A90009A
:10B49000210BEA207E3403FFBD2308067E3403FF20
:10B4A00080069000210BEA309000211BEA309000CA
:10B4B000840BEA3090D7850BEA202D237E340002DE
:10B4C0009D2390D77F0BEA30BD32281A9000840B61
:10B4D000EA2090D7850BEA302D327E2400029D327F
:10B4E00090D77F1BEA3090D7710BEA207E3402F0B0
:10B4F0009D321E3490D76F1BEA3090D76F0BEA3025
:10B500006D229D2390D7870BEA30BD32580E90D71D
:10B510006F0BEA306E34FFFF0B34801E90D76F0B39
:10B52000EA2090D7870BEA30BD32080890D76F0B1E
:10B53000EA30800690D7870BEA3090D7871BEA3035
:10B540007E24000190D76F0BEA302D321BEA309039
:10B55000D7870BEA306D229D2390D76F0BEA302DF1
:10B560003290D7751BEA3090D7730BEA207E3401F6
:10B57000E09D321E3490D76F1BEA3090D76F0BEAF4
:10B58000306D229D2390D7890BEA30BD32580E9042
:10B59000D76F0BEA306E34FFFF0B34801E90D76FED
:10B5A0000BEA2090D7890BEA30BD32080890D76F9C
:10B5B0000BEA30800690D7890BEA3090D7891BEAD6
:10B5C000307E24000490D76F0BEA302D321BEA3016
:10B5D00090D7890BEA2090D76F0BEA302D3290D7A5
:10B5E000771BEA30741B7E34000112AD7F7CAB9078
:10B5F000D779E02CBAF0740190D7750BEA3012AD10
:10B600007F7CAB90D779E02CBAF0740290D7770B9F
:10B61000EA3012AD7F7CAB90D779E02CBAF074039E
:10B6200090D7730BEA3012AD7F7CAB90D779E02CCA
:10B63000BAF0740490D7710BEA3012AD7F7CAB90F6
:10B64000D779E02CBAF074059000210BEA3012ADE6
:10B650007F7CAB90D779E02CBAF074069000840B15
:10B66000EA3012AD7F7CAB90D779E02CBAF0740A47
:10B670007E34016412AD7F7CAB90D779E02CBAF0B8
:10B6800074087E3401BB12AD7F7CAB90D779E02C7F
:10B69000BAF074097E3401D912AD7F7CAB90D779B2
:10B6A000E02CBAF06D2290D77D0BEA30BD327814D1
:10B6B000740B90D77F0BEA3012AD7F7CAB90D779BB
:10B6C000E02CBAF0740D90D76B0BEA207E34033077
:10B6D0004D3212AD7F7CAB90D779E02CBAF074314B
:10B6E0007E34002712AD7F7CAB90D779E02CBAF086
:10B6F00074327E34001A12AD7F7CAB90D779E02C87
:10B70000BAF074337E34000512AD7F7CAB90D779EC
:10B71000E02CBAF0743590D78B0BEA3012AD7F7CF9
:10B72000AB90D779E02CBAF090D77B0BEA207E342F
:10B730001324BD237864747290D76B0BEA207E3497
:10B740000004BD3238067E34000180026D333E3481
:10B750003E343E343E3412AD7F7CAB90D779E02C42
:10B76000BAF0740F7E34010112AD7F7CAB90D779B3
:10B77000E02CBAF074477E34008112AD7F7CAB9030
:10B78000D779E02CBAF074487E3400EC12AD7F7C9F
:10B79000AB90D779E02CBAF08036740F7E3400116C
:10B7A00012AD7F7CAB90D779E02CBAF074477E3431
:10B7B000008112AD7F7CAB90D779E02CBAF0744851
:10B7C0007E3400E712AD7F7CAB90D779E02CBAF0E5
:10B7D00074077E34038812AD7F7CAB90D779E02C60
:10B7E000BAF0741C7E34030312AD7F7CAB90D77922
:10B7F000E02CBAF0742C7E34000312AD7F7CAB9049
:10B80000D779E02CBAF06D2290D77D0BEA30BD32AB
:10B81000781374AF6D3312AD7F7CAB90D779E02C89
:10B82000BAF002B8E374A590D77D0BEA3012AD7F71
:10B830007CAB90D779E02CBAF074A67E340002126B
:10B84000AD7F7CAB90D779E02CBAF074A87E340041
:10B850000212AD7F7CAB90D779E02CBAF074B0CAFD
:10B86000B890D7850BEA2090D7830BEA30AD327EB3
:10B870000800049AFD9D726D117E040001BF1058EE
:10B880001890D7850BEA2090D7830BEA30AD327E33
:10B890000800049AFD9D7280047E18FFFFDAB8123A
:10B8A000AD7F7CAB90D779E02CBAF074AE7E3400DB
:10B8B0001412AD7F7CAB90D779E02CBAF074AF7ED8
:10B8C00034010112AD7F7CAB90D779E02CBAF074D3
:10B8D000AD90D77F0BEA3012AD7F7CAB90D779E08B
:10B8E0002CBAF090D77D0BEA309000A51BEA30907F
:10B8F000D77F0BEA309000631BEA3090D7850BEAC4
:10B90000309000421BEA3074FE7E34DEAD12AD484A
:10B91000800C90D779E0BEB000780302B0B290D727
:10B9200079E0AA90E5AE1BEA30740190E5B0F090A2
:10B9300000420BEA309000840BEA202D237E340075
:10B94000029D2390E5AE0BEA30BD322816900042EE
:10B950000BEA209000840BEA302D327E2400029DF9
:10B9600032800690E5AE0BEA309000631BEA30743B
:10B97000FE7E34BEEF12AD489000A50BEA206D3379
:10B98000BD23680474AD8002740B9000630BEA3031
:10B9900012AD7F90E5B0F074FE7E34DEAD12AD489E
:10B9A00090E5B0E0AA90E5421BEA3090E541F074E2
:10B9B0000190E544F074FE7E34BEEF12AD4890E590
:10B9C00041E090E5420BEA3012AD7F90E544F0741F
:10B9D000FE7E34DEAD12AD4890E544E0AAE47E344C
:10B9E000FA727E24007E7A1BB074019000C6F0AA21
:10B9F000A2B3E433BEB0017820D3D2C1D3D2FBC30B
:10BA0000C2C3C3C2B7D3D2B7C3C2B7D3D2B7D3D2DC
:10BA1000C374019000E7F080219000E7E0BEB00021
:10BA20006813C3C2C174897E34FA717E24007E7AA1
:10BA30001BB0C3C2FBE49000E7F0AA90E09AF0903C
:10BA4000E0961BEA20793E000290E0921BEA007922
:10BA50001E00027E146FF47E0400FE9AFD922D7E7D
:10BA600014FE507E04007E7E0B707A0B70E47E34F0
:10BA7000FE517E24007E7A1BB074207E14FE517E1F
:10BA800004007E7E0B704C7B7A0B707E14FE517E20
:10BA900004007E7E0B707A0B707E14FE517E0400D3
:10BAA0007E7E0B707A0B70E47E34FE537E24007E23
:10BAB0007A1BB074907E34FE527E24007E7A1BB0D6
:10BAC00090E09AE07E34FE567E24007E7A1BB09091
:10BAD000E09B7EEB303E303E307E20804C2390E079
:10BAE0009C7EEB304C327E34FA707E24007E7A1BD2
:10BAF00030E47E34FA727E24007E7A1BB07E080029
:10BB00000190E096693E00020BEA209F107D130A27
:10BB1000127E34FA867E24007E7A1B307E18000165
:10BB200090E096691E00020BEA009F017E34FA73D2
:10BB30007E24007E7A1B3090E092693E00020BEA80
:10BB4000207D130A127E34FA777E24007E7A1B3021
:10BB500090E092693E00020BEA207D137E34FA7871
:10BB60007E24007E7A1B30E47E34FA7E7E24007EC2
:10BB70007A1BB0E47E34FA7F7E24007E7A1BB0AA62
:10BB800090E2581BEA20793E000290E2541BEA0042
:10BB9000791E0002E490E25CF0801D90E254693E60
:10BBA00000020BEA207E1BA00B34793E00021BEA48
:10BBB0002090E25CE02CBAF090E258693E00020B63
:10BBC000EA207E2800017F019F02791E00021BEA05
:10BBD000004D2378C690E25CE02290DDBA1BEA209B
:10BBE00090DDB9F090DDB51BEA00791E000290DD12
:10BBF000B31BEA309F1190DDBE793E00021BEA20A4
:10BC000074AA90CCB1F0740290CCB2F090DDB5691A
:10BC10003E00020BEA204D2368046D3380047E341D
:10BC200000013E343E343E343E3490DDB30BEA2016
:10BC300074053E241478FB7CA54CA790DDB9E04C3C
:10BC4000BA90CCB3F0740890CCB4F090DDBA0BEAA3
:10BC5000307C676C777E24FF005D2390DDBA0BEAB1
:10BC6000300A364D3290CCB51BEA3090DDBC0BEA81
:10BC7000307C676C777E24FF005D2390DDBC0BEA8F
:10BC8000300A364D3290CCB71BEA307E14CCB17EF0
:10BC90000400017E18000890E339695E00020BEA97
:10BCA00040992890DDB30BEA301B35682A1B3468B5
:10BCB000420B35785A90DDBC0BEA3090DDBA0BEAC6
:10BCC00020AD321E341E341E346D2290DDBE793E0E
:10BCD00000021BEA20803890DDBC0BEA3090DDBA10
:10BCE0000BEA20AD326D2290DDBE793E00021BEAE8
:10BCF00020801C90DDBC0BEA3090DDBA0BEA20AD51
:10BD0000323E346D2290DDBE793E00021BEA209067
:10BD1000DDB5693E00020BEA204D23682090DDB5B9
:10BD2000691E00020BEA0090DDBE693E00020BEACC
:10BD30002090E339695E00020BEA409928AA90E15D
:10BD4000781BEA2090E1741BEA00791E000290E162
:10BD5000721BEA3074AA90CBFCF0740390CBFDF018
:10BD6000740890CBFFF090E1720BEA3090CC6F1B1F
:10BD7000EA3090E174693E00020BEA2090CC6779CA
:10BD80003E00021BEA2090E1780BEA3090CC6B1B5E
:10BD9000EA3090E17A0BEA3090CC6D1BEA30AA9041
:10BDA000D6751BEA00791E0002E490D679F0E49083
:10BDB000D67AF07E346AE17E2400FE7E14D67B7E45
:10BDC00004000174249AFD9DA890D675693E000276
:10BDD0000BEA200B347E1BA0740F5CBA90D67CF06B
:10BDE000E490D67AF002BECB90D67A7EEB707404E3
:10BDF000ACB790D675693E00020BEA202D352E3483
:10BE000000077E1B5090D67A7EEB407404ACB47E63
:10BE100034D67F2D357A71827A61837AEB5090D651
:10BE20007A7EEB707404ACB790D675693E00020B55
:10BE3000EA202D352E3400067E1B3090D67A7EEB1C
:10BE4000207404ACB27E34D67F2D357E2400010BE5
:10BE5000347A1B3090D67A7EEB707404ACB790D6EF
:10BE600075693E00020BEA202D352E3400057E1B3D
:10BE70003090D67A7EEB207404ACB27E34D67F2D1F
:10BE8000357E2400010B357A1B3090D67A7EEB701C
:10BE90007404ACB790D675693E00020BEA202D35CC
:10BEA0000B367E1B3090D67A7EEB207404ACB27ECB
:10BEB00034D67F2D357E2400012E3400037A1B30CA
:10BEC00090D67A7EEBA074012CBAF090D67C7EEBF3
:10BED000A090D67AE0BCBA500302BDE874AA90D60E
:10BEE0007BF090D67CE00A5B7E4400089D453E4492
:10BEF0003E447E5400249D5490D679F090D679E04B
:10BF000090D67EF07EA01090D67CE04CBAF0E49003
:10BF1000D67DF07E14D67B7E04000190D679E00AAF
:10BF20003B6D2212BB8090D67DF090D679E00A3B23
:10BF30006D227E14D67B7E04000190E339695E0099
:10BF4000020BEA409928AA90E3841BEA00791E00BC
:10BF5000026D3390E3891BEA3090CC000BEA3090FD
:10BF6000E3891BEA3090E3890BEA307C676C777ECB
:10BF700024FF005D2390E3890BEA300A364D3290AE
:10BF8000E3891BEA3090CBFEE00A3B7E2400205D73
:10BF9000236D33BD23680F7E34000290E3890BEAE2
:10BFA00020AD321BEA307E14CBFC7E0400017E18EB
:10BFB000000890E339695E00020BEA409928E4909A
:10BFC000E388F002C08590E3887EEB707404ACB720
:10BFD00090E384691E00020BEA002D152E14000A5E
:10BFE000693000020B0A204D23683590E3887EEB10
:10BFF000707404ACB790E384693E00020BEA202D14
:10C00000352E34000A691100020B1A0090E3890BE7
:10C01000EA306D2290E339695E00020BEA4099280C
:10C0200090E3887EEB707404ACB790E384691E00E3
:10C03000020BEA002D152E14002A693000020B0AAB
:10C04000204D23683590E3887EEB707404ACB79084
:10C05000E384693E00020BEA202D352E34002A6964
:10C060001100020B1A0090E3890BEA306D2290E375
:10C0700039695E00020BEA40992890E3887EEBA0C4
:10C0800074012CBAF090E3887EEBA07408BCAB502E
:10C090000302BFC6AA90D98D1BEA00791E00029048
:10C0A000D98B1BEA2090D9891BEA30E490D9A5F0FE
:10C0B000E490D9A6F0E490D9A7F090D98B0BEA30A0
:10C0C0007C676C777E24FF005D2390D98B0BEA3070
:10C0D0000A364D3290CC001BEA30E490CC02F0E4FA
:10C0E00090D9A5F080499F0090D9A57EEB7074048B
:10C0F000ACB77E34CC712D357A71827A6183791E2A
:10C1000000021BEA009F0090D9A57EEB707404AC7E
:10C11000B77E34CC912D357A71827A6183791E0095
:10C12000021BEA0090D9A57EEBA074012CBAF09016
:10C13000D9A57EEBA07403BCAB40AB90D9890BEAC8
:10C14000301B34780302C25D1B34780302C3640BD6
:10C1500035680302C51290D98D693E00020BEA20B2
:10C160004D23684190D9A67EEBA074012CBAF07ED5
:10C17000A00190CC02E04CBAF090D98D691E00026B
:10C180000BEA0090D9A57EEB7074012CB7F0740413
:10C19000ACB77E34CC712D357A71827A6183791E89
:10C1A00000021BEA0090D991693E00020BEA204D83
:10C1B00023684190D9A67EEBA074012CBAF07EA032
:10C1C0000290CC02E04CBAF090D991691E00020BAB
:10C1D000EA0090D9A57EEB7074012CB7F07404AC22
:10C1E000B77E34CC712D357A71827A6183791E00E5
:10C1F000021BEA0090D995693E00020BEA204D230C
:10C20000684190D9A67EEBA074012CBAF07EA00400
:10C2100090CC02E04CBAF090D995691E00020BEA6E
:10C220000090D9A57EEB7074012CB7F07404ACB704
:10C230007E34CC712D357A71827A6183791E000249
:10C240001BEA0090CC6D0BEA207E3400FFBD32402B
:10C250000302C512740190D9A7F002C51290D999B2
:10C26000693E00020BEA204D23684190D9A67EEB7F
:10C27000A074012CBAF07EA00190CC02E04CBAF080
:10C2800090D999691E00020BEA0090D9A57EEB7047
:10C2900074012CB7F07404ACB77E34CC912D357A90
:10C2A00071827A6183791E00021BEA0090D99D6930
:10C2B0003E00020BEA204D23684190D9A67EEBA0F8
:10C2C00074012CBAF07EA00290CC02E04CBAF0903F
:10C2D000D99D691E00020BEA0090D9A57EEB70740F
:10C2E000012CB7F07404ACB77E34CC912D357A7143
:10C2F000827A6183791E00021BEA0090D9A1693E0F
:10C3000000020BEA204D23684190D9A67EEBA07471
:10C31000012CBAF07EA00490CC02E04CBAF090D987
:10C32000A1691E00020BEA0090D9A57EEB70740192
:10C330002CB7F07404ACB77E34CC912D357A718271
:10C340007A6183791E00021BEA0090CC6B0BEA2015
:10C350007E3400FFBD32400302C512740190D9A79C
:10C36000F002C51290D98D693E00020BEA204D23E0
:10C37000687690D999693E00020BEA204D236868DF
:10C3800090D9A67EEBA074012CBAF07EA00190CCCF
:10C3900002E04CBAF090D98D691E00020BEA0090C1
:10C3A000D9A57EEB707404ACB77E34CC712D357A90
:10C3B00071827A6183791E00021BEA0090D9996923
:10C3C0001E00020BEA0090D9A57EEB7074012CB719
:10C3D000F07404ACB77E34CC912D357A71827A61D9
:10C3E00083791E00021BEA0090D991693E00020B7E
:10C3F000EA204D23687690D99D693E00020BEA2021
:10C400004D23686890D9A67EEBA074012CBAF07E0B
:10C41000A00290CC02E04CBAF090D991691E0002C3
:10C420000BEA0090D9A57EEB707404ACB77E34CCD7
:10C43000712D357A71827A6183791E00021BEA00C0
:10C4400090D99D691E00020BEA0090D9A57EEB7081
:10C4500074012CB7F07404ACB77E34CC912D357ACE
:10C4600071827A6183791E00021BEA0090D9956976
:10C470003E00020BEA204D23687690D9A1693E0068
:10C48000020BEA204D23686890D9A67EEBA07401C8
:10C490002CBAF07EA00490CC02E04CBAF090D99572
:10C4A000691E00020BEA0090D9A57EEB707404AC03
:10C4B000B77E34CC712D357A71827A6183791E0012
:10C4C000021BEA0090D9A1691E00020BEA0090D974
:10C4D000A57EEB7074012CB7F07404ACB77E34CC3D
:10C4E000912D357A71827A6183791E00021BEA00F0
:10C4F00090CC6B0BEA207E3400FFBD32400E90CC16
:10C500006D0BEA207E3400FFBD325006740190D9D5
:10C51000A7F090D9890BEA3074063E341478FB7C7E
:10C52000A790D9A7E0C42354E04CAB90D9A6E04C27
:10C53000BA90CBFEF0AAE490CDD2F09F1190CDD36B
:10C54000793E00021BEA207E34000890CDD71BEA1A
:10C55000307E346B057E2400FE7E14CDDD7E04002B
:10C560000174809AFD9DA89F1190CE5D793E0002D6
:10C570001BEA20C3C205A2AF9205C3C2AF7E14CD91
:10C58000DD7E0400017E18008090E335695E0002C4
:10C590000BEA40992890CDD3793E00021BEA209007
:10C5A000CDD3693E00020BEA204D23682890CDD3FD
:10C5B000693E00020BEA2090DC3F793E00021BEA54
:10C5C000207E14CC287E0400017E34CDDD7E240044
:10C5D000019AFDA0F502C7CF7E18000890CDD3794F
:10C5E0003E00021BEA207E34CDD37E24000190DA87
:10C5F000C2793E00021BEA207E34000190DAC61B9D
:10C60000EA307E14CC287E0400017E34CDDD7E2409
:10C6100000019AFDA6A77E34CDDD7E2400017E1B9D
:10C62000B0BEB05568117E18000190CDD3793E00A0
:10C63000021BEA2002C7A17E34CDDD7E24000190DA
:10C64000CDD9793E00021BEA2090CDD9693E000287
:10C650000BEA202E3400037E1BB090CDD2F0E49084
:10C66000CDD9693E00020BEA202E3400037A1BB0BC
:10C670007E14CDDD7E0400017E18000812BB807C94
:10C68000AB90CDD2E0BCBA680302C79390CDD96914
:10C690003E00020BEA200B367E1B3090CDD9693E5E
:10C6A00000020BEA200B357E1B200A227E3400019B
:10C6B0009D233E243E247E34CC472D327E2400012F
:10C6C0002E3400037A1B3090CDD9693E00020BEA6C
:10C6D000202E3400057E1B3090CDD9693E00020B20
:10C6E000EA200B357E1B200A227E3400019D233E6A
:10C6F000243E247E34CC472D327E2400010B357A33
:10C700001B3090CDD9693E00020BEA202E34000682
:10C710007E1B3090CDD9693E00020BEA200B357E9E
:10C720001B200A227E3400019D233E243E247E34B9
:10C73000CC472D327E2400010B347A1B3090CDD9AA
:10C74000693E00020BEA202E3400077E1B5090CD7C
:10C75000D9691E00020BEA000B157E0BB07E400467
:10C76000ACB47E34CC432D357A71827A61837AEB16
:10C7700050740190CDD9693E00020BEA200B357E42
:10C780001BA00A2A7E34CC3E2D327A71827A6183D4
:10C79000F0800E7E18000190CDD3793E00021BEA96
:10C7A000207E34CDD37E24000190DAC2793E00028F
:10C7B0001BEA206D3390DAC61BEA307E14CC287E4B
:10C7C0000400017E34CDDD7E2400019AFDA6A77E03
:10C7D00014CC287E0400019AFDA09B7F0190CDD748
:10C7E0000BEA306D22BF10380302C5D8A20592AF04
:10C7F000AA90CC6D0BEA3090DDBC1BEA3090CC6F78
:10C800000BEA3090CC67691E00020BEA0090CBFE69
:10C810007EEBA0740F5CBA90CC6B0BEA209AFDBB48
:10C82000DA90CBFE7EEBA0740F5CBABEB000680C51
:10C830007E14CC677E0400019AFDBF47AA7E34CCEB
:10C84000B97E24000190DDD6793E00021BEA207EED
:10C8500018008090DDDA793E00021BEA207E14CCBD
:10C86000287E0400016D339AFDAC64AACA7BCA6BB2
:10C87000CA5BCA4BCA2BCA1BCA0BC0D0C083C082BA
:10C8800090DB39693E00020BEA204D23680C90DBF7
:10C8900039693E00020BEA209918D082D083D0D0AB
:10C8A000DA0BDA1BDA2BDA4BDA5BDA6BDA7B32CAB9
:10C8B0007BCA6BCA5BCA4BCA2BCA1BCA0BC0D0C08F
:10C8C00083C08290DB41693E00020BEA204D236861
:10C8D0000C90DB41693E00020BEA209918D082D00F
:10C8E00083D0D0DA0BDA1BDA2BDA4BDA5BDA6BDACD
:10C8F0007B32CA7BCA6BCA5BCA4BCA2BCA1BCA0B28
:10C90000C0D0C083C08290DB45693E00020BEA20A4
:10C910004D23680C90DB45693E00020BEA20991814
:10C92000D082D083D0D0DA0BDA1BDA2BDA4BDA5B89
:10C93000DA6BDA7B32CA7BCA6BCA5BCA4BCA2BCAB8
:10C940001BCA0BC0D0C083C08290DB49693E000285
:10C950000BEA204D23680C90DB49693E00020BEA8C
:10C96000209918D082D083D0D0DA0BDA1BDA2BDAF8
:10C970004BDA5BDA6BDA7B32CA7BCA6BCA5BCA4BB7
:10C98000CA2BCA1BCA0BC0D0C083C0827E34FA3AFD
:10C990007E24007E7E1BB030E05B74FE7E14FA3A8B
:10C9A0007E04007E7E0B705C7B7A0B706D339AFC8C
:10C9B000D1F290D69FE0BEB07F781790E5FF7EEB76
:10C9C000A074012CBAF07414BCAB280B7460F5C7CA
:10C9D0008005E490E5FFF090D6A7693E00020BEADF
:10C9E000204D23681090D69FE090D6A7693E0002A4
:10C9F0000BEA2099187E34FA3A7E24007E7E1BB022
:10CA000030E11874FD7E14FA3A7E04007E7E0B70CD
:10CA10005C7B7A0B706D339AFCD1F2D082D083D0DC
:10CA2000D0DA0BDA1BDA2BDA4BDA5BDA6BDA7B3231
:10CA3000CA7BCA6BCA5BCA4BCA2BCA1BCA0BC0D003
:10CA4000C083C0827E34FA4A7E24007E7E1BB030D2
:10CA5000E03874FE7E14FA4A7E04007E7E0B705C21
:10CA60007B7A0B707E3400019AFCD1F290D6AB69D0
:10CA70003E00020BEA204D23681090D6A0E090D62D
:10CA8000AB693E00020BEA2099187E34FA4A7E24F4
:10CA9000007E7E1BB030E11A74FD7E14FA4A7E04DB
:10CAA000007E7E0B705C7B7A0B707E3400019AFCFA
:10CAB000D1F2D082D083D0D0DA0BDA1BDA2BDA4B6A
:10CAC000DA5BDA6BDA7B32CA7BCA6BCA5BCA4BCAE7
:10CAD0002BCA1BCA0BC0D0C083C0827E34FA5A7ED8
:10CAE00024007E7E1BB030E03874FE7E14FA5A7E3D
:10CAF00004007E7E0B705C7B7A0B707E3400029AA1
:10CB0000FCD1F290D6AF693E00020BEA204D2368BB
:10CB10001090D6A1E090D6AF693E00020BEA2099B2
:10CB2000187E34FA5A7E24007E7E1BB030E11A74DF
:10CB3000FD7E14FA5A7E04007E7E0B705C7B7A0BBD
:10CB4000707E3400029AFCD1F2D082D083D0D0DA49
:10CB50000BDA1BDA2BDA4BDA5BDA6BDA7B32CA7B65
:10CB6000CA6BCA5BCA4BCA2BCA1BCA0BC0D0C083D4
:10CB7000C0827E34FA6A7E24007E7E1BB030E038AC
:10CB800074FE7E14FA6A7E04007E7E0B705C7B7AF3
:10CB90000B707E3400039AFCD1F290D6B3693E004C
:10CBA000020BEA204D23681090D6A2E090D6B3691C
:10CBB0003E00020BEA2099187E34FA6A7E24007E39
:10CBC0007E1BB030E11A74FD7E14FA6A7E04007E8A
:10CBD0007E0B705C7B7A0B707E3400039AFCD1F282
:10CBE000D082D083D0D0DA0BDA1BDA2BDA4BDA5BC7
:10CBF000DA6BDA7B32CA7BCA6BCA5BCA4BCA2BCAF6
:10CC00001BCA0BC0D0C083C0827E34F7627E240072
:10CC10007E7E1BB030E03874FE7E14F7627E040026
:10CC20007E7E0B705C7B7A0B707E3400049AFCD1A4
:10CC3000F290D6B7693E00020BEA204D23681090AF
:10CC4000D6A3E090D6B7693E00020BEA2099187E81
:10CC500034F7627E24007E7E1BB030E11A74FD7EC4
:10CC600014F7627E04007E7E0B705C7B7A0B707E14
:10CC70003400049AFCD1F2D082D083D0D0DA0BDA1F
:10CC80001BDA2BDA4BDA5BDA6BDA7B32CA7BCA6BE4
:10CC9000CA5BCA4BCA2BCA1BCA0BC0D0C083C08296
:10CCA0007E34F7927E24007E7E1BB030E03874FE26
:10CCB0007E14F7927E04007E7E0B705C7B7A0B7094
:10CCC0007E3400059AFCD1F290D6BB693E00020B7F
:10CCD000EA204D23681090D6A4E090D6BB693E00B0
:10CCE000020BEA2099187E34F7927E24007E7E1B88
:10CCF000B030E11A74FD7E14F7927E04007E7E0B44
:10CD0000705C7B7A0B707E3400059AFCD1F2D08285
:10CD1000D083D0D0DA0BDA1BDA2BDA4BDA5BDA6BA2
:10CD2000DA7B32CA7BCA6BCA5BCA4BCA2BCA1BCA24
:10CD30000BC0D0C083C0827E34F7C27E24007E7ECA
:10CD40001BB030E03874FE7E14F7C27E04007E7E95
:10CD50000B705C7B7A0B707E3400069AFCD1F290EB
:10CD6000D6BF693E00020BEA204D23681090D6A57D
:10CD7000E090D6BF693E00020BEA2099187E34F796
:10CD8000C27E24007E7E1BB030E11A74FD7E14F753
:10CD9000C27E04007E7E0B705C7B7A0B707E34005A
:10CDA000069AFCD1F2D082D083D0D0DA0BDA1BDA2B
:10CDB0002BDA4BDA5BDA6BDA7B32CA7BCA6BCA5B83
:10CDC000CA4BCA2BCA1BCA0BC0D0C083C0827E34D8
:10CDD000F7F27E24007E7E1BB030E03874FE7E14B5
:10CDE000F7F27E04007E7E0B705C7B7A0B707E34E3
:10CDF00000079AFCD1F290D6C3693E00020BEA20EC
:10CE00004D23681090D6A6E090D6C3693E00020B71
:10CE1000EA2099187E34F7F27E24007E7E1BB03023
:10CE2000E11A74FD7E14F7F27E04007E7E0B705CC6
:10CE30007B7A0B707E3400079AFCD1F2D082D083CB
:10CE4000D0D0DA0BDA1BDA2BDA4BDA5BDA6BDA7B6F
:10CE500032CA7BCA6BCA5BCA4BCA2BCA1BCA0BC07D
:10CE6000D0C083C0825388DF90D434693E00020B67
:10CE7000EA204D23680C90D434693E00020BEA206E
:10CE80009918D082D083D0D0DA0BDA1BDA2BDA4BA8
:10CE9000DA5BDA6BDA7B32CA7BCA6BCA5BCA4BCA13
:10CEA0002BCA1BCA0BC0D0C083C08253887F90D4CA
:10CEB00038693E00020BEA204D23680C90D4386993
:10CEC0003E00020BEA209918D082D083D0D0DA0B32
:10CED000DA1BDA2BDA4BDA5BDA6BDA7B32CA7BCA23
:10CEE0006BCA5BCA4BCA2BCA1BCA0BC0D0C083C05B
:10CEF0008253EFFE90D43C693E00020BEA204D23A2
:10CF0000680C90D43C693E00020BEA209918D0824C
:10CF1000D083D0D0DA0BDA1BDA2BDA4BDA5BDA6BA0
:10CF2000DA7B32CA7BCA6BCA5BCA4BCA2BCA1BCA22
:10CF30000BC0D0C083C08253EFFD90D440693E0047
:10CF4000020BEA204D23680C90D440693E00020B8E
:10CF5000EA209918D082D083D0D0DA0BDA1BDA2BF2
:10CF6000DA4BDA5BDA6BDA7B32CA7BCA6BCA5BCA32
:10CF70004BCA2BCA1BCA0BC0D0C083C08253EFFB65
:10CF800090D444693E00020BEA204D23680C90D4F3
:10CF900044693E00020BEA209918D082D083D0D099
:10CFA000DA0BDA1BDA2BDA4BDA5BDA6BDA7B32CAB2
:10CFB0007BCA6BCA5BCA4BCA2BCA1BCA0BC0D0C088
:10CFC00083C0827E34FBB27E24007E7E1B700A37D3
:10CFD0007E2400085D236D33BD23682C74F77E1416
:10CFE000FBB27E04007E7E0B705C7B7A0B7090D46B
:10CFF00048693E00020BEA204D23680C90D4486932
:10D000003E00020BEA2099187E34FBB27E24007E9B
:10D010007E1B700A377E2400805D236D33BD23683C
:10D020002C747F7E14FBB27E04007E7E0B705C7BD2
:10D030007A0B7090D44C693E00020BEA204D2368B5
:10D040000C90D44C693E00020BEA209918D082D093
:10D0500083D0D0DA0BDA1BDA2BDA4BDA5BDA6BDA55
:10D060007B32CA7BCA6BCA5BCA4BCA2BCA1BCA0BB0
:10D07000C0D0C083C0827E34FBBA7E24007E7E1B7B
:10D08000700A377E2400085D236D33BD23682C743D
:10D09000F77E14FBBA7E04007E7E0B705C7B7A0BFD
:10D0A0007090D450693E00020BEA204D23680C902A
:10D0B000D450693E00020BEA2099187E34FBBA7EF8
:10D0C00024007E7E1B700A377E2400805D236D3332
:10D0D000BD23682C747F7E14FBBA7E04007E7E0B19
:10D0E000705C7B7A0B7090D454693E00020BEA208E
:10D0F0004D23680C90D454693E00020BEA20991825
:10D10000D082D083D0D0DA0BDA1BDA2BDA4BDA5BA1
:10D11000DA6BDA7B32CA7BCA6BCA5BCA4BCA2BCAD0
:10D120001BCA0BC0D0C083C0827E34FBC27E2400E9
:10D130007E7E1B700A377E2400085D236D33BD237D
:10D14000682C74F77E14FBC27E04007E7E0B705C3C
:10D150007B7A0B7090D458693E00020BEA204D2375
:10D16000680C90D458693E00020BEA2099187E346E
:10D17000FBC27E24007E7E1B700A377E2400805D09
:10D18000236D33BD23682C747F7E14FBC27E0400A4
:10D190007E7E0B705C7B7A0B7090D45C693E0002E3
:10D1A0000BEA204D23680C90D45C693E00020BEA28
:10D1B000209918D082D083D0D0DA0BDA1BDA2BDAA0
:10D1C0004BDA5BDA6BDA7B32CA7BCA6BCA5BCA4B5F
:10D1D000CA2BCA1BCA0BC0D0C083C08274FE7E1487
:10D1E000FE787E04007E7E0B705C7B7A0B7090D4A0
:10D1F00060693E00020BEA204D23680C90D4606900
:10D200003E00020BEA209918D082D083D0D0DA0BEE
:10D21000DA1BDA2BDA4BDA5BDA6BDA7B32CA7BCADF
:10D220006BCA5BCA4BCA2BCA1BCA0BC0D0C083C017
:10D23000827E34FBCA7E24007E7E1B700A377E24E9
:10D2400000085D236D33BD23682C74F77E14FBCA80
:10D250007E04007E7E0B705C7B7A0B7090D46469D8
:10D260003E00020BEA204D23680C90D464693E0016
:10D27000020BEA2099187E34FBCA7E24007E7E1BB6
:10D28000700A377E2400805D236D33BD23682C74C3
:10D290007F7E14FBCA7E04007E7E0B705C7B7A0B63
:10D2A0007090D468693E00020BEA204D23680C9010
:10D2B000D468693E00020BEA209918D082D083D04E
:10D2C000D0DA0BDA1BDA2BDA4BDA5BDA6BDA7B3289
:10D2D000CA7BCA6BCA5BCA4BCA2BCA1BCA0BC0D05B
:10D2E000C083C0829AFDB9F0D082D083D0D0DA0B4F
:10D2F000DA1BDA2BDA4BDA5BDA6BDA7B32CA7BCAFF
:10D300006BCA5BCA4BCA2BCA1BCA0BC0D0C083C036
:10D31000829AFDB9DDD082D083D0D0DA0BDA1BDA65
:10D320002BDA4BDA5BDA6BDA7B3290DB4F1BEA00ED
:10D33000791E000290DB4D1BEA309F1190DB57797C
:10D340003E00021BEA209F1190DB5B793E00021B2E
:10D35000EA206D3390DB5F1BEA3090DB53693E00BF
:10D36000020BEA20BE182710380474018001E47E05
:10D370001466E57E0400FE7E3400B69AFE2E6390AD
:10D38000DB4F691E00020BEA0090E4D1693E000207
:10D390000BEA209AFD9D217D326D2290DB5F1BEA16
:10D3A0003090DB4F691E00020BEA0090E4D1693E29
:10D3B00000020BEA209AFD9D2190DB5B793E000282
:10D3C0001BEA2090DB5F0BEA007E1400012D109019
:10D3D000DB5B693E00020BEA209AFD9D1F7E080080
:10D3E000019F1090DB5B793E00021BEA2090DB532B
:10D3F000693E00020BEA20BE182710684090DB53FC
:10D40000693E00020BEA20E49AFD9C087E1440006D
:10D410007E04461C9AFD9B337F0190DB5B693E00D6
:10D42000020BEA20E49AFD9C089AFD9A939AFD9CCF
:10D430004590DB57793E00021BEA20801A7E0800E7
:10D440000190DB5B693E00020BEA202F1090DB5756
:10D45000793E00021BEA2090DB5F0BEA307D530A25
:10D460005A7CAB90DB4D0BEA20740D0E241478FB34
:10D470007E3400075D321A261A242F112F117E14D4
:10D4800067277E0400FE2F01693000020B0A207A14
:10D490001BA090DB5F0BEA507CAB90DB4D0BEA20CE
:10D4A000740D0E241478FB7E3400075D321A261AA0
:10D4B000247F012F002F007E3467277E2400FE2F5B
:10D4C00010691100020B1A007E1800012F107A1B40
:10D4D000A090DB5B693E00020BEA207CA690DB4D4E
:10D4E0000BEA20740D0E241478FB7E3400075D32A5
:10D4F0001A261A242F112F117E1467B77E0400FEFE
:10D500002F01693000020B0A207A1BA090DB5B69B7
:10D510005E00020BEA407CAB90DB4D0BEA20740D01
:10D520000E241478FB7E3400075D321A261A247FFD
:10D53000012F002F007E3467B77E2400FE2F106974
:10D540001100020B1A007E1800012F107A1BA09008
:10D55000DB57693E00020BEA207CA690DB4D0BEA0C
:10D5600020740D0E241478FB7E3400075D321A26D9
:10D570001A247F012F002F0090DB4D0BEA307D2312
:10D580001A240E240E240E247E3400035D321A2643
:10D590001A242F102F112F117E1467577E0400FEBE
:10D5A0002F01693000020B0A207A1BA090DB57691B
:10D5B0005E00020BEA407CAB90DB4D0BEA20740D61
:10D5C0000E241478FB7E3400075D321A261A247F5D
:10D5D000012F002F0090DB4D0BEA307D231A240E23
:10D5E000240E240E247E3400035D321A261A242FC2
:10D5F000107F012F002F007E3467577E2400FE2FFE
:10D6000010691100020B1A007E1800012F107A1BFE
:10D61000A0AA90DDEE1BEA00791E000290DDEC1B53
:10D62000EA3090DDEC0BEA20740D0E241478FB7EBA
:10D630003400075D321A261A242F112F117E146729
:10D64000B77E0400FE2F01693000020B0A207E1B0A
:10D65000700A277C456C5590DDEC0BEA30740D0E9A
:10D66000341478FB7E1400075D131A021A007F2021
:10D670002F222F227E1467B77E0400FE2F026950EE
:10D6800000020B0A407E0800012F027E0B700A3751
:10D690004D326D2290DDF6793E00021BEA2090DDCE
:10D6A000EE693E00020BEA20BE1827103804740110
:10D6B0008001E47E1466E57E0400FE7E3400DE9A7E
:10D6C000FE2E6390DDEE693E00020BEA20BE1827B5
:10D6D00010684090DDEE693E00020BEA20E49AFDFE
:10D6E0009C087E1440007E04461C9AFD9B337F01FB
:10D6F00090DDF6693E00020BEA20E49AFD9C089A50
:10D70000FD9A939AFD9C4590DDF2793E00021BEA5A
:10D7100020801A7E08000190DDF6693E00020BEAC7
:10D72000202F1090DDF2793E00021BEA2090DDF2FE
:10D73000693E00020BEA207CA690DDEC0BEA207427
:10D740000D0E241478FB7E3400075D321A261A244D
:10D750007F012F002F0090DDEC0BEA307D231A248F
:10D760000E240E240E247E3400035D321A261A2461
:10D770002F102F112F117E1467577E0400FE2F01EA
:10D78000693000020B0A207A1BA090DDF2695E006E
:10D79000020BEA407CAB90DDEC0BEA20740D0E240A
:10D7A0001478FB7E3400075D321A261A247F012F7D
:10D7B000002F0090DDEC0BEA307D231A240E240E9E
:10D7C000240E247E3400035D321A261A242F107F83
:10D7D000012F002F007E3467577E2400FE2F106932
:10D7E0001100020B1A007E1800012F107A1BA0AA4C
:10D7F00090DC4B1BEA00791E000290DC491BEA30EA
:10D800006D3390DC531BEA309F1190DC55793E005C
:10D81000021BEA206D3390DC591BEA3090DC4F6923
:10D820003E00020BEA20BE18271038047401800164
:10D83000E47E1466E57E0400FE7E3401009AFE2E2E
:10D840006390DC490BEA207E3400FF5D327E2400C9
:10D850000174017E1400109AFD429C90DC4B691EFD
:10D8600000020BEA0090E4D1693E00020BEA209A24
:10D87000FD9D217D326D2290DC591BEA3090DC4BFE
:10D88000691E00020BEA0090E4D1693E00020BEA37
:10D89000209AFD9D2190DC55793E00021BEA2090E4
:10D8A000DC590BEA007E1400012D1090DC55693E16
:10D8B00000020BEA209AFD9D1F7E0800019F109038
:10D8C000DC55793E00021BEA2090DC4F693E0002E5
:10D8D0000BEA20BE182710683C90DC4F693E00021E
:10D8E0000BEA20E49AFD9C087E1440007E04461C4E
:10D8F0009AFD9B337F0190DC55693E00020BEA20C4
:10D90000E49AFD9C089AFD9A939AFD9C4590DC53FD
:10D910001BEA30801890DC55693E00020BEA207D3E
:10D92000237E3400012D3290DC531BEA3090DC5909
:10D930000BEA307D530A5A7CAB90DC490BEA207429
:10D940000D0E241478FB7E3400075D321A261A244B
:10D950002F112F117E1467277E0400FE2F016930DE
:10D9600000020B0A207A1BA090DC590BEA507CAB1A
:10D9700090DC490BEA20740D0E241478FB7E3400F1
:10D98000075D321A261A247F012F002F007E34678C
:10D99000277E2400FE2F10691100020B1A007E184A
:10D9A00000012F107A1BA090DC55693E00020BEAA3
:10D9B000207CA690DC490BEA20740D0E241478FB21
:10D9C0007E3400075D321A261A242F112F117E147F
:10D9D00067B77E0400FE2F01693000020B0A207A2F
:10D9E0001BA090DC55695E00020BEA407CAB90DC2A
:10D9F000490BEA20740D0E241478FB7E3400075D79
:10DA0000321A261A247F012F002F007E3467B77E3A
:10DA10002400FE2F10691100020B1A007E1800016D
:10DA20002F107A1BA090DC530BEA307D530A5A7CEE
:10DA3000AB90DC490BEA20740D0E241478FB7E3485
:10DA400000075D321A261A247F012F002F0090DC78
:10DA5000490BEA307D231A240E240E240E247E3432
:10DA600000035D321A261A242F102F112F117E1455
:10DA700067577E0400FE2F01693000020B0A207AEE
:10DA80001BA090DC530BEA507CAB90DC490BEA20E6
:10DA9000740D0E241478FB7E3400075D321A261AAA
:10DAA000247F012F002F0090DC490BEA307D231AE0
:10DAB000240E240E240E247E3400035D321A261A0E
:10DAC000242F107F012F002F007E3467577E240003
:10DAD000FE2F10691100020B1A007E1800012F1092
:10DAE0007A1BA090DC490BEA307D531A5A0E540E73
:10DAF000547E4400015D453E4490DC490BEA507D74
:10DB0000351A360E340E340E347E5400015D533E09
:10DB1000543E542D547E34000160053E341478FB8D
:10DB20007C6790DC490BEA00740D0E041478FB7ED0
:10DB30001400075D101A021A007F202F2290DC4982
:10DB40000BEA207D021A000E040E040E047E14005F
:10DB5000035D100E141A021A002F022F002F007EF0
:10DB60005468177E4400FE2F20691200020B2A0021
:10DB70007E0B704C767A0B707E606090DC490BEA0D
:10DB800000740D0E041478FB7E1400075D101A0259
:10DB90001A007F202F222F2290DC490BEA207D02E1
:10DBA0001A000E040E040E047E1400035D101A0207
:10DBB0001A002F022F002F007E54685F7E4400FE63
:10DBC0002F20691200020B2A007E0B704C767A0B14
:10DBD000707E600890DC490BEA00740D0E04147826
:10DBE000FB7E1400075D101A021A007F202F222FDF
:10DBF0002290DC490BEA207D021A000E040E040E6E
:10DC0000047E1400035D101A021A002F022F002F49
:10DC1000007E54685F7E4400FE2F20691200020BD4
:10DC20002A007E0B704C767A0B7090DC490BEA3040
:10DC30007D531A5A0E540E540E547E4400035D4513
:10DC40003E4490DC490BEA507D351A360E340E34D2
:10DC50007E5400015D532D547E34000160053E3436
:10DC60001478FB7C6790DC490BEA00740D0E0414F9
:10DC700078FB7E1400075D101A021A002F002F0097
:10DC80007E54673F7E4400FE2F20691200020B2A5B
:10DC9000007E0B704C767A0B7090DC490BEA307D7D
:10DCA000431A480E440E440E447E5400035D543E15
:10DCB0005490DC490BEA307D231A247E3400035D46
:10DCC0003260053E341478FB7C6790DC490BEA0037
:10DCD000740D0E041478FB7E1400075D101A021AEE
:10DCE000002F002F007E5467CF7E4400FE2F206956
:10DCF0001200020B2A007E0B704C767A0B707E604D
:10DD00008090DC490BEA00740D0E041478FB7E143D
:10DD100000075D101A021A002F002F007E54670FB3
:10DD20007E4400FE2F20691200020B2A007E0B7039
:10DD30004C767A0B707E600190DC490BEA00740D22
:10DD40000E041478FB7E1400075D101A021A002FCF
:10DD5000002F007E5468477E4400FE2F2069120089
:10DD6000020B2A007E0B704C767A0B70AA90E5E3CA
:10DD70007AEB7090E5E2F0C3C2B47E34000290E525
:10DD8000E2E090E5E37EEB509AFC8822D3D2B42205
:10DD900090E5E4F0E490E5E5F0C3C2B47E3400021F
:10DDA00090E5E47EEBA074804CBA9AFC8AF390E58F
:10DDB000E5F0D3D2B490E5E5E02290E2501BEA20F2
:10DDC000793E000290E24C1BEA00791E000290E2CC
:10DDD0004BF0C3C2B490E250693E00020BEA2090BF
:10DDE000E08E793E00021BEA207E34000290E24B76
:10DDF0007EEBA074804CBA90E24C691E00020BEAE4
:10DE0000009AFC8B17D3D2B42290E4497AEB60904D
:10DE1000E4487AEB7090E447F0E490E44AF06D3324
:10DE200090E44B1BEA3090E447E03EB0F074176C8E
:10DE30007712DD6D741590E4477EEB7012DD6D7422
:10DE40001690E4487EEB7012DD6D742190E4497EFB
:10DE5000EB7012DD6D74147E704C12DD6D803790A6
:10DE6000E44B0BEA207E3400012D321BEA307E3475
:10DE700000FFBD325008740190E44AF080207E1407
:10DE800003E890E4D1693E00020BEA209AFD9D1F51
:10DE90002F119AFE35DF742212DD9030E7C190E435
:10DEA0004AE02290E5667AEB7090E565F06D33907C
:10DEB000E5671BEA3090E565E03EB0F0741590E54B
:10DEC000657EEB707E60014C7612DD6D741690E518
:10DED000667EEB7012DD6D74177E700112DD6D745D
:10DEE000147E704C12DD6D802F90E5670BEA207E6A
:10DEF0003400012D321BEA307E3400FFBD32402059
:10DF00007E1403E890E4D1693E00020BEA209AFDFA
:10DF10009D1F2F119AFE35DF742212DD9030E0C96B
:10DF2000740212DD902290E5E77AEB7090E5E6F05E
:10DF300090E5E6E03EB0F0741590E5E67EEB707E8D
:10DF400060014C7612DD6D741690E5E77EEB701281
:10DF5000DD6D74177E700612DD6D74147E706C12A8
:10DF6000DD6D22E490E569F0E490E56AF06D3390B0
:10DF7000E56B1BEA30805E90E56B0BEA207E340097
:10DF8000012D321BEA307E3400FFBD32500874018F
:10DF900090E569F08048740F12DD9090E56AF0908A
:10DFA000E56AE00A3B90D73D1BEA307E146AD67ED4
:10DFB0000400FE9AFD922D7E1403E890E4D1693EA0
:10DFC00000020BEA209AFD9D1F7E14000A9AFD9D17
:10DFD000169AFE35DF90E56AE0BEB06B789990E561
:10DFE00069E022E490E56DF0E490E56EF06D339029
:10DFF000E56F1BEA30804990E56F0BEA207E340024
:10E00000012D321BEA307E3400FFBD32500874010E
:10E0100090E56DF08033740D7E700D12DEA390E5F7
:10E020006EF07E1403E890E4D1693E00020BEA2012
:10E030009AFD9D1F7E14000A9AFD9D169AFE35DFFB
:10E0400090E56EE0BEB0FF78AE90E56DE0227428FA
:10E050007E14E44D7E0400017E18000612DDBA90A5
:10E06000E44EE00A2B7C456C5590E44DE00A3B4DB4
:10E070003290D9C61BEA3090E450E00A2B7C456C04
:10E080005590E44FE00A3B4D3290D9C81BEA3090DE
:10E09000E452E00A2B7C456C5590E451E00A3B4D7C
:10E0A0003290D9CA1BEA30AA74227E14E4537E044B
:10E0B00000017E18000612DDBA90E454E00A2B7CC1
:10E0C000456C5590E453E00A3B4D3290D9D21BEA9F
:10E0D0003090E456E00A2B7C456C5590E455E00AFC
:10E0E0003B4D3290D9D41BEA3090E458E00A2B7CA7
:10E0F000456C5590E457E00A3B4D3290D9D61BEA67
:10E1000030AA74017E704012DD6D742212DD909091
:10E11000E376F090E376E030E05974027E14E37722
:10E120007E0400017E18000612DDBA90E378E00A52
:10E130002B7C456C5590E377E00A3B4D3290D9CC6F
:10E140001BEA3090E37AE00A2B7C456C5590E3792A
:10E15000E00A3B4D3290D9CE1BEA3090E37CE00AD6
:10E160002B7C456C5590E37BE00A3B4D3290D9D037
:10E170001BEA3074016C7712DD6DAAE490E5FEF0C5
:10E180007E1403E890E4D1693E00020BEA209AFD78
:10E190009D1F7E14000A9AFD9D169AFE35DF7E347F
:10E1A000229790DBA51BEA307E34229590DBA71BDB
:10E1B000EA307E34229690DBA91BEA307E34FFFFE2
:10E1C00090DBAB1BEA307E3400026D227E14968019
:10E1D0007E0400989AFC8E7E7E3400447E240001EA
:10E1E00074017E1400109AFD429C74016C7712DD5C
:10E1F0006D74127E700112DD6D7E1403E890E4D11F
:10E20000693E00020BEA209AFD9D1F2F119AFE35F0
:10E21000DF74016C7712DD6D12DF63BEB00068152C
:10E220007E146AAE7E0400FE9AFD922D740190E584
:10E23000FEF002E547740D7E700312DD6D7E340042
:10E24000022E34000068221B34683A1B3468521BCB
:10E2500034686A80007E146A857E0400FE9AFD920E
:10E260002D740190E5FEF0806E74107E703012DD2A
:10E270006D7E3412007E24468090D9D8793E00020B
:10E280001BEA20805274107E703812DD6D7E3414CB
:10E29000007E24460090D9D8793E00021BEA2080F7
:10E2A0003674107E703C12DD6D7E3410007E244585
:10E2B0008090D9D8793E00021BEA20801A74107E23
:10E2C000703412DD6D7E3410007E24450090D9D864
:10E2D000793E00021BEA2090E5FEE0BEB001780323
:10E2E00002E5477E3400042E34000068311B346898
:10E2F0004A1B3468621B34687A1B34780302E38F4C
:10E300001B34780302E3AB80007E146A5B7E04005A
:10E31000FE9AFD922D740190E5FEF002E3C57411A2
:10E320007E705212DD6D7E34999A7E24436490D9BA
:10E33000DC793E00021BEA2002E3C574117E7050B6
:10E3400012DD6D7E34999A7E2442E490D9DC793EC8
:10E3500000021BEA20806E74117E705412DD6D7E07
:10E360003466667E24426490D9DC793E00021BEA62
:10E3700020805274117E705812DD6D7E34CCCD7EBB
:10E380002441E490D9DC793E00021BEA20803674F7
:10E39000117E705C12DD6D7E34CCCD7E24416490A4
:10E3A000D9DC793E00021BEA20801A74117E70517C
:10E3B00012DD6D7E3433337E2440E390D9DC793E28
:10E3C00000021BEA2090E5FEE0BEB001780302E502
:10E3D0004774127E704412DD6D74137E700212DD7C
:10E3E0006D74146C7712DD6D74156C7712DD6D74BD
:10E3F000166C7712DD6D74187E700112DD6D74017C
:10E400007E704012DD6D74147E708012DD6D7E149E
:10E4100003E890E4D1693E00020BEA209AFD9D1FBB
:10E420002F119AFE35DF74146C7712DD6D7E1403A4
:10E43000E890E4D1693E00020BEA209AFD9D1F2F6F
:10E44000119AFE35DF740D7E700A7E608012DE093F
:10E450007E1403E890E4D1693E00020BEA209AFDA5
:10E460009D1F2F119AFE35DF740D7E700A6C6612A7
:10E47000DE097E1403E890E4D1693E00020BEA2035
:10E480009AFD9D1F2F119AFE35DF12DFE3BEB0000B
:10E4900068157E146A3A7E0400FE9AFD922D74017E
:10E4A00090E5FEF002E5477E3400012E340000685E
:10E4B0001A1B34683580007E146A117E0400FE9AAF
:10E4C000FD922D740190E5FEF0803C740D7E700984
:10E4D0007E600912DE097E3480007E24463B90D99E
:10E4E000E0793E00021BEA20801D740D7E70097EDB
:10E4F000601912DE097E3480007E24453B90D9E00D
:10E50000793E00021BEA2090E5FEE0BEB0016837CC
:10E51000740D7E700B7E600112DE09740D6C771233
:10E52000DF2674016C7712DD6D7E1403E890E4D170
:10E53000693E00020BEA209AFD9D1F7E1400149A8A
:10E54000FD9D169AFE35DF90E5FEE0AA90DD4C1B9E
:10E55000EA00791E000290DD4A1BEA30E490DD54A7
:10E56000F06D3390DD551BEA306D3390DD571BEABB
:10E570003090DD4A0BEA307E2400029AFE39777E25
:10E58000146FCA7E0400FE7E3400409AFE2E637E25
:10E5900014FF017E0400FE90DD4C693E00020BEA90
:10E5A00020BF10380302E6DD7E14000C90DD4C69BC
:10E5B0003E00020BEA209AFD9D1F793E00021BEAF5
:10E5C0002090DD4A0BEA50BE54000E400302E7F0F3
:10E5D0007EA003A490E5D87302E60202E60802E6F4
:10E5E0000E02E61402E61A02E62002E63502E64AC8
:10E5F00002E65F02E67402E68902E69E02E6B302E4
:10E60000E6C8538E7F02E7F0538EBF02E7F0538EC9
:10E61000FB02E7F053DDFD02E7F053DDDF02E7F038
:10E6200074FD7E14FBB37E04007E7E0B705C7B7AEF
:10E630000B7002E7F074DF7E14FBB37E04007E7E75
:10E640000B705C7B7A0B7002E7F074FD7E14FBBBF1
:10E650007E04007E7E0B705C7B7A0B7002E7F074A8
:10E66000DF7E14FBBB7E04007E7E0B705C7B7A0B2E
:10E670007002E7F074FD7E14FBC37E04007E7E0B07
:10E68000705C7B7A0B7002E7F074DF7E14FBC37E54
:10E6900004007E7E0B705C7B7A0B7002E7F074EFF7
:10E6A0007E14FE787E04007E7E0B705C7B7A0B709D
:10E6B00002E7F074FD7E14FBCB7E04007E7E0B70BF
:10E6C0005C7B7A0B7002E7F074DF7E14FBCB7E0478
:10E6D000007E7E0B705C7B7A0B7002E7F090DD4A67
:10E6E0000BEA50BE54000E400302E7F07EA003A4E4
:10E6F00090E6F47302E71E02E72402E72A02E730FD
:10E7000002E73602E73C02E75102E76602E77A02D7
:10E71000E78E02E7A202E7B602E7CA02E7DE438E0F
:10E720008002E7F0438E4002E7F0438E0402E7F0F8
:10E7300043DD0202E7F043DD2002E7F074027E14BD
:10E74000FBB37E04007E7E0B704C7B7A0B7002E77D
:10E75000F074207E14FBB37E04007E7E0B704C7B35
:10E760007A0B7002E7F074027E14FBBB7E04007E1D
:10E770007E0B704C7B7A0B70807674207E14FBBB12
:10E780007E04007E7E0B704C7B7A0B70806274027C
:10E790007E14FBC37E04007E7E0B704C7B7A0B7074
:10E7A000804E74207E14FBC37E04007E7E0B704C72
:10E7B0007B7A0B70803A74107E14FE787E04007EA3
:10E7C0007E0B704C7B7A0B70802674027E14FBCB20
:10E7D0007E04007E7E0B704C7B7A0B70801274205E
:10E7E0007E14FBCB7E04007E7E0B704C7B7A0B701C
:10E7F00090DD4C693E00020BEA207CB590DD54F0C0
:10E8000090DD54E00A3B6D227E0800012F0190DD6F
:10E810004C693E00020BEA209AFD9D2190DD551BBC
:10E82000EA3090DD550BEA306E34FFFF0B3490DD9B
:10E83000571BEA3090DD4A0BEA50BE54000E4003ED
:10E8400002EC807EA003A490E84B7302E87502E816
:10E85000A402E8D302E8FF02E92B02E95A02E9B672
:10E8600002EA1202EA6E02EACA02EB2602EB820216
:10E87000EBCC02EC2790DD54E07E34FEA07E240039
:10E880007E7A1BB05389F090DD570BEA50F58A90E1
:10E89000DD570BEA307D530A5AF58CD3D28CD3D294
:10E8A000A902EC8090DD54E07E34FEA17E24007E3F
:10E8B0007A1BB053890F90DD570BEA50F58B90DD32
:10E8C000570BEA307D530A5AF58DD3D28ED3D2AB93
:10E8D00002EC8090DD54E07E34FEA27E24007E7A3D
:10E8E0001BB090DD570BEA50F5D790DD570BEA309F
:10E8F0007D530A5AF5D6438E1043AF0402EC809044
:10E90000DD54E07E34FEA37E24007E7A1BB090DDD1
:10E91000570BEA50F5D590DD570BEA307D530A5A74
:10E92000F5D443DD0843AF2002EC8090DD54E07E57
:10E9300034FEA47E24007E7A1BB090DD570BEA5093
:10E94000F5D390DD570BEA307D530A5AF5D243DDFB
:10E950009053DDFB43AF4002EC8090DD54E07E3409
:10E96000FBB07E24007E7A1BB090DD570BEA107E50
:10E9700034FBB77E24007E7A1B3090DD570BEA30E3
:10E980007D130A127E34FBB67E24007E7A1B30741F
:10E99000087E14FBB37E04007E7E0B704C7B7A0BEA
:10E9A0007074017E14FBB27E04007E7E0B704C7B83
:10E9B0007A0B7002EC8090DD54E07E34FBB17E2453
:10E9C000007E7A1BB090DD570BEA107E34FBB57EDB
:10E9D00024007E7A1B3090DD570BEA307D130A123B
:10E9E0007E34FBB47E24007E7A1B3074807E14FB60
:10E9F000B37E04007E7E0B704C7B7A0B7074107EAD
:10EA000014FBB27E04007E7E0B704C7B7A0B70028E
:10EA1000EC8090DD54E07E34FBB87E24007E7A1BCF
:10EA2000B090DD570BEA107E34FBBF7E24007E7A67
:10EA30001B3090DD570BEA307D130A127E34FBBE8B
:10EA40007E24007E7A1B3074087E14FBBB7E04009B
:10EA50007E7E0B704C7B7A0B7074017E14FBBA7E49
:10EA600004007E7E0B704C7B7A0B7002EC8090DD94
:10EA700054E07E34FBB97E24007E7A1BB090DD57D3
:10EA80000BEA107E34FBBD7E24007E7A1B3090DDC5
:10EA9000570BEA307D130A127E34FBBC7E24007EC5
:10EAA0007A1B3074807E14FBBB7E04007E7E0B706C
:10EAB0004C7B7A0B7074107E14FBBA7E04007E7E51
:10EAC0000B704C7B7A0B7002EC8090DD54E07E344E
:10EAD000FBC07E24007E7A1BB090DD570BEA107ECF
:10EAE00034FBC77E24007E7A1B3090DD570BEA3062
:10EAF0007D130A127E34FBC67E24007E7A1B30749E
:10EB0000087E14FBC37E04007E7E0B704C7B7A0B68
:10EB10007074017E14FBC27E04007E7E0B704C7B01
:10EB20007A0B7002EC8090DD54E07E34FBC17E24D1
:10EB3000007E7A1BB090DD570BEA107E34FBC57E59
:10EB400024007E7A1B3090DD570BEA307D130A12C9
:10EB50007E34FBC47E24007E7A1B3074807E14FBDE
:10EB6000C37E04007E7E0B704C7B7A0B7074107E2B
:10EB700014FBC27E04007E7E0B704C7B7A0B70020D
:10EB8000EC8090DD54E07E34FE797E24007E7A1B9A
:10EB9000B090DD570BEA107E34FE7B7E24007E7A37
:10EBA0001B3090DD570BEA307D130A127E34FE7A5B
:10EBB0007E24007E7A1B3074827E14FE787E0400F0
:10EBC0007E7E0B704C7B7A0B7002EC8090DD54E003
:10EBD0007E34FBC87E24007E7A1BB090DD570BEAA2
:10EBE000107E34FBCF7E24007E7A1B3090DD570BE5
:10EBF000EA307D130A127E34FBCE7E24007E7A1B1F
:10EC00003074087E14FBCB7E04007E7E0B704C7B40
:10EC10007A0B7074017E14FBCA7E04007E7E0B703A
:10EC20004C7B7A0B70805990DD54E07E34FBC97EBA
:10EC300024007E7A1BB090DD570BEA107E34FBCDAA
:10EC40007E24007E7A1B3090DD570BEA307D130A5C
:10EC5000127E34FBCC7E24007E7A1B3074807E14BE
:10EC6000FBCB7E04007E7E0B704C7B7A0B707410A5
:10EC70007E14FBCA7E04007E7E0B704C7B7A0B7088
:10EC800090DD50691E00020BEA0090DD4A0BEA207D
:10EC90003E243E247E34D4342D327A71827A6183CC
:10ECA000791E00021BEA00AA90DC80E0BEB00D5085
:10ECB000717EA003A490ECB97302ECE002ECE602D2
:10ECC000ED2202ECEC02ED2202ECF202ECF802EC96
:10ECD000FE02ED0402ED0A02ED1002ED1602ED1C3B
:10ECE0009AFDED2780409AFDEEEC803A9AFDEFCB3D
:10ECF00080349AFDF0A0802E9AFDF11180289AFDB3
:10ED0000F20B80229AFDF210801C9AFDF299801677
:10ED10009AFDF36380109AFDF3BC800A9AFDF3F725
:10ED200080049AFE08FAAA90DC7F7EEBA074805CD7
:10ED3000BABEB080782090DC82E0BEB00078179038
:10ED4000DC81E0BEB000780E90DC850BEA207E34DA
:10ED50000002BD2368079AFE08FA02EEEB90DC7F02
:10ED60007EEBA0740F5CBA14684514780302EDF0D2
:10ED70000BB1680302EEE190DC84E0BEB0007809DC
:10ED800090DC83E0BEB00068079AFE08FA02EEEB62
:10ED90007E3409867E2400FF90DC8B793E00021BC6
:10EDA000EA207E34000290DC891BEA3002EEE79014
:10EDB000DC87E0BEB004781290DC84E0BEB000785E
:10EDC0000990DC83E0BEB00068079AFE08FA02EE04
:10EDD000EB7E3409867E2400FF90DC8B793E0002B6
:10EDE0001BEA207E34000290DC891BEA3002EEE749
:10EDF00090DC87E0BEB004780990DC84E0BEB0000F
:10EE000068079AFE08FA02EEEB90DC837EEBA074B2
:10EE10000F5CBA90E608F090DC83E0146864247F0D
:10EE2000680604680302EEDB90E608E07E34000129
:10EE300060053E341478FB90DC8FE00A2B5D236D77
:10EE400033BD23681F7E3409887E2400FF90DC8B4D
:10EE5000793E00021BEA207E34000290DC891BEA26
:10EE60003002EEE77E3409867E2400FF90DC8B7949
:10EE70003E00021BEA207E34000290DC891BEA304F
:10EE8000806590E608E07E34000160053E34147829
:10EE9000FB90DC90E00A2B5D236D33BD23681E7E62
:10EEA0003409887E2400FF90DC8B793E00021BEA47
:10EEB000207E34000290DC891BEA30802A7E3409EF
:10EEC000867E2400FF90DC8B793E00021BEA207EC8
:10EED00034000290DC891BEA30800C9AFE08FA802C
:10EEE0000A9AFE08FA80049AFE090AAA90DC87E0D2
:10EEF000BEB004783090DC7FE0BEB002782790DCB2
:10EF000084E0BEB000781E90DC82E0BEB0007815D0
:10EF100090DC81E0BEB000780C6D2290DC850BEABD
:10EF200030BD3268079AFE08FA02EFCA90DC837E91
:10EF3000EBA0740F5CBA90E609F090DC83E01468F3
:10EF400043247F680304787890E609E07E3400016A
:10EF500060053E341478FB7CB77CAB6EA0FF90DC80
:10EF60008FE05CBAF0740E90E6097EEB709AFE06B4
:10EF70008874117E70409AFE0688740E6C779AFE33
:10EF80000688804290E609E07E34000160053E3448
:10EF90001478FB7CB77CAB6EA0FF90DC90E05CBA91
:10EFA000F0740E90E6097EEB709AFE068874147E6B
:10EFB00070809AFE0688740E6C779AFE068880062A
:10EFC0009AFE08FA80049AFE092EAA90DC87E0BE19
:10EFD000B004783090DC7FE0BEB002782790DC840B
:10EFE000E0BEB000781E90DC82E0BEB000781590E4
:10EFF000DC81E0BEB000780C6D2290DC850BEA303D
:10F00000BD3268079AFE08FA02F09F90DC837EEB1F
:10F01000A0740F5CBA90E60AF090DC83E014683EBE
:10F02000247F680304786E90E60AE07E3400016075
:10F03000053E341478FB7CA790DC8FE04CBAF0746A
:10F040000E90E60A7EEB709AFE068874117E7010B0
:10F050009AFE0688740E6C779AFE0688803D90E6CC
:10F060000AE07E34000160053E341478FB7CA790F2
:10F07000DC90E04CBAF0740E90E60A7EEB709AFEDB
:10F08000068874147E70209AFE0688740E6C779A37
:10F09000FE068880069AFE08FA80049AFE092EAAC7
:10F0A00090DC7FE0BEB000783390DC84E0BEB0003E
:10F0B000782A90DC83E0BEB000782190DC82E0BE4C
:10F0C000B000781890DC817EEBA07480BCAB500C53
:10F0D0006D2290DC850BEA30BD3268069AFE08FA94
:10F0E000802E90DC81E090E60BF0E490E60B7EEB66
:10F0F000709AFE068890E60BE0BEB00068087403C4
:10F1000090DC87F08006740290DC87F09AFE092E6E
:10F11000AA90DC7F7EEBA074805CBABEB0806807EA
:10F120009AFE08FA02F20A90DC82E01BB168291408
:10F1300068440BB1680302F1E47E3409317E240097
:10F14000FF90DC8B793E00021BEA207E3400129097
:10F15000DC891BEA3002F1EA7E3409437E2400FF99
:10F1600090DC8B793E00021BEA207E34004390DC69
:10F17000891BEA30807490DC81E0146825146840B3
:10F180000BB1785A7E34092D7E2400FF90DC8B79F8
:10F190003E00021BEA207E34000490DC891BEA302A
:10F1A00080487E34098A7E2400FF90DC8B793E0003
:10F1B000021BEA207E34000890DC891BEA30802A9A
:10F1C0007E34090F7E2400FF90DC8B793E00021B09
:10F1D000EA207E34001E90DC891BEA30800C9AFE07
:10F1E00008FA80269AFE08FA802090DC850BEA2037
:10F1F00090DC890BEA30BD32280C90DC850BEA30BC
:10F2000090DC891BEA309AFE090AAA9AFE08FAAA3B
:10F2100090DC7FE0BEB080783290DC82E0BEB0004F
:10F22000782990DC81E0BEB000782090DC84E0BEDC
:10F23000B000781790DC83E0BEB000780E90DC85DB
:10F240000BEA207E340001BD2368069AFE08FA808E
:10F250004790DC87E0BEB004781E7E3409887E24A7
:10F2600000FF90DC8B793E00021BEA207E34000117
:10F2700090DC891BEA30801C7E3409867E2400FFE6
:10F2800090DC8B793E00021BEA207E34000190DC8A
:10F29000891BEA309AFE090AAA90DC87E0BEB00218
:10F2A000683090DC7FE0BEB000782790DC82E0BE62
:10F2B000B000781E90DC84E0BEB000781590DC834E
:10F2C000E0BEB000780C6D2290DC850BEA30BD32D8
:10F2D00068079AFE08FA02F36290DC81E0BEB00192
:10F2E000786A740490DC87F0E490DC8FF0E490DCC2
:10F2F00090F0740E7E70019AFE068874127E702063
:10F300009AFE068874107E70089AFE0688740E7E37
:10F3100070029AFE068874127E70209AFE06887427
:10F32000107E70089AFE0688740E7E70019AFE06A2
:10F330008874126C779AFE068874137E70089AFEA1
:10F340000688740E6C779AFE06888012740390DC2F
:10F3500087F074FF90DC8FF074FF90DC90F09AFEE1
:10F36000092EAA90DC87E0BEB004782990DC7FE00B
:10F37000BEB081782090DC82E0BEB000781790DCCF
:10F3800084E0BEB000780E90DC850BEA207E34006D
:10F3900001BD2368069AFE08FA80207E3409867E25
:10F3A0002400FF90DC8B793E00021BEA207E3400B3
:10F3B0000190DC891BEA309AFE090AAA90DC87E0FA
:10F3C000BEB004782790DC7FE0BEB001781E90DCF0
:10F3D00082E0BEB000781590DC84E0BEB000780C0E
:10F3E0006D2290DC850BEA30BD3268069AFE08FA81
:10F3F00080049AFE092EAA9AFE08FAAA90E0521BEF
:10F40000EA00791E000290E04E1BEA20793E0002DD
:10F410009F1190E056793E00021BEA207E340004E2
:10F42000CA397E34E04E7E2400017E14E0567E040C
:10F4300000019AFE3AD11BFD90E056693E00020B96
:10F44000EA207D037E1400FF5D106D0090E052699C
:10F450003E00020BEA207A1B3090E056693E000223
:10F460000BEA207C767C650A247D037E1400FF5D18
:10F47000106D0090E052693E00020BEA200B347AD6
:10F480001B3090E056693E00020BEA207D326D226F
:10F490007D037E1400FF5D106D0090E052693E0018
:10F4A000020BEA200B357A1B3090E056693E0002D1
:10F4B0000BEA200A340A267D037E1400FF5D106DDE
:10F4C0000090E052693E00020BEA202E3400037ADD
:10F4D0001B302290E05A1BEA00791E00029F119017
:10F4E000E05E793E00021BEA209F1190E062793EC7
:10F4F00000021BEA2090E05A693E00020BEA207EDF
:10F500001B700A376D2290E062793E00021BEA20F0
:10F5100090E05A693E00020BEA200B347E1B700A11
:10F52000376D227C057C167C276C3390E062693E47
:10F5300000020BEA204D314D20793E00021BEA20EB
:10F5400090E05A693E00020BEA200B357E1B700AE0
:10F55000376D227D036D1190E062693E00020BEA77
:10F56000204D314D20793E00021BEA2090E05A697F
:10F570003E00020BEA202E3400037E1B700A376D1A
:10F58000227C076C116D1190E062693E00020BEA6B
:10F59000204D314D20793E00021BEA207E340004CC
:10F5A000CA397E34E0627E2400017E14E05E7E046F
:10F5B00000019AFE3AD11BFD90E05E693E00020B0D
:10F5C000EA202290E4631BEA3090E45F1BEA0079B2
:10F5D0001E000290E45F691E00020BEA0090E463E3
:10F5E0000BEA309AFE32B6AA90E4691BEA3090E446
:10F5F000651BEA00791E000290CFCD0BEA3090E443
:10F6000065691E00020BEA0090E4690BEA209AFC8F
:10F61000CDA26D33AA90E4C6F090E4C21BEA007953
:10F620001E000290E4C67EEBA07408BCAB280674F2
:10F630000890E4C6F090E4C2693E00020BEA209014
:10F64000CFCF793E00021BEA2090E4C6E090CFD3F2
:10F65000F0E490CFD4F07E34000190D0011BEA306A
:10F660007E14CFD57E0400017E340004E49AFCFFB2
:10F67000DC7E14CFD97E0400017E340020E49AFCA5
:10F68000FFDC7E14CFF97E0400017E340008E49A8A
:10F69000FCFFDC7E14D0077E0400017E340024E4ED
:10F6A0009AFCFFDC2290E4CBF090E4C71BEA0079DF
:10F6B0001E00029AFE32B17E34F5C37E2400FD9016
:10F6C000D003793E00021BEA2090E4C7691E0002C5
:10F6D0000BEA0090E4CBE012F6157E14F73F7E04AF
:10F6E00000FD9AFE3419AA90E383F090E37F1BEAB1
:10F6F00000791E000290E37D1BEA3090E37D0BEA67
:10F700003090CFCD1BEA307E34F5E87E2400FD90AA
:10F71000D003793E00021BEA2090E37F691E0002BD
:10F720000BEA0090E383E012F61590E37D0BEA30DC
:10F7300074017E14F7927E0400FD9AFCD3CCAA904B
:10F74000E3211BEA3090E31D1BEA00791E00026DE5
:10F750003390E3231BEA30802890E3230BEA1090D8
:10F76000E31D693E00020BEA202D317E1BB09AFD9D
:10F77000F79290E3230BEA207E3400012D321BEA3E
:10F780003090E3210BEA2090E3230BEA30BD3240B6
:10F79000C8AA90E600F090D0010BEA301B35682D26
:10F7A0001B34685E1B34780302F83C2E3400036877
:10F7B0000302F89890E600E0BEB0AA680302F8A23F
:10F7C0007E34000290D0011BEA3002F8A290CFD321
:10F7D0007EEBA090E600E0BCBA501A90E600E09004
:10F7E000CFD4F0E490D02BF07E34000390D0011BF6
:10F7F000EA3002F8A27E34000190D0011BEA300208
:10F80000F8A290E6007EEBA090D02B7EEB70740106
:10F810002CB7F00A277E34CFD52D327A71827A61E7
:10F82000837AEBA090D02B7EEBA07404BCAB40722B
:10F830007E34000490D0011BEA30806690E600E040
:10F84000BEB0FF78427E14CFD57E04000112F4D3FF
:10F850007F0190CFD47EEB707404ACB77E34CFD9E7
:10F860002D357A71827A6183791E00021BEA007E4F
:10F87000A00190CFD4E00A2B7E34CFF92D327A71DB
:10F88000827A61837AEBA0E490D02BF07E34000181
:10F8900090D0011BEA30800A7E34000190D0011B19
:10F8A000EA30AA90E46FF090E46B1BEA00791E0046
:10F8B0000290D003693E00020BEA204D2378030238
:10F8C000F9CB90E46B693E00020BEA204D237803EC
:10F8D00002F9CB90E46F7EEBA07408BCAB280674F1
:10F8E0000890E46FF0E490E470F0803F90E4707E64
:10F8F000EB707404ACB790E46B691E00020BEA0075
:10F900002D15693000020B0A2090E4707EEB3074F4
:10F9100004ACB37E14D0072D157E04000112F3FC55
:10F9200090E4707EEBA074012CBAF090E46F7EEB53
:10F93000A090E470E0BCBA40B36C5590E46F7EEBED
:10F94000407404ACB47E34D0072D357A71827A616C
:10F95000837AEB506C5590E46F7EEB407404ACB44A
:10F960007E34D0082D357A71827A61837AEB507EAD
:10F97000508090E46F7EEB407404ACB47E34D009C8
:10F980002D357A71827A61837AEB507E507F90E4D4
:10F990006F7EEB407404ACB47E34D00A2D357A719E
:10F9A000827A61837AEB5090E46F7EEB707404ACE2
:10F9B0007B7E2400042D327E14D0077E040001904B
:10F9C000D003695E00020BEA409928AA90CFCF6964
:10F9D0003E00020BEA204D236871E490D8ACF08021
:10F9E0004C90D8AC7EEB707404ACB790CFCF691E4E
:10F9F00000020BEA002D15693000020B0A20691184
:10FA000000020B1A0090D8AC7EEB707404ACB77E89
:10FA100034D88C2D357A71827A6183791E00021B6D
:10FA2000EA0090D8AC7EEBA074012CBAF090CFD352
:10FA30007EEBA090D8ACE0BCBA40A67E14D88C7EF9
:10FA400004000190CFD3E09AFDF8A3AA90CFCF692C
:10FA50003E00020BEA204D23780302FAF0E490E620
:10FA600001F0807B90E601E00A2B7E34CFF92D3245
:10FA70007A71827A6183E0BEB000685890E6017EB8
:10FA8000EB707404ACB77E34CFD92D357A71827A9D
:10FA90006183691E00020BEA0090E6017EEB707440
:10FAA00004AC7B90CFCF695E00020BEA402D536916
:10FAB0003200020B2A20791100021B1A006CAA9056
:10FAC000E601E00A2B7E34CFF92D327A71827A6119
:10FAD000837AEBA090E6017EEBA074012CBAF09043
:10FAE000CFD37EEBA090E601E0BCBA500302FA64EB
:10FAF000AA9AFDF9CC9AFDFA4CAA90E602F090CFB2
:10FB0000D37EEBA090E602E0BCBA4003E480139001
:10FB1000E602E00A2B7E34CFF92D327A71827A61C7
:10FB200083E0AA90E5711BEA00791E00029F009015
:10FB3000E571693E00020BEA20791100021B1A00F0
:10FB40009F0090E571693E00020BEA200B367911A7
:10FB500000021B1A009F0090E571693E00020BEA4B
:10FB6000202E340008791100021B1A009F0090E536
:10FB700071693E00020BEA202E34001C791100024C
:10FB80001B1A009F0090E571693E00020BEA202ECF
:10FB9000340020791100021B1A009F0090E5716962
:10FBA0003E00020BEA202E340024791100021B1AB9
:10FBB00000AA90E5751BEA00791E000290E57569C0
:10FBC0003E00020BEA202E34001C691100020B1AC1
:10FBD0000090E575693E00020BEA202E3400207982
:10FBE0001100021B1A0090E575693E00020BEA2025
:10FBF0000B36691100020B1A0090E575695E000270
:10FC00000BEA40693200020B2A209AFD99D87F0145
:10FC100090E575693E00020BEA202E34001C791134
:10FC200000021B1A0090E575693E00020BEA202EC7
:10FC3000340024691100020B1A0090E575695E001A
:10FC4000020BEA402E540014693200020B2A209A5B
:10FC5000FD9A9390E575695E00020BEA402E540010
:10FC600028691200020B2A009AFD9BB4284890E5EF
:10FC700075693E00020BEA202E340014691100025F
:10FC80000B1A0090E575695E00020BEA402E5400E5
:10FC900028693200020B2A209AFD9B337F0190E5F0
:10FCA00075693E00020BEA202E340024791100020F
:10FCB0001B1A0002FD4490E575693E00020BEA2024
:10FCC0002E340024691100020B1A0090E575695E5C
:10FCD00000020BEA402E540014693200020B2A2065
:10FCE0009AFD9A9390E575695E00020BEA402E54E6
:10FCF000002C691200020B2A009AFD9BB45045901B
:10FD0000E575693E00020BEA202E340014691100EB
:10FD1000020B1A0090E575695E00020BEA402E5452
:10FD2000002C693200020B2A209AFD9B337F019040
:10FD3000E575693E00020BEA202E3400247911009B
:10FD4000021B1A0090E575691E00020BEA002E14D2
:10FD50000014693000020B0A204D23683590E575C8
:10FD6000693E00020BEA202E34001C691100020BD0
:10FD70001A0090E57569FE00020BEAE02EF40024FB
:10FD8000693700020B7A209AFD99DB793700021B54
:10FD90007A2090E575693E00020BEA202E3400249B
:10FDA000691100020B1A0090E575695E00020BEA0A
:10FDB000402E540014693200020B2A209AFD9A93B7
:10FDC0007F7190E575693E00020BEA202E34001C1D
:10FDD000691100020B1A0090E575695E00020BEADA
:10FDE000402E540010693200020B2A209AFD9A938B
:10FDF0007F079AFD99DB7F7190E575693E00020BE4
:10FE0000EA202E340008691100020B1A0090E575F3
:10FE1000695E00020BEA400B56693200020B2A2091
:10FE20009AFD99D89AFD9BFA7F0190E575695E006D
:10FE3000020BEA402E540018693200020B2A209A65
:10FE4000FD9A937F017F179AFD99DB7F0190E575FD
:10FE5000693E00020BEA202E34000C791100021BCF
:10FE60001A009F0090E575695E00020BEA402E546F
:10FE7000000C693200020B2A209AFD9BB4283590B1
:10FE8000E575693E00020BEA202E3400306911004E
:10FE9000020B1A0090E57569FE00020BEAE02EF4F1
:10FEA000000C693700020B7A209AFD99DB79370044
:10FEB000021B7A209F0090E575695E00020BEA4004
:10FEC0002E54000C693200020B2A209AFD9BB4507C
:10FED0003590E575693E00020BEA202E340030694A
:10FEE0001100020B1A0090E57569FE00020BEAE0B2
:10FEF0002EF4000C693700020B7A209AFD99D8790C
:10FF00003700021B7A2090E575693E00020BEA205B
:10FF10002E340028691100020B1A0090E575695E05
:10FF200000020BEA402E54000C693200020B2A201A
:10FF30009AFD9BB4282A90E575693E00020BEA20E1
:10FF40002E340028691100020B1A0090E575693EF5
:10FF500000020BEA202E34000C791100021B1A005B
:10FF600090E575693E00020BEA202E34002C6911E1
:10FF700000020B1A0090E575695E00020BEA402E44
:10FF800054000C693200020B2A209AFD9BB4502ABF
:10FF900090E575693E00020BEA202E34002C6911B1
:10FFA00000020B1A0090E575693E00020BEA202E54
:10FFB00034000C791100021B1A0090E575693E00AF
:10FFC000020BEA200B36691100020B1A0090E5754E
:10FFD000693E00020BEA202E340008791100021B52
:10FFE0001A00AA6D3380020B347E0BB00B1470F72D
:03FFF000AA300034
:0200000400FEFC
:10000000E49000C6F0AA9000C6E0BEB0007803E419
:1000100080317E3400E87E2400BC7E14007812011A
:100020000390590CF07E345820CA397E3400E87EA3
:100030002400017E14590D7E0400019AFE3AD11B62
:10004000FD7401AA7E3400BC90C3961BEA307E3456
:10005000007890C3981BEA307E3400E190C39A1B6D
:10006000EA307E34009090C39C1BEA306D336D22E1
:100070007E14590D7E040001E49AFCF8916D337EE4
:100080002400C890BF03E09AFCED6A7E34003C7EF9
:100090002400C890BF06E09AFCED6A7E3400647EBE
:1000A0002400C890BF07E09AFCED6AAA90590CE0C2
:1000B000AA90E4D0F090E4CE1BEA2090E4CC1BEAB6
:1000C0003090E4CC0BEA207E340078BD235033908E
:1000D000E4CE0BEA207E3400BCBD23502590E4D052
:1000E000E090E4CC0BEA207E3400BCAD3290E4CE4C
:1000F0000BEA202D237E34590D2D327A71827A61DC
:1001000083F0AA90B1321BEA1090B1301BEA209024
:10011000B12E1BEA309F1190B738793E00021BEADE
:10012000209F1190B73C793E00021BEA209F11905E
:10013000B740793E00021BEA209F1190B748793EF4
:1001400000021BEA209F1190B760793E00021BEA73
:10015000206D3390B7341BEA3080286D2290B7347D
:100160000BEA103E147E34B1342D317A71827A61FB
:10017000831BEA2090B7340BEA207E3400012D3235
:100180001BEA3090B7340BEA207E340100BD2340D7
:10019000CA7E34000490B7341BEA300202766D3315
:1001A00090B7361BEA3002025490B1300BEA30901F
:1001B000B7340BEA20AD3290B7360BEA202D2390EE
:1001C000B12E0BEA302D327A71827A61837EEB7028
:1001D0007402ACB77E24B1342D257A51827A4183E2
:1001E0000BEA107E3400012D317A51827A41831B53
:1001F000EA3090B1300BEA3090B7340BEA20AD32E0
:1002000090B7360BEA202D2390B12E0BEA302D3219
:100210007A71827A6183E00A1B6D0090B738693E7B
:1002200000020BEA202F10793E00021BEA2090B753
:100230003C691E00020BEA007E1800012F10793E77
:1002400000021BEA207E24000390B7360BEA302D13
:10025000321BEA3090B1300BEA2090B7360BEA300F
:10026000BD3250030201A97E24000390B7340BEA8B
:10027000302D321BEA3090B1320BEA207E3400047C
:100280009D2390B7340BEA30BD32500302019E909B
:10029000B73C693E00020BEA204D23780790B12D50
:1002A000E00206026D3390B7341BEA30806490B7E9
:1002B000340BEA203E247E34B1342D327A71827AB6
:1002C00061830BEA207CB49AFD9C0D7F7190B73C52
:1002D000693E00020BEA20E49AFD9C087F017F172B
:1002E0009AFD9B337F0190B7340BEA203E243E24D5
:1002F0007E34B3342D327A71827A6183791E0002A2
:100300001BEA0090B7340BEA207E3400012D321B2B
:10031000EA3090B7340BEA207E340100BD23408ED2
:1003200090B73C693E00020BEA20E49AFD9C087FEE
:100330000190B738693E00020BEA20E49AFD9C0860
:100340009AFD9B3390B758793E00021BEA206D332B
:1003500090B7361BEA3002057590B7360BEA203E9F
:10036000243E247E34B3342D327A71827A618369DB
:100370001E00020BEA0090B740693E00020BEA2023
:100380009AFD99DB793E00021BEA2090B7360BEA12
:10039000203E243E247E34B3342D327A71827A6139
:1003A00083691E00020BEA0090B7360BEA20E49A3C
:1003B000FD9C0D9AFD9A937F0190B748693E00021B
:1003C0000BEA209AFD99DB793E00021BEA2090B7E8
:1003D00040691E00020BEA006D337E243F809AFDC7
:1003E00099D890B744793E00021BEA2090B748693B
:1003F0001E00020BEA0090B758693E00020BEA208B
:100400009AFD99D890B74C793E00021BEA207E14E1
:10041000B7177E0438D190B740693E00020BEA203E
:100420009AFD9BB450030205667E14B7177E04380C
:10043000D190B744693E00020BEA209AFD9BB4506C
:100440000302056690B740691E00020BEA0090B7F0
:1004500048693E00020BEA209AFD9B3390B7507921
:100460003E00021BEA2090B744691E00020BEA001E
:1004700090B74C693E00020BEA209AFD9B3390B77F
:1004800054793E00021BEA2090B758691E00020B07
:10049000EA0090B754693E00020BEA209AFD99D811
:1004A0007F0190B744693E00020BEA209AFD9A93BF
:1004B0007F7190B758691E00020BEA0090B754692B
:1004C0003E00020BEA209AFD99D87F017F179AFD22
:1004D0009A937F7190B758691E00020BEA0090B79B
:1004E00050693E00020BEA209AFD99D87F0190B72F
:1004F00040693E00020BEA209AFD9A937F6190B713
:1005000058691E00020BEA0090B750693E00020BCA
:10051000EA209AFD99D87F017F169AFD9A937F076A
:100520009AFD99DB90B75C793E00021BEA2090B7F8
:1005300060691E00020BEA0090B75C693E00020B86
:10054000EA209AFD9BB4281E90B75C693E00020B1E
:10055000EA2090B760793E00021BEA2090B7360B84
:10056000EA5090B764F090B7360BEA207E34000171
:100570002D321BEA3090B7360BEA207E340100BDE5
:1005800023500302035990B7647EEBA0743CBCABCC
:100590005006743C90B764F090B7647EEBA074C8CA
:1005A000BCAB280674C890B764F090B12DE00A3B4C
:1005B0007E2400192D2390B764E00A3BBD32081059
:1005C00090B12DE00A4B7E5400192D5490B764F081
:1005D00090B12DE00A2B7E3400199D2390B764E082
:1005E0000A3BBD32581090B12DE00A5B7E440019E1
:1005F0009D5490B764F090B764E090B12DF090B73F
:1006000064E022E4F5DC7490F5F4E46C779AFE067D
:100610008874017E70089AFE068874077E703F9A7F
:10062000FE068874097E703F9AFE0688740B7E7001
:10063000079AFE068874016C779AFE068874029009
:10064000DC87F0E490DC88F0E490DC8FF0E490DC70
:1006500090F0C3C200C3C20143B58043B680D3A9A2
:10066000D7AFAA90E5EAF0E5FC20E7FB90E5EA7E4B
:10067000EBA074804CBAF5FCE5FC20E7FBE5EC90C0
:10068000E5EBF090E5EBE0AA90E5ED7AEB7090E514
:10069000ECF0E5FC20E7FB90E5EC7EEBA0747F5CE2
:1006A000BAF5FC90E5EDE0F5ECAA90E38C1BEA00CE
:1006B000791E000290E38BF074169AFE066390E3B5
:1006C00090F090E391F0802B90E38BE09AFE06632C
:1006D00090E38C693E00020BEA207A1BB090E38C19
:1006E000693E00020BEA200B3490E38C793E000255
:1006F0001BEA2090E3907EEBA07E70017CBA9CB751
:10070000F0BEA00078C290E391E0AA90E4767AEB84
:100710007090E4721BEA00791E000290E471F08090
:100720001E90E471E090E472691E00020BEA007E04
:100730000B700B14791E00021BEA009AFE068890CB
:10074000E4767EEBA07E70017CBA9CB7F0BEA00080
:1007500078CFAACA7BCA6BCA5BCA4BCA2BCA1BCA50
:100760000BC0D0C083C082E5FC90E588F074069A87
:10077000FE066390E585F074029AFE066390E586B6
:10078000F074049AFE066390E587F090E585E0300A
:10079000E1049AFE07F390E585E030E2049AFE0753
:1007A000F490E586E030E0049AFE084690E586E0A5
:1007B00030E1049AFE0A5C90E586E030E2049AFE9D
:1007C0000A9290E587E030E1049AFE0AC590E5853B
:1007D000E030E0049AFE084590E588E0F5FCD08220
:1007E000D083D0D0DA0BDA1BDA2BDA4BDA5BDA6B98
:1007F000DA7B32AAE46C779AFE0688740290DC8772
:10080000F0E490DC88F0740E7E70019AFE06887425
:10081000117E70489AFE0688740E7E70029AFE065B
:100820008874117E70489AFE0688740E7E70019A54
:10083000FE068874147E70909AFE0688740E6C779B
:100840009AFE0688AAAA740E6C779AFE068874111E
:100850009AFE066390E605F090E605E030E2167435
:100860001190E6057EEB707E60FB5C769AFE068852
:10087000E490DC88F090E605E030E411741190E635
:10088000057EEB707E60804C769AFE068890DC8850
:10089000E024FD685A14685D0BB2785D90E605E0CF
:1008A00030E05674207E14DC7F7E0400019AFE0640
:1008B000AA90DC850BEA309AFE393E90DC851BEA73
:1008C0003090DC7F7EEBA074605CBA24E0680E247C
:1008D000E06810244078129AFDECA8801C9AFCFE77
:1008E000D780169AFCFFF680109AFE08FA800A9AC2
:1008F000FE093D80049AFE09DBAA740590DC88F0AD
:1009000074117E70609AFE0688AA740390DC88F0E9
:1009100074117E70409AFE06889AFE093DAA7404FE
:1009200090DC88F074117E70409AFE0688AAE490EC
:10093000DC88F074117E70489AFE0688AA740E6CEA
:10094000779AFE068874119AFE066390E5EEF090A1
:10095000E5EEE030E1030209DA90DC890BEA207E63
:10096000340040BD2328047440800690DC890BEAE3
:100970005090E5EFF0742090DC8B691E00020BEACA
:100980000090E5EF7EEB709AFE070B90E5EFE00A32
:100990002B90DC890BEA309D321BEA3090E5EFE0CA
:1009A0000A1B90DC8B693E00020BEA202D31793E58
:1009B00000021BEA206D2290DC890BEA30BD327800
:1009C0001074117E700A9AFE0688E490DC88F0802C
:1009D0000974117E70029AFE0688AA740E6C779ACA
:1009E000FE068874119AFE066390E5F0F090E5F03B
:1009F000E030E067742090DC8B691E00020BEA0097
:100A00009AFE06AA90E5F1F090E5F1E00A2B90DC61
:100A1000890BEA309D321BEA3090E5F1E00A1B9029
:100A2000DC8B693E00020BEA202D31793E00021B6F
:100A3000EA206D2290DC890BEA30BD327810741107
:100A40007E70489AFE0688E490DC88F08009741174
:100A50007E70409AFE06889AFCFF90AA740E7E7003
:100A6000019AFE068874119AFE066390E606F090DD
:100A7000E606E030E50974117E70409AFE06889023
:100A8000E606E030E20874116C779AFE0688C3C26D
:100A900000AA740E7E70029AFE068874119AFE06F1
:100AA0006390E607F090E607E030E50974117E7088
:100AB000409AFE068890E607E030E20874116C77F1
:100AC0009AFE0688AA740E7E70019AFE0688741437
:100AD0009AFE066390D33AF090D33AE030E6097478
:100AE000147E70809AFE068890D33AE030E07774E6
:100AF000169AFE066390D33BF0E490D33CF0802836
:100B000074219AFE06637CAB90D33CE00A2B7E34C2
:100B1000D33D2D327A71827A61837AEBA090D33CF7
:100B20007EEBA074012CBAF090D33B7EEBA090D367
:100B30003CE0BCBA40CA90E535693E00020BEA20B1
:100B40004D23681A7E14D33D7E04000190D33BE010
:100B50000A3B90E535695E00020BEA40992874145F
:100B60006C779AFE0688AA90E5DD7AEB7090E5DC5A
:100B7000F0C3C2B47E34000290E5DCE090E5DD7E97
:100B8000EB509AFC8822D3D2B42290E23E1BEA209A
:100B9000793E000290E23A1BEA00791E000290E2E0
:100BA00039F0C3C2B490E23E693E00020BEA2090E5
:100BB000E083793E00021BEA207E34000290E23995
:100BC000E090E23A691E00020BEA009AFC884FD3DB
:100BD000D2B42290E5BDF0C3C2B47E18000290E00A
:100BE0008E793E00021BEA207E34000290E5BD7E35
:100BF000EBA074804CBA7E14E5BE7E0400019AFC22
:100C00008B17D3D2B490E5BFE02290DC291BEA20F9
:100C1000793E000290DC251BEA00791E000290DC80
:100C200024F06D3390DC2D1BEA30C3C2B47E080083
:100C30000190DC29693E00020BEA202F1090E08E23
:100C4000793E00021BEA207E34000290DC247EEB19
:100C5000A074804CBA7E14DC2F7E0400019AFC8BB9
:100C600017D3D2B46D3390DC2D1BEA30804590DC75
:100C70002D0BEA207E34DC302D327A71827A61834A
:100C8000E090DC25693E00020BEA207A1BB090DC84
:100C900025693E00020BEA200B3490DC25793E00EA
:100CA000021BEA2090DC2D0BEA207E3400012D325D
:100CB0001BEA3090DC2D0BEA106D0090DC29693EB8
:100CC00000020BEA20BF0140A522E490E55DF0E4BC
:100CD00090E55EF06D3390E55F1BEA3090E55F0BC9
:100CE000EA207E3400012D321BEA307E340064BDE0
:100CF000232808740190E55EF08027E4120BD3905E
:100D0000E55DF07E1403E890E4D1693E00020BEA51
:100D1000209AFD9D1F9AFE35DF90E55DE0BEB02470
:100D200078BA90E55EE022740C7E14E4237E040021
:100D3000017E180006120C0A90E424E00A2B7C4580
:100D40006C5590E423E00A3B4D3290DBB11BEA3056
:100D500090E426E00A2B7C456C5590E425E00A3BA4
:100D60004D3290DBB31BEA3090E428E00A2B7C453F
:100D70006C5590E427E00A3B4D3290DBB51BEA301E
:100D8000AA74127E14E4297E0400017E1800061263
:100D90000C0A90E42AE00A2B7C456C5590E429E08B
:100DA0000A3B4D3290DBB71BEA3090E42CE00A2B73
:100DB0007C456C5590E42BE00A3B4D3290DBB91B2F
:100DC000EA3090E42EE00A2B7C456C5590E42DE04F
:100DD0000A3B4D3290DBBB1BEA30AAE490E5FCF005
:100DE0007E1403E890E4D1693E00020BEA209AFDEC
:100DF0009D1F7E1400149AFD9D169AFE35DF7E34E9
:100E0000229790DBA51BEA307E34229590DBA71B4E
:100E1000EA307E34229690DBA91BEA307E34FFFF55
:100E200090DBAB1BEA307E3400026D227E1496808C
:100E30007E0400989AFC8E7E7E3400447E2400015D
:100E400074017E1400109AFD429CE4120BD3120C24
:100E5000CABEB00068157E146BEF7E0400FE9AFDDA
:100E6000922D740190E5FCF0021057747C6C77129F
:100E70000B677E1403E890E4D1693E00020BEA2080
:100E80009AFD9D1F9AFE35DF74596C77120B6774BB
:100E90005E7E143AF67E0400FE7E182000120B8A55
:100EA00074597E7001120B677E1403E890E4D169D7
:100EB0003E00020BEA209AFD9D1F7E1400149AFD4D
:100EC0009D169AFE35DF7421120BD3BEB001681552
:100ED0007E146BD87E0400FE9AFD922D740190E57D
:100EE000FCF0021057747D7E700E120B6774407E0A
:100EF00070A7120B6774427E70A9120B677E3400D4
:100F0000022E34000068221B3468371B34684D1BE6
:100F100034686380007E146BAF7E0400FE9AFD92FD
:100F20002D740190E5FCF0806574416C77120B67BD
:100F30006D337E24468090DBBD793E00021BEA20A3
:100F4000804C74417E7001120B676D337E24460025
:100F500090DBBD793E00021BEA20803274417E7036
:100F600002120B676D337E24458090DBBD793E0015
:100F7000021BEA20801874417E7003120B676D33E8
:100F80007E24450090DBBD793E00021BEA2090E5FF
:100F9000FCE0BEB00178030210577E3400042E340A
:100FA0000000682A1B3468421B34685A1B3468727C
:100FB0001B34780302103E80007E146B857E040093
:100FC000FE9AFD922D740190E5FCF00210577443D7
:100FD0007E7004120B677E3433337E24438390DBB0
:100FE000C1793E00021BEA20806D74437E700312BB
:100FF0000B677E3433337E24430390DBC1793E009C
:10100000021BEA20805174437E7002120B677E340B
:1010100033337E24428390DBC1793E00021BEA20F9
:10102000803574437E7001120B677E3433337E2427
:10103000420390DBC1793E00021BEA208019744311
:101040006C77120B677E3433337E24418390DBC18F
:10105000793E00021BEA2090E5FCE0AA90E5DF7AE9
:10106000EB7090E5DEF0C3C2B47E34000290E5DEA2
:10107000E090E5DF7EEB509AFC8822D3D2B4229038
:10108000E5E0F0C3C2B47E34000290E5E07EEBA060
:1010900074804CBA9AFC8AF390E5E1F0D3D2B49014
:1010A000E5E1E02290E2471BEA20793E000290E26F
:1010B000431BEA00791E000290E242F0C3C2B490E2
:1010C000E247693E00020BEA2090E08E793E000282
:1010D0001BEA207E34000290E2427EEBA074804C3A
:1010E000BA90E243691E00020BEA009AFC8B17D308
:1010F000D2B422E490E561F0E490E562F06D3390C3
:10110000E5631BEA3090E5630BEA207E3400012D95
:10111000321BEA307E3400FFBD232808740190E5BD
:1011200062F08028740F12107F90E561F07E140346
:10113000E890E4D1693E00020BEA209AFD9D1F9AD7
:10114000FE35DF90E561E0BEB06B78B990E562E016
:101150002274287E14E42F7E0400017E18000612FB
:1011600010A490E430E00A2B7C456C5590E42FE00D
:101170000A3B4D3290E0421BEA3090E432E00A2B09
:101180007C456C5590E431E00A3B4D3290E0441BC5
:10119000EA3090E434E00A2B7C456C5590E433E06F
:1011A0000A3B4D3290E0461BEA30AA74227E14E4DA
:1011B000357E0400017E1800061210A490E436E08B
:1011C0000A2B7C456C5590E435E00A3B4D3290E0AB
:1011D000481BEA3090E438E00A2B7C456C5590E4DB
:1011E00037E00A3B4D3290E04A1BEA3090E43AE0A7
:1011F0000A2B7C456C5590E439E00A3B4D3290E077
:101200004C1BEA30AA90E43B1BEA309F1190E43D6E
:10121000793E00021BEA207E34003C2E34FFCC785D
:10122000030212A11B3668311B3668512E34000CA4
:1012300068030212C390E43B0BEA207CB49AFD9C45
:101240000D7E1412007E0446809AFD9B3390E43D8F
:10125000793E00021BEA20806A90E43B0BEA207C86
:10126000B49AFD9C0D7E1414007E0446009AFD9BEA
:101270003390E43D793E00021BEA20804690E43B37
:101280000BEA207CB49AFD9C0D7E1410007E044570
:10129000809AFD9B3390E43D793E00021BEA20805A
:1012A0002290E43B0BEA207CB49AFD9C0D7E141046
:1012B000007E0445009AFD9B3390E43D793E000298
:1012C0001BEA2090E43D693E00020BEA20AA90E46C
:1012D000411BEA309F1190E443793E00021BEA2053
:1012E0007E34005C2E34FFB068491B34780302134F
:1012F000C42E34FFFD68611B36780302137C1B3655
:1013000078030213A02E34000A68030213E690E467
:10131000410BEA207CB49AFD9C0D7E14999A7E04C0
:1013200043649AFD9B3390E443793E00021BEA201C
:101330000213E690E4410BEA207CB49AFD9C0D7EFA
:1013400014999A7E0442E49AFD9B3390E443793EDB
:1013500000021BEA200213E690E4410BEA207CB471
:101360009AFD9C0D7E1466667E0442649AFD9B3352
:1013700090E443793E00021BEA20806A90E4410B2E
:10138000EA207CB49AFD9C0D7E14CCCD7E0441E411
:101390009AFD9B3390E443793E00021BEA2080468D
:1013A00090E4410BEA207CB49AFD9C0D7E14CCCDD8
:1013B0007E0441649AFD9B3390E443793E00021B16
:1013C000EA20802290E4410BEA207CB49AFD9C0D37
:1013D0007E1433337E0440E39AFD9B3390E44379DB
:1013E0003E00021BEA2090E443693E00020BEA2023
:1013F000AAE490E5FDF07E1403E890E4D1693E0094
:10140000020BEA209AFD9D1F7E1400149AFD9D1682
:101410009AFE35DF7E34229790DBA51BEA307E34BE
:10142000229590DBA71BEA307E34229690DBA91B25
:10143000EA307E34FFFF90DBAB1BEA307E340002E3
:101440006D227E1496807E0400989AFC8E7E7E34F7
:1014500000447E24000174017E1400109AFD429C19
:101460001210F3BEB00068147E1470467E0400FEB5
:101470009AFD922D740190E5FDF08045740D7E700B
:101480000312105C74107E703C12105C74117E703C
:101490005C12105C74127E704412105C74137E70C7
:1014A0000212105C74146C7712105C74156C771255
:1014B000105C74166C7712105C74187E7001121038
:1014C0005C90E5FDE0AA90E58FF090E58D1BEA3099
:1014D0006D2290E58D0BEA300E340E340E340E344E
:1014E000BD32784E90E58D0BEA307C677E700F5CE4
:1014F0007690E58F7EEBA074015CAB7CB760053E17
:10150000A01478FB7CBA42B890E58D0BEA307C677A
:101510007E700F5C7690E58F7EEB601E607EA00192
:101520005CA67CB760053EA01478FB7CBA42B7028B
:10153000190790E58D0BEA200E240E240E240E24AC
:101540007E340001BD23784E90E58D0BEA307C6738
:101550007E700F5C7690E58F7EEBA074015CAB7CB7
:10156000B760053EA01478FB7CBA42B590E58D0BC0
:10157000EA307C677E700F5C7690E58F7EEB601EB4
:10158000607EA0015CA67CB760053EA01478FB7C61
:10159000BA42B602190790E58D0BEA200E240E24FC
:1015A0000E240E247E340002BD2378030219079016
:1015B000E58D0BEA509E540030BE540011400302EA
:1015C00019077EA003A49015CA730215FD02162AFE
:1015D0000216570216840216B10216DE02170B021B
:1015E00017380217650217940217C30217F2021880
:1015F0002102185002187F0218AD0218DB74F97E20
:1016000014FBB27E04007E7E0B705C7B7A0B7090C4
:10161000E58F7EEB603E607E14FBB27E04007E7E32
:101620000B704C767A0B70021907743F7E14FBB274
:101630007E04007E7E0B705C7B7A0B7090E58FE001
:10164000030354C07E14FBB27E04007E7E0B704CFC
:101650007B7A0B7002190774F97E14FBBA7E0400C2
:101660007E7E0B705C7B7A0B7090E58F7EEB603E2C
:10167000607E14FBBA7E04007E7E0B704C767A0B83
:1016800070021907743F7E14FBBA7E04007E7E0B45
:10169000705C7B7A0B7090E58FE0030354C07E147E
:1016A000FBBA7E04007E7E0B704C7B7A0B700219B5
:1016B0000774F97E14FBC27E04007E7E0B705C7B97
:1016C0007A0B7090E58F7EEB603E607E14FBC27EED
:1016D00004007E7E0B704C767A0B70021907743F03
:1016E0007E14FBC27E04007E7E0B705C7B7A0B70E6
:1016F00090E58FE0030354C07E14FBC27E04007E9D
:101700007E0B704C7B7A0B7002190774F97E14FB08
:10171000CA7E04007E7E0B705C7B7A0B7090E58F36
:101720007EEB603E607E14FBCA7E04007E7E0B7002
:101730004C767A0B70021907743F7E14FBCA7E0444
:10174000007E7E0B705C7B7A0B7090E58FE003036C
:1017500054C07E14FBCA7E04007E7E0B704C7B7AE4
:101760000B7002190774F37E14FA387E04007E7E33
:101770000B705C7B7A0B7090E58F7EEB603E603E79
:10178000607E14FA387E04007E7E0B704C767A0BF5
:101790007002190774F37E14FA487E04007E7E0BF3
:1017A000705C7B7A0B7090E58F7EEB603E603E60F4
:1017B0007E14FA487E04007E7E0B704C767A0B70A5
:1017C00002190774F37E14FA587E04007E7E0B70B3
:1017D0005C7B7A0B7090E58F7EEB603E603E607EB6
:1017E00014FA587E04007E7E0B704C767A0B7002E1
:1017F000190774F37E14FA687E04007E7E0B705C19
:101800007B7A0B7090E58F7EEB603E603E607E14CD
:10181000FA687E04007E7E0B704C767A0B7002199B
:101820000774F37E14F7607E04007E7E0B705C7B91
:101830007A0B7090E58F7EEB603E603E607E14F721
:10184000607E04007E7E0B704C767A0B7002190766
:1018500074F37E14F7907E04007E7E0B705C7B7ABE
:101860000B7090E58F7EEB603E603E607E14F790DB
:101870007E04007E7E0B704C767A0B700219077422
:10188000F37E14F7C07E04007E7E0B705C7B7A0BC7
:101890007090E58F7EEB603E603E607E14F7C07E08
:1018A00004007E7E0B704C767A0B70805A74F37E47
:1018B00014F7F07E04007E7E0B705C7B7A0B7090D8
:1018C000E58F7EEB603E603E607E14F7F07E0400A4
:1018D0007E7E0B704C767A0B70802C74F37E14FA3B
:1018E000707E04007E7E0B705C7B7A0B7090E58FBF
:1018F0007EEB603E603E607E14FA707E04007E7E69
:101900000B704C767A0B70AAC3C2AFAAD3D2AFAA1F
:1019100090DF15E0BEB0007803021AF76D3390E453
:10192000C01BEA30E490E4BDF0743190E4BEF07E78
:1019300018000290DB69793E00021BEA207E34E445
:10194000BF7E24000190DB6D793E00021BEA207E01
:1019500018000190DB71793E00021BEA207E14DF43
:10196000097E0400017E34E4BD7E2400019AFCC798
:10197000AD90E4BFE0BEB0007803021AE8E490E462
:10198000BDF0748690E4BEF0740190E4BFF07E1860
:10199000000390DB69793E00021BEA207E34E4BD3F
:1019A0007E24000190DB6D793E00021BEA209F112E
:1019B00090DB71793E00021BEA207E14DF097E0471
:1019C00000017E34E4BD7E2400019AFCC7ADE490A2
:1019D000E4BDF0748990E4BEF07E18000290DB69EB
:1019E000793E00021BEA207E34E4BF7E2400019091
:1019F000DB6D793E00021BEA207E18000190DB714E
:101A0000793E00021BEA207E14DF097E0400017E7D
:101A100034E4BD7E2400019AFCC7AD90E4BFE0BE73
:101A2000B0896803021AD7E490E4BDF0749690E49C
:101A3000BEF07E18000290DB69793E00021BEA20AE
:101A40007E34E4BD7E24000190DB6D793E00021BF4
:101A5000EA207E18000290DB71793E00021BEA202A
:101A60007E14DF097E0400017E34E4BD7E24000183
:101A70009AFCC7AD90E4BDE00A3B90E4C01BEA309D
:101A800090E4C00BEA207C456C5590E4BEE00A3B34
:101A90004D3290E4C01BEA3090E4C00BEA207E3463
:101AA0000FA0BD23180C6D2290E4C00BEA30BD32AC
:101AB00058117E34200090DF121BEA30E490DF14CE
:101AC000F0803490E4C00BEA3090DF121BEA3074EF
:101AD0000190DF14F080207E34200090DF121BEA9A
:101AE00030E490DF14F0800F7E34200090DF121B72
:101AF000EA30E490DF14F0AAAAE490CE61F06D33EE
:101B000090CEEB1BEA307E34007190DEC41BEA30CD
:101B10007E34007390DEC61BEA307E14DF097E043B
:101B2000000174299F119AFCCCBF7E3400747E247E
:101B3000000174017E1400109AFD429C7E1403E89B
:101B400090E4D1693E00020BEA209AFD9D1F7E14AD
:101B500000329AFD9D169AFE35DF7E340074E49AB9
:101B6000FD3EF67E1403E890E4D1693E00020BEAE4
:101B7000209AFD9D1F7E14000A9AFD9D169AFE353F
:101B8000DF7E34007474019AFD3EF67E1403E89003
:101B9000E4D1693E00020BEA209AFD9D1F7E1400ED
:101BA000329AFD9D169AFE35DFE490CE62F074E520
:101BB00090CE63F07E18000290DB69793E00021B34
:101BC000EA207E34CE647E24000190DB6D793E00F5
:101BD000021BEA207E18000190DB71793E00021B97
:101BE000EA207E14DF097E0400017E34CE627E246A
:101BF00000019AFCC7AD90CE647EEBA074015CBA84
:101C0000BEB0017803E48002740190CE61F090CE02
:101C100061E0BEB0017803021D2DE490CE62F07445
:101C20000190CE63F07E340087CA397E345AF67E46
:101C30002400FE7E14CE647E0400019AFE3AD11B7D
:101C4000FD7E18008990DB69793E00021BEA207E48
:101C500034CE627E24000190DB6D793E00021BEAE7
:101C6000209F1190DB71793E00021BEA207E14DF79
:101C7000097E0400017E34CE627E2400019AFCC7F6
:101C8000ADE490CE62F0743190CE63F07E18000225
:101C900090DB69793E00021BEA207E34CE647E240C
:101CA000000190DB6D793E00021BEA207E180001E6
:101CB00090DB71793E00021BEA207E14DF097E046E
:101CC00000017E34CE627E2400019AFCC7AD90CE26
:101CD00064E020E00A6D3390CEEB1BEA3080389050
:101CE000CEEB0BEA207E3400012D321BEA307E342D
:101CF00003E8BD325008740190CE61F080197E1463
:101D000003E890E4D1693E00020BEA209AFD9D1F92
:101D10009AFE35DF021C81740190DF15F07E3400DD
:101D2000027E141AF87E0400FE9AFE355F90CE61A2
:101D3000E0AA745AF5C674A5F5C600000000AA749E
:101D400080F5C79AFE1D5EAAE4F5C7AA7EA1C774F6
:101D5000015CBABEB001780474018001E4AA7E146B
:101D600042407E04000F90E4D1693E00020BEA205D
:101D70009AFD9D217CB790E5F3F090E5F3E00A4BE6
:101D80007E5400012D54F5F5AA90E47C1BEA2079DD
:101D90003E0002C3C202A2AF9202C3C2AF7401F5F9
:101DA000C590E47C695E00020BEA40F5C490E47CD7
:101DB000693E00020BEA207CB6F5C390E47C693EE4
:101DC00000020BEA207CB5F5F69AFE1D32E5C290C2
:101DD000E480F0A20292AF90E480E0AA90E485F063
:101DE00090E4811BEA20793E0002C3C203A2AF92B5
:101DF00003C3C2AF7402F5C590E481695E00020BB3
:101E0000EA40F5C490E481693E00020BEA207CB60A
:101E1000F5C390E481693E00020BEA207CB5F5F63B
:101E200090E485E0F5C29AFE1D32A20392AFAA901B
:101E3000E0C21BEA00791E000290E0BE1BEA207996
:101E40003E0002804890E0BE693E00020BEA209A04
:101E5000FE1D8990E0C2693E00020BEA207A1BB0A9
:101E600090E0C2693E00020BEA200B3490E0C27998
:101E70003E00021BEA2090E0BE691E00020BEA0051
:101E80007E1800012F10793E00021BEA2090E0C668
:101E90000BEA207E1400017D329D311BEA306D3348
:101EA000BD2378A1AA90E0CC1BEA00791E00029025
:101EB000E0C81BEA20793E0002804590E0C8693EF8
:101EC00000020BEA2090E0CC691E00020BEA007EC3
:101ED0000BB09AFE1DDC90E0C8691E00020BEA0000
:101EE0007E1800012F10793E00021BEA2090E0CC02
:101EF000693E00020BEA200B34793E00021BEA2007
:101F000090E0D00BEA207E1400017D329D311BEA67
:101F1000306D33BD2378A4AA90E4E91BEA20793E12
:101F20000002C3C204A2AF9204C3C2AF7403F5C5DA
:101F300090E4E9695E00020BEA40F5C490E4E969C7
:101F40003E00020BEA207CB6F5C390E4E9693E004E
:101F5000020BEA207CB5F5F69AFE1D32A20492AF80
:101F60007E1403E890E4D1693E00020BEA209AFD5A
:101F70009D1F7E14000A9AFD9D169AFE35DFAA90D9
:101F8000BF891BEA2090BF851BEA00791E000290E2
:101F9000BF831BEA307E3464E57E2400FE7E14BFDE
:101FA0008B7E0400017E5402009AFD9DAA6D339041
:101FB000C18B1BEA308023E490C18B0BEA207E3476
:101FC000BF8B2D327A71827A6183F090C18B0BEADC
:101FD000207E3400012D321BEA3090C18B0BEA20A9
:101FE0007E340200BD2340CF7E34020090E0C61B49
:101FF000EA3090BF830BEA207E34FE005D326D2212
:102000007E14BF8B7E0400019AFE1E2F6D3390C19B
:102010008B1BEA30804590C18B0BEA1090BF85691D
:102020003E00020BEA202D317E1BB090BF830BEAED
:10203000207E3401FF5D3290C18B0BEA202D237E80
:1020400034BF8B2D327A71827A6183F090C18B0B11
:10205000EA207E3400012D321BEA3090BF890BEA62
:102060002090C18B0BEA30BD3240AB90BF830BEAAE
:10207000306D229AFE1F187E34020090E0D01BEAD9
:102080003090BF830BEA207E34FE005D326D227EED
:1020900014BF8B7E0400019AFE1EA5AA90E5B1F044
:1020A0007E34006490E5B21BEA3080257E1403E89C
:1020B00090E4D1693E00020BEA209AFD9D1F9AFE32
:1020C00035DF90E5B20BEA307E2400019D321BEA39
:1020D0003090E5B20BEA206D33BD2368107E3400EA
:1020E000A49AFD3CF90A2B6D33BD2378BF90E5B26D
:1020F0000BEA206D33BD23680C7E34000790E5B1F8
:10210000E09AFCD1D16D2290E5B20BEA30BD327875
:10211000067E18000180029F11AA90DFF21BEA20C0
:10212000793E000290DFEE1BEA00791E00026D335B
:1021300090DFF61BEA306D3390DFF81BEA3090DF5A
:10214000EE693E00020BEA204D2368047401800111
:10215000E47E146EEF7E0400FE7E3400689AFE2E4C
:10216000630222127E3400A49AFD3CF9BEB00078CE
:102170007C90DFF2693E00020BEA20BE180040505E
:102180000C90DFF2693E00020BEA2080047E3400EE
:102190004090DFF81BEA307E34000790DFEE691EC6
:1021A00000020BEA0090DFF80BEA209AFCCDA29027
:1021B000DFF80BEA1090DFEE693E00020BEA202DFB
:1021C00031793E00021BEA2090DFF80BEA106D0027
:1021D00090DFF2693E00020BEA209F10793E000278
:1021E0001BEA206D3390DFF61BEA3080257E140356
:1021F000E890E4D1693E00020BEA209AFD9D1F9A07
:10220000FE35DF90DFF60BEA207E3400012D321B15
:10221000EA3090DFF2693E00020BEA204D2368119C
:1022200090DFF60BEA207E340064BD2350030221C8
:102230006490DFF2693E00020BEA20AA90E3051BDE
:10224000EA00791E000290E305691E00020BEA0015
:102250009AFDFFE36D2290E309793E00021BEA201C
:1022600090E305693E00020BEA204D2368047401E7
:102270008001E47E146EEF7E0400FE7E3400889AB6
:10228000FE2E6390E305691E00020BEA0090E3094D
:10229000693E00020BEA209AFE211AAA90DFFE1B7B
:1022A000EA20793E000290DFFA1BEA00791E000264
:1022B00090DFFE693E00020BEA2090E002793E00CA
:1022C000021BEA2090DFFA693E00020BEA204D2350
:1022D000680474018001E47E146EEF7E0400FE7ECB
:1022E0003400999AFE2E637E34E0027E2400019031
:1022F000DAC2793E00021BEA206D3390DAC61BEA8F
:10230000307E14D06C7E04000190DFFA693E00023A
:102310000BEA209AFDA6A790E002693E00020BEAB4
:1023200020AA90E5F8F07E18000190DC3F793E008D
:10233000021BEA207E14D06C7E0400017E34E5F896
:102340007E2400019AFDA0F5AAE490E5F9F07E1440
:1023500003E890E4D1693E00020BEA209AFD9D1F3C
:102360007E1400329AFD9D169AFE35DF7E34D02C05
:102370007E24000190DDD6793E00021BEA207E1803
:10238000004090DDDA793E00021BEA207E14D06C1A
:102390007E0400016D339AFDAC647E3400A46D228E
:1023A00074017E1400039AFD429C7E3472A290DB7D
:1023B000CD1BEA307E3400077E14C2007E0400018B
:1023C0007E2472A39AFCE6E27E34000774017E1438
:1023D00023227E0400FE9AFCD3CC90E5F9E0AA907B
:1023E000E5B4F07E34006490E5B51BEA3080257ECC
:1023F0001403E890E4D1693E00020BEA209AFD9DA7
:102400001F9AFE35DF90E5B50BEA307E2400019D72
:10241000321BEA3090E5B50BEA206D33BD2368101E
:102420007E3400A49AFD3CF90A2B6D33BD2378BF9E
:1024300090E5B50BEA206D33BD23680C7E340007B0
:1024400090E5B4E09AFCD1D16D2290E5B50BEA306D
:10245000BD3278067E18000180029F11AA90E01616
:102460001BEA20793E000290E0121BEA00791E0070
:10247000026D3390E01A1BEA306D3390E01C1BEACA
:102480003090E012693E00020BEA204D236804748C
:10249000018001E47E146DC57E0400FE7E34006E72
:1024A0009AFE2E630225557E3400A49AFD3CF9BEA7
:1024B000B000787C90E016693E00020BEA20BE185E
:1024C000001E500C90E016693E00020BEA208004CA
:1024D0007E34001E90E01C1BEA307E34000790E042
:1024E00012691E00020BEA0090E01C0BEA209AFC25
:1024F000CDA290E01C0BEA1090E012693E00020BA6
:10250000EA202D31793E00021BEA2090E01C0BEA04
:10251000106D0090E016693E00020BEA209F1079D2
:102520003E00021BEA206D3390E01A1BEA30802542
:102530007E1403E890E4D1693E00020BEA209AFD84
:102540009D1F9AFE35DF90E01A0BEA207E340001D1
:102550002D321BEA3090E016693E00020BEA204D56
:1025600023681190E01A0BEA207E340064BD2350EA
:10257000030224A790E016693E00020BEA20AA900D
:10258000E3151BEA00791E000290E315691E0002A4
:102590000BEA009AFDFFE36D2290E319793E0002F9
:1025A0001BEA2090E315693E00020BEA204D2368E8
:1025B0000474018001E47E146DC57E0400FE7E3447
:1025C000008E9AFE2E6390E315691E00020BEA004E
:1025D00090E319693E00020BEA209AFE245DAA905E
:1025E000E0221BEA20793E000290E01E1BEA0079FF
:1025F0001E000290E022693E00020BEA2090E026D5
:10260000793E00021BEA2090E01E693E00020BEAC0
:10261000204D23680474018001E47E146DC57E049E
:1026200000FE7E34009F9AFE2E637E34E0267E24D8
:10263000000190DAC2793E00021BEA206D3390DA85
:10264000C61BEA307E14D0837E04000190E01E6930
:102650003E00020BEA209AFDA6A790E026693E0004
:10266000020BEA20AA90E5FAF07E18000190DC3F08
:10267000793E00021BEA207E14D0837E0400017E96
:1026800034E5FA7E2400019AFDA0F5AAE490E5FB6A
:10269000F07E34D09A7E24000190DDD6793E00028F
:1026A0001BEA207E18004090DDDA793E00021BEA2A
:1026B000207E14D0837E0400016D339AFDAC647ECD
:1026C0003400A46D2274017E1400039AFD429C7EA6
:1026D0003472A290DBCD1BEA307E3400077E14C238
:1026E000007E0400017E2472A39AFCE6E27E3400A0
:1026F0000774017E1426657E0400FE9AFCD3CC90FC
:10270000E5FBE0AA90E28FF090E28D1BEA3090E2C8
:102710008FE07E146FA07E0400FE7E3400389AFEA7
:102720002E639F1190E291793E00021BEA20E49013
:10273000E290F0802C90E28D0BEA309AFE27977D94
:10274000136D0090E291693E00020BEA202F107990
:102750003E00021BEA2090E2907EEBA074012CBAAE
:10276000F090E28F7EEBA090E290E0BCBA40C69081
:10277000E28FE00A1B6D0090E291693E00020BEAD5
:10278000209AFD9D21793E00021BEA2090E291698A
:102790003E00020BEA20AA90E4DD1BEA306D339084
:1027A000E4DF1BEA306D2290E4DD0BEA301A360ECE
:1027B000340E340E340E34BD32785B53BCDF53BC60
:1027C000F090E4DD0BEA301A367C677E700F5C76A1
:1027D0007CB742BC43BC40E5BC30E5FBE5BD0A3BF1
:1027E0007C676C7790E4DF1BEA30E5BE0A2B90E44F
:1027F000DF0BEA304D321BEA30E4F5BDE4F5BE9064
:10280000E5C0E090E4DF0BEA3060051E341478FB8D
:102810001BEA300228EF90E4DD0BEA307D231A2416
:102820000E240E240E240E247E340001BD236803E2
:102830000228EF74DF7E14FB387E04007E7E0B706E
:102840005C7B7A0B7074F07E14FB387E04007E7E15
:102850000B705C7B7A0B7090E4DD0BEA301A367EED
:10286000600F5C677E14FB387E04007E7E0B704C2C
:10287000767A0B7074407E14FB387E04007E7E0BEB
:10288000704C7B7A0B707E34FB387E24007E7E1B7E
:10289000B030E5F27E34FB3A7E24007E7E1B700A67
:1028A000377C676C7790E4DF1BEA307E34FB3B7E3D
:1028B00024007E7E1B700A2790E4DF0BEA304D3245
:1028C0001BEA30E47E34FB3A7E24007E7A1BB0E4BF
:1028D0007E34FB3B7E24007E7A1BB090E5C1E09005
:1028E000E4DF0BEA3060051E341478FB1BEA3090FD
:1028F000E4DF0BEA30AA90E4E31BEA2090E4E11B5A
:10290000EA3090E4E10BEA207E3400FF5D326D2274
:1029100074017E1400019AFD429C6D2290E4E10B4B
:10292000EA301A360E340E340E340E34BD32782CA2
:1029300053BCF090E4E10BEA301A367C677E700FEE
:102940005C767CB742BC43DE0F43DE2090E4E30BB1
:10295000EA5090E5C0F043BC800229E590E4E10B29
:10296000EA307D231A240E240E240E240E247E34F5
:102970000001BD23786F74F07E14FB387E04007E66
:102980007E0B705C7B7A0B7090E4E10BEA301A36B8
:102990007E600F5C677E14FB387E04007E7E0B70C9
:1029A0004C767A0B70740F7E14FB397E04007E7EA9
:1029B0000B704C7B7A0B7074207E14FB397E040004
:1029C0007E7E0B704C7B7A0B7090E4E30BEA5090A8
:1029D000E5C1F074807E14FB387E04007E7E0B70AF
:1029E0004C7B7A0B707E1403E890E4D1693E0002C0
:1029F0000BEA209AFD9D1F9AFE35DFAA7E34000265
:102A00007E2442507E144A529AFD7CDA6D337E2435
:102A100002707E140A729AFD7CDAAA7E3400029A51
:102A2000FD6B6E90CF641BEA306D339AFD6B6E6E5A
:102A300034FFFF0B3490CF681BEA307E3400029ADB
:102A4000FD6F4D6D339AFD6F4DAA6D337E2445FAAF
:102A500090CF56793E00021BEA206D337E24C5FAE2
:102A600090CF5A793E00021BEA206D337E2445FA4E
:102A700090CF1A793E00021BEA206D337E24C5FAFE
:102A800090CF1E793E00021BEA20AA9AFE29FC9AEA
:102A9000FE2A4A7E3400857E24000174017E1400E3
:102AA000109AFD429C7E3400877E24000174017ED2
:102AB0001400109AFD429C9F1190DC4F793E000259
:102AC0001BEA207E3423847E0842689AFDD7F09F5B
:102AD0001190DC4F793E00021BEA207E3433867E63
:102AE0000842689AFDD7F0AA90E603F090E603E06A
:102AF000BEB000680474018001E490CEEDF0AA90AD
:102B0000E57F1BEA2090E57D1BEA3090CEEDE0BE2C
:102B1000B00078106D3390E57D1BEA306D3390E5A1
:102B20007F1BEA3090E57D0BEA3090CF2C1BEA301A
:102B300090E57F0BEA3090CF621BEA30AAE490CE9A
:102B4000EDF06D336D229AFE2AFFAA9AFE2A1B90A1
:102B5000CF2C0BEA207CB49AFD9C0D90CF2E793EB1
:102B600000021BEA2090CF620BEA207CB49AFD9C05
:102B70000D90CEF2793E00021BEA2090CF640BEA62
:102B8000207CB49AFD9C0D90CF32793E00021BEA66
:102B90002090CF680BEA207CB49AFD9C0D90CEF675
:102BA000793E00021BEA2090CF26693E00020BEA24
:102BB0002090CF3E793E00021BEA2090CF26693E4E
:102BC00000020BEA2090CF02793E00021BEA20901F
:102BD000CEEE693E00020BEA2090CF42793E000221
:102BE0001BEA2090CEEE693E00020BEA2090CF0651
:102BF000793E00021BEA207E14CF2E7E0400019A4B
:102C0000FDFBB27E14CEF27E0400019AFDFBB29F62
:102C10000090CF3A693E00020BEA209AFD9BB44037
:102C2000207E34008774019AFD3EF690CF3A693ECB
:102C300000020BEA209AFD9C4590CF661BEA30808B
:102C4000217E340087E49AFD3EF690CF3A693E003B
:102C5000020BEA209AFD9BFA9AFD9C4590CF661BD9
:102C6000EA309F0090CEFE693E00020BEA209AFDFA
:102C70009BB4401F7E340085E49AFD3EF690CEFE64
:102C8000693E00020BEA209AFD9C4590CF2A1BEA80
:102C90003080227E34008574019AFD3EF690CEFE8F
:102CA000693E00020BEA209AFD9BFA9AFD9C459032
:102CB000CF2A1BEA307E34338690CF660BEA106D44
:102CC000009AFDD6127E34238490CF2A0BEA106D31
:102CD000009AFDD612AA90E2611BEA20793E00021A
:102CE00090E25D1BEA00791E000290E261693E00FD
:102CF000020BEA20BE18FFFF282490E25D691E0047
:102D0000020BEA007E34FFFF9AFE32B67E08FFFF18
:102D100090E261693E00020BEA209F10801A90E267
:102D20005D691E00020BEA0090E261693E00020B41
:102D3000EA209AFE32B69F11AA90E2691BEA207936
:102D40003E000290E2651BEA00791E00027E34E23A
:102D5000697E24000190DAC2793E00021BEA206DF0
:102D60003390DAC61BEA307E14CDBA7E040001909F
:102D7000E265693E00020BEA209AFDA6A790E2698F
:102D8000693E00020BEA20AA90DDC61BEA3090DD06
:102D9000C21BEA00791E00027E346F357E2400FEDD
:102DA0007E14DDC87E04000174089AFD9DA87E345F
:102DB0000008CA397E34DDC87E24000190DDC26976
:102DC0001E00020BEA009AFCFFA51BFDBEB00078B6
:102DD0004FC3C2AFE47E34FE007E24007E7A1BB077
:102DE000E4F5F453DCF0E47E34FE077E24007E7AC2
:102DF0001BB0E47E34FE037E24007E7A1BB07E147A
:102E000003E890E4D1693E00020BEA209AFD9D1F81
:102E10007E14000A9AFD9D169AFE35DF7460F5C790
:102E200090CDD1E0BEB000682890DDC60BEA306DD1
:102E30002290DC3F793E00021BEA207E14CDBA7E50
:102E400004000190DDC2693E00020BEA209AFDA059
:102E5000F5AA90E5F2F090E5F2E09AFE33D190E524
:102E6000F2E0AA90DB021BEA3090DAFE1BEA00795E
:102E70001E000290DAFDF07E346F3D7E2400FE7E5F
:102E800014DB047E040001740D9AFD9DA8805C7E15
:102E900034DB047E24000190D73B793E00021BEA1C
:102EA0002090DAFE693E00020BEA2090D737793E87
:102EB00000021BEA2090DB020BEA3090D7351BEAB8
:102EC000307E146F1D7E0400FE9AFD922D7E140349
:102ED000E890E4D1693E00020BEA209AFD9D1F7E36
:102EE0001401F49AFD9D169AFE35DF90DAFDE0BEDE
:102EF000B000689BAA9AFE32B17E34CD397E2400A0
:102F00000190DDD6793E00021BEA207E18008090F9
:102F1000DDDA793E00021BEA207E14CDBA7E040081
:102F2000016D339AFDAC647E142D887E0400FE9AF8
:102F3000FE3419AA90E5A51BEA3090E5A50BEA300E
:102F40009AFDB92390E5A7F090E5A7E0AA90E53EA9
:102F50001BEA3090E53DF090E53DE090E53E0BEA60
:102F6000309AFDB9A590E540F090E540E0AA7401E3
:102F700090E12CF07E3400C690DEC41BEA307E3433
:102F800000C790DEC61BEA307E14E12D7E040001EE
:102F9000E47E1800329AFCCCBF7E14E12D7E040042
:102FA000019AFDAE87BEB00078107E14701E7E04BC
:102FB00000FE9AFDAF4490E12CF090E12CE0AAE4F1
:102FC00090E5D0F0E490E5D1F09AFE2F6E90E5D137
:102FD000F090E5D1E0BEB00068030230EF7E34002F
:102FE000306D22E47E1400039AFD429C7E34003151
:102FF0006D22E47E1400039AFD429C7E3400326D03
:1030000022E47E1400039AFD429C7E3400336D223C
:10301000E47E1400039AFD429C7E3400346D22E469
:103020007E1400039AFD429C7E3400356D22E47EBE
:103030001400039AFD429C7E3400366D22E47E1417
:1030400000039AFD429C7E3400376D22E47E14001A
:10305000039AFD429C7E3400517E240001E47E14DC
:1030600000109AFD429C7E3400837E24000174018E
:103070007E1400109AFD429C7E3400477E2400019D
:1030800074017E1400109AFD429C7E3400827E24DE
:103090000001E47E1400109AFD429C7E3400537EB1
:1030A00024000174017E1400109AFD429C7E3400BD
:1030B000436D2274017E1400039AFD429C740390B8
:1030C000E09BF0740390E09CF07E1400E87E040026
:1030D000017E18582074029AFDBA3B7E3402436D7B
:1030E000229AFE39F87E34000274039AFE14C690C8
:1030F000E5D1E0AA90E4771BEA20793E00027E1435
:1031000042407E04000F90E477693E00020BEA2003
:103110009AFD9D217E08004E9F107E1400039AFDAB
:103120009D1F7CB790E47BF09AFE1908D3A9D7BA0B
:1031300090E477691E00020BEA007E340E007E24C4
:103140000727BF0140067404F5E9803C90E47769E5
:103150001E00020BEA007E34B4007E2404C4BF01CA
:1031600040067403F5E9802090E477691E00020BA5
:10317000EA007E34B4007E2404C4BF014006740219
:10318000F5E980047404F5E974027E34FE017E24BE
:10319000007E7A1BB07E34FDF67E24007E7E1BB05E
:1031A000F5A67E34FDEC7E24007E7E1BB0F59F5399
:1031B0009DFC439D0174EF7E14FE0C7E04007E7E18
:1031C0000B705C7B7A0B7074047E34FE0D7E2400E1
:1031D0007E7A1BB090E47B7EEB60740F5C6B7E1498
:1031E000FE0C7E04007E7E0B704C767A0B70748031
:1031F0007E14FE0C7E04007E7E0B704C7B7A0B707E
:103200007E18C3509AFE35A874FC7E14FE007E041E
:10321000007E7E0B705C7B7A0B7074F37E14FE0074
:103220007E04007E7E0B705C7B7A0B7074047E14CF
:10323000FE007E04007E7E0B704C7B7A0B70E4F502
:10324000DEE4F58EE4F598E4F59AE4F5ACE4F5FDFA
:10325000E4F5A2E4F5AFE4F58990E477693E000275
:103260000BEA2090E4D1793E00021BEA2053B2FC25
:1032700043B10374807E34FE077E24007E7A1BB047
:103280007E34FE077E24007E7E1BB030E0F27E148A
:1032900003E890E4D1693E00020BEA209AFD9D1FED
:1032A0007E14000A9AFD9D169AFE35DF9AFE190CCF
:1032B000AA9AFE0603AA90DF7A1BEA3090DF761BFB
:1032C000EA00791E00027E18271090DF7C793E000C
:1032D000021BEA20E490DF80F0E490DF81F090DCD4
:1032E00087E0BEB004680990DF7A0BEA300233D081
:1032F0000233BF7E18271090DF7C793E00021BEA64
:103300002090DF7A0BEA207E340040BD2340047415
:1033100040800690DF7A0BEA5090DF80F0D3D20035
:10332000C3A9C7AF740E7E70019AFE0688E490DFD1
:1033300081F08027742190DF76691E00020BEA007D
:103340007E0B700B14791E00021BEA009AFE0688A1
:1033500090DF817EEBA074012CBAF090DF807EEBD1
:10336000A090DF81E0BCBA40CB74117E70019AFE60
:103370000688D3A9D7AF30001D90DF7C693E0002DC
:103380000BEA207E2800017F019F02791E00021BAC
:10339000EA004D2378E090DF7C693E00020BEA20D2
:1033A000BE180000180890DF7A0BEA30802290DF08
:1033B00080E00A2B90DF7A0BEA309D321BEA306DF9
:1033C0002290DF7A0BEA30BD3228030232F36D33EC
:1033D000AA90E5F4F07E14E5F47E0400017E34004A
:1033E000019AFE32B6AA90E3F91BEA00791E0002A8
:1033F00090E3F9691E00020BEA009AFDFFE390E3F7
:10340000FD1BEA3090E3F9691E00020BEA0090E32D
:10341000FD0BEA309AFE32B6AA90E5391BEA007934
:103420001E000290E539693E00020BEA2090E53566
:10343000793E00021BEA20AAAA90DE5E1BEA007910
:103440001E000290DE5C1BEA3090DE5C0BEA3090DE
:10345000D9A81BEA3090DE66693E00020BEA204DD7
:1034600023780A7E3434387E2400FE800A90DE669B
:10347000693E00020BEA2090D9BC793E00021BEAAB
:103480002090DE5E693E00020BEA204D23780A7E22
:103490003434387E2400FE800A90DE5E693E0002ED
:1034A0000BEA2090D9B8793E00021BEA2090DE6238
:1034B000693E00020BEA204D23780A7E3434387EC0
:1034C0002400FE800A90DE62693E00020BEA209032
:1034D000D9B4793E00021BEA20AA90E4011BEA005D
:1034E000791E000290E3FF1BEA3090E3FF0BEA3005
:1034F00090D9AE1BEA3090D9AE0BEA207E3400049E
:10350000BD23782E90E401693E00020BEA204D2392
:10351000780A7E3434387E2400FE800A90E4016903
:103520003E00020BEA2090D9C0793E00021BEA203F
:10353000802C90E401693E00020BEA204D23780ABA
:103540007E3434387E2400FE800A90E401693E0017
:10355000020BEA2090D9B0793E00021BEA20AA9023
:10356000E4071BEA00791E000290E4051BEA309094
:10357000E4050BEA3090D9C41BEA3090E407693EB9
:1035800000020BEA204D23780A7E3434387E240072
:10359000FE800A90E407693E00020BEA2090D9AA57
:1035A000793E00021BEA20AA90E4E51BEA20793E5E
:1035B00000029F117A1F001090E4E5693E00020BA3
:1035C000EA207A1F0010800E7E1F00107E08000186
:1035D0009F107A1F00107E1F00104D2378EAAA90DA
:1035E000E1851BEA20793E0002E47E34FE787E24E9
:1035F000007E7A1BB07E14FF017E0400FE90E18500
:10360000693E00020BEA20BF1028367E08000590B4
:10361000E185693E00020BEA202F107E14000C9A0F
:10362000FD9D1F90E185793E00021BEA2074EF7E2C
:1036300014FE787E04007E7E0B705C7B7A0B7080BB
:103640001274107E14FE787E04007E7E0B704C7B1C
:103650007A0B7090E185693E00020BEA207CB59000
:10366000E189F090E189E00A3B6D227E0800012F9C
:103670000190E185693E00020BEA209AFD9D2190B0
:10368000E18A1BEA3090E18A0BEA207E34FFFF9D3D
:103690003290E18C1BEA3090E189E07E34FE797E45
:1036A00024007E7A1BB090E18C0BEA107E34FE7B06
:1036B0007E24007E7A1B3090E18C0BEA307D130A69
:1036C000127E34FE7A7E24007E7A1B3074807E1453
:1036D000FE787E04007E7E0B704C7B7A0B707E340D
:1036E000FE787E24007E7E1BB030E0F2AA90E45D7E
:1036F0000BEA207E3400012D321BEA3090E45D0B92
:10370000EA207E340005BD23400C6D3390E45D1B40
:10371000EA309AFE2B4BAA7E34D8007E2405B89A54
:10372000FE30F47E3400039AFCE94D9AFCFB637E84
:1037300034001F9AFCE89E7E34FFFF7E24001F9A0F
:10374000FCE9A29AFE38219AFE2A8B801E7E140381
:10375000E890E4D1693E00020BEA209AFD9D1F7EAD
:103760001403209AFD9D169AFE35DF9AFE2FBFBEE8
:10377000B00078D97E3436ED7E2400FE90DD50799D
:103780003E00021BEA206D33CA397E1403E890E440
:10379000D1693E00020BEA209AFD9D1F7F01DA39B4
:1037A0009AFDE54CAA9AFE37D3E580BEB0007806B4
:1037B0007E34000180026D33E5800A2B4D236D338A
:1037C000BD2378E59F007E34FFF17E2400FD9AFD45
:1037D000925AAA9AFE37176D336D229AFE2AFF9AE3
:1037E000FE0006BEB00068109AFD56819AFD577122
:1037F0009AFE00009AFE004490E459693E00020BD4
:10380000EA209AFD9C45CA3990E459693E00020BB2
:10381000EA209AFD9C457D23DA399AFE2AFF80BF73
:10382000AA7E1808B190DC4F793E00021BEA207E88
:103830003482B07E0800969AFDD7F0AA90E5791BF5
:10384000EA20793E00026D117E04429890E5796984
:103850003E00020BEA209AFD9BB450106D337E248B
:10386000429890E579793E00021BEA206D117E04B2
:1038700042C790E579693E00020BEA209AFD9BB4AD
:1038800028106D337E2442C790E579793E00021BF3
:10389000EA207E3482B0CA396D117E0442B490E5CC
:1038A00079693E00020BEA209AFD9B336D117E047C
:1038B0003F009AFD99DB7F017E3480007E2444BB6B
:1038C0009AFD9A939AFD9C457F01DA399AFDD612AA
:1038D000AA90E33D1BEA20793E00027E34E3407E5D
:1038E0002400017E1B307E34E3417E2400017A1BDC
:1038F000307E34E33F7E2400017E1B307E34E34281
:103900007E2400017A1B307E34E33E7E2400017E5B
:103910001B307E34E3437E2400017A1B307E34E387
:103920003D7E2400017E1B307E34E3447E24000172
:103930007A1B3090E341693E00020BEA20AA90E531
:10394000891BEA307E34E58A7E2400017E1B307EAE
:1039500034E58B7E2400017A1B307E34E5897E2499
:1039600000017E1B307E34E58C7E2400017A1B3002
:1039700090E58B0BEA30AA90E4A61BEA2090E4A421
:103980001BEA30740190E4A8F06D2290E4A40BEAE5
:10399000103E147E34DA1E2D317A71827A61830BE7
:1039A000EA30BD32781F90E4A60BEA2090E4A40B25
:1039B000EA103E147E34DA1E2D317A71827A6183E8
:1039C0001BEA20802E90E4A40BEA203E247E34DA09
:1039D0001E2D327A71827A61830BEA2090E4A60B65
:1039E000EA30BD237808740190E4A8F08005E490E3
:1039F000E4A8F090E4A8E0AA90E4F31BEA2090E4A5
:103A0000F11BEA3090E4F10BEA207E340142BD2341
:103A1000780F90E4F30BEA302E34FFFF9288D3D274
:103A2000A890E4F10BEA207E340243BD23780F9086
:103A3000E4F30BEA302E34FFFF928AD3D2AA90E44B
:103A4000F10BEA207E340346BD237803438F1090A8
:103A5000E4F10BEA207E340447BD237803438F2032
:103A600090E4F10BEA207E340540BD237803438FB8
:103A700040AA90E5E81BEA3090E5E80BEA301B36F7
:103A8000682A0B36784A7E342CD67E2400FE90E3DA
:103A900039793E00021BEA207E342D397E2400FE57
:103AA00090E335793E00021BEA2080247E3487F6BD
:103AB0007E2400FD90E339793E00021BEA207E342B
:103AC00089B97E2400FD90E335793E00021BEA208F
:103AD000AA7F217F707F10800A7E2B307A1B300BEB
:103AE000540B34691FFFFC7D011B04790FFFFC4D53
:103AF0001178E67F17AAC82E002E802E3DB1C82E61
:103B0000002E802E9103802EBCB0802EA303C82EE1
:103B1000002E802E00B05030212E59F51030212E6D
:103B20006AF5802E3B030000000008190100220006
:103B3000750000100010D100B343802E00C1802E0C
:103B400000C1802E00C1802E00C1802E00C1802EB9
:103B500000C1802E00C1802E00C1802E00C1802EA9
:103B600000C1802E00C1802E00C1802E00C1802E99
:103B700000C1802E00C1802E00C1802E00C1802E89
:103B800000C1802E00C1802E00C1802E00C1802E79
:103B900000C1802E00C1802E00C1802E00C1802E69
:103BA00000C1802E00C1802E00C1802E00C1802E59
:103BB00000C1802E00C1802E00C1802E00C1802E49
:103BC00000C1802E00C1802E00C1802E00C1802E39
:103BD00000C1802E00C1802E00C1802E00C1802E29
:103BE00000C1E05F000000000100000000000000D4
:103BF0000000000092000000000000000000000033
:103C0000000000000000081900008800000000000B
:103C1000000005E0AA3805E09030FA0096004B0954
:103C20001100110002002D01D47B3B01DB7A04005E
:103C30003F7BCD6CC3048509C304ECE60C46010050
:103C4000270019009600A00001000C00F03C0001C4
:103C50000100030001000E00000032000500EE0626
:103C60000400C80000000400A805EE060004BC0221
:103C7000B300850700000000000000000000000005
:103C80000000000000000000B4000100B9000100C5
:103C90009800000000000000000001008000040007
:103CA0000000000000000000000000000000000014
:103CB0000000000000000000000000000000000004
:103CC00000000000000000000000000000000000F4
:103CD00000000000000000000000000000000000E4
:103CE00000000000000000000000000000000000D4
:103CF000802E00C1FD2DDE00EB00DA00000CFF0F6E
:103D00000004C0005BF5C9011EF280003FFF19F4FA
:103D100058F566F564F5C0F1F000E000CD01D3017F
:103D2000DB01FF7FFF01E40074F7F300FA00FF3FBF
:103D3000CA036C3856FE44FDBC02F90600FC1202B0
:103D4000AE0158FA9AFD7705BB02960195017F01F5
:103D500082018901870188018A018C018F018D010F
:103D600092019101DD009F017E01DB00B6017069C7
:103D700026D39C071F059D000008BC0537FAA20149
:103D8000AA01A101A801A001A805B401B401CE00B7
:103D9000D000FC00C501FFFBB10000380030FDF58C
:103DA000FCF5CD01A0005FFF0040FF0000806D0F1B
:103DB000EB007FFFC2F568F7B3F1670F5B0F610F90
:103DC000800F58F75BF7830F8600720F850FC6F1DF
:103DD0007F0F6CF700E000FFD1F5870F8A0FFF031C
:103DE000F03F8B008E009000B9002DF5CAF5CB0195
:103DF00020F20000000000000000000000000000B1
:103E000000000000000000000000000000000000B2
:103E100000000000000000000000000000000000A2
:103E20000000000000000000000000000000000092
:103E30000000000000000000000000000000000082
:103E40000000000000000000000000000000000072
:103E50000000000000000000000000000000000062
:103E60000000000000000000000000000000000052
:103E70000000000000000000000000000000000042
:103E80000000000000000000000000000000000032
:103E90000000000000000000000000000000000022
:103EA0000000000000000000000000000000000012
:103EB0000000000000000000000000000000000002
:103EC0000000000000000000000000000000305072
:103ED000982ED70E5032982EFA030030F07F002E25
:103EE000002ED02E002E018008A2FB2F982EBA03A0
:103EF000212E1900012EEE0000B2072F012E19000D
:103F000000B2032F01500352982E07CC012EDD0082
:103F100000B2272F052E8A000552982EC7C1032E06
:103F2000E90040B2F07F082F012E190000B2042FE3
:103F30000030212EE900982EB4B1012E180000B2F5
:103F4000102F0550982E4DC30550982E5AC7982E05
:103F5000F9B4982E54B2982E67B6982E17B2103036
:103F6000212E7700012EEF0000B2042F982E7AB791
:103F70000030212EEF00012ED40004AE0B2F012EB5
:103F8000DD0000B2072F0552982E8E0E00B2022FD0
:103F90001030212E7D00012E7D000090902EF10228
:103FA000012ED70000B2042F982E2F0E0030212EA4
:103FB0007B00012E7B0000B2122F012ED400009056
:103FC000022F982E1F0E092D982E810D012ED40040
:103FD0000490022F5032982EFA030030212E7B00DD
:103FE000012E7C0000B2902E0903012E7C000131CD
:103FF000010800B2042F982E47CB1030212E7700F5
:104000008130012E7C00010800B2612F032E89004F
:10401000012ED40098BC98B805B20F58232F0790F2
:1040200009540030372F15410441DCBE44BEDCBAD0
:104030002C0161000F564A0F0C2FD14294B8C14297
:104040001130052E6AF72CBD2FB980B20822982EA8
:10405000C3B7212D6130232ED400982EC3B7003072
:10406000212E5AF5182DE17F5030982EFA030F5269
:104070000750504270300D5442427E82E26F80B24F
:104080004242052F212ED4001030982EC3B7032DA5
:104090006030212ED400012ED4000690182F012E5E
:1040A00076000B540752E07F982E7AC1E16F081A10
:1040B0004030082F212ED4002030982EAFB7503238
:1040C000982EFA03052D982E380E0030212ED4009C
:1040D0000030212E7C00182D012ED40003AA012FC0
:1040E000982E450E012ED4003F8003A2012F002EF2
:1040F000022D982E5B0E3030982ECEB70030212E38
:104100007D005032982EFA03012E770000B2242F42
:10411000982EF5CB032ED5001154010ABC8483865A
:10412000212EC901E0401352C4408240A8B9524236
:1041300043BE5342040A5042E17FF0314140F26FE6
:1041400025BD0808020AD07F982EA8CF06BCD16FE3
:10415000E26F080A8042982E58B70030212EEE00F8
:10416000212E7700212EDD00802EF4011A2422005A
:10417000802EEC011050FB7F982EF3035750FB6FFD
:10418000013071541142420EFC2FC02E0142F05FEB
:10419000802E00C1FD2D0100000000000000000085
:1041A00000009A013403000000000000000000003D
:1041B00000000000000000000000000000000000FF
:1041C00000000000000000000000000000000000EF
:1041D00000000000000000000000000000000000DF
:1041E00000000000000000000000000000000000CF
:1041F00000000000000000000000000000000000BF
:1042000000000000000000000000000000000000AE
:1042100000000000000000002050E77FF67F06321B
:104220000F2E61F5FE09C0B3042F17302F2EEF00BB
:104230002D2E61F5F66FE76FE05FC82E2050E77F07
:10424000F67F46300F2EA4F1BE0980B3062F0D2E47
:10425000D40084AF022F16302D2E7B0086302D2EF9
:1042600060F5F66FE76FE05FC82E012E77F709BCA7
:104270000FB800B21050FB7F10300B2F032E8A00B6
:1042800096BC9FB840B2052F032E68F79EBC9FB81E
:1042900040B2072F032E7E004190012F982EDC03A1
:1042A000032C0030212E7E00FB6FF05FB82E2050D3
:1042B000E07FFB7F002E2750982E3BC82950982E78
:1042C000A7C80150982E55CCE16F2B50982EE0C90D
:1042D000FB6F0030E05F212E7E00B82E735001305E
:1042E00057541142420EFC2FB82E212E59F5103092
:1042F000C02E212E4AF19050F77FE67FD57FC47FF4
:10430000B37FA17F907F827F7B7F982E35B700B2ED
:10431000902E97B0032E8F00072E9100052EB1002E
:104320003FBA9FB8012EB100A3BD4C0A052EB100C3
:1043300004BEBFB9CB0A4FBA22BD012EB300DC0ABE
:104340002FB9032EB8000ABE9A0ACFB99BBC012E22
:1043500097009FB8930A0FBC910A0FB8900A252EB8
:104360001800052EC1F52EBD2EB9012E19003130D1
:104370008A040090072F012ED40004A2032F012EDF
:10438000180000B20C2F19500552982E4DB7052E6B
:10439000780080901030012F212E7800252EDD002E
:1043A000982E3EB700B202300130042F012E1900C2
:1043B00000B2002F2130012EEA00081A0E2F232E02
:1043C000EA0033301B500B090140175646BE4B081C
:1043D0004C0A01420A8015520142002E012E18009B
:1043E00000B21F2F032EC0F5F030480847AA7430E2
:1043F000072E7A0061224B1A052F072E66F5BFBDE6
:10440000BFB9C0900B2F1D562B30D242DB420104A6
:10441000C24204BDFE808184232E7A000242023211
:10442000252E62F5052ED6008184252ED600023178
:10443000252E60F5052E8A000B50900880B20B2FB8
:10444000052ECAF5F03E9008252ECAF5052E59F521
:10445000E03F9008252E59F5906FA16FB36FC46FA0
:10446000D56FE66FF76F7B6F826F705FC82EC0509D
:10447000907FE57FD47FC37FB17FA27F877FF67F68
:104480007B7F002E012E60F5607F982E35B70230BD
:10449000636F1552507F627F5A2C02321A0900B3A3
:1044A000142F00B2032F092E180000910C2F437F08
:1044B000982E97B71F50028A02320430252E64F5D9
:1044C0001552506F436F4443252E60F5D908C0B292
:1044D000362F982E3EB700B2062F012E190000B2DB
:1044E000022F506F00900A2F012E79000090192F93
:1044F0001030212E79000030982EDC03132D012E70
:10450000C3F50CBC0FB81230100403B0262521509F
:104510000352982E4DB71030212EEE000230607FEE
:10452000252E7900606F0090052F0030212EEA00C3
:104530001550212E64F51552232E60F50232506F6E
:104540000090022F0330272E7800072E60F51A09FD
:104550000091A32F19090091A02F906FA26FB16F46
:10456000C36FD46FE56F7B6FF66F876F405FC82EA8
:10457000C050E77FF67F26300F2E61F52F2E7C008E
:104580000F2E7C00BE09A27F807F80B3D57FC47FC1
:10459000B37F917F7B7F0B2F23501A251240427FE0
:1045A00074821240527F002E0040607F982E6AD69F
:1045B0008130012E7C00010800B2422F032E8900B9
:1045C000012E890097BC06BC9FB80FB80090232E1F
:1045D000D800103001302A2F032ED40044B2052F0A
:1045E00047B200302D2F212E7C002B2D032EFDF500
:1045F0009EBC9FB84090142F032EFCF599BC9FB829
:1046000040900E2F032E49F125544A084090082F60
:10461000982E35B700B21030032F5030212ED40021
:10462000102D982EAFB70030212E7C000A2D052EBC
:1046300069F72DBD2FB980B2012F212E7D00232EC9
:104640007C00E031212E61F5F66FE76F806FA26F7D
:10465000B36FC46FD56F7B6F916F405FC82E605191
:104660000A253688F47FEB7F003231523230133026
:10467000982E15CB0A253384D27F433005502D5216
:10468000982E95C1D26F2752982ED7C72A25B0866B
:10469000C07FD37FAF842950F16F982E4DC82A2553
:1046A000AE8AAA88F26E2B50C16FD36FF47F982E1A
:1046B000B6C8E06E00B2322F33548386F16FC37FE9
:1046C00004303030F47FD07FB27FE330C56F564086
:1046D0004541280803140EB408BC8240100A2F5428
:1046E0002605917F4428A37F982ED9C008B933307E
:1046F0005309C16FD36FF46F831747406C15B26FC6
:10470000BE09750B90424542510E32BC0289A16F21
:104710007E86F47FD07FB27F0430916FD62FEB6F0F
:10472000A05EB82E032E97001BBC60509FBC0CB837
:10473000F07F40B2EB7F2B2F032E7F004140012EF4
:10474000C800011A112F3758232EC8001041A07F2E
:1047500038810141D07FB17F982E64CFD06F078020
:10476000A16F1142002EB16F01421130012EFC00E9
:1047700000A80330CB224A25012E7F003C89355208
:104780000554982EC4CEC16FF06F982E95CF042D8E
:104790000130F06F982E95CFEB6FA05FB82E032EEF
:1047A000B3000232F030033130508A080808CB08D9
:1047B000E07F80B2F37FDB7F252F032ECA0041907C
:1047C000042F0130232ECA00982E3F03C0B2052FBC
:1047D000032EDA0000304104232EDA00982E92B224
:1047E0001025F06F00B2052F012EDA000230100400
:1047F000212EDA0040B2012F232EC801DB6FE06FBB
:10480000D05F802E95CF0130E06F982E95CF11307C
:10481000232ECA00DB6FD05FB82ED0500A25338418
:104820005550D27FE27F038CC07FBB7F0030055A9A
:1048300039545141A57F967F807F982ED9C005308D
:10484000F57F2025916F3B583D5C3B56982E67CCF9
:10485000C16FD56F52405043C17FD57F1025982E30
:10486000FEC91025982E74C0866F3028926F828CF6
:10487000A56F6F52690E3954DB2F19A01530032F25
:104880000030212E81010A2D012E8101052842369A
:10489000212E8101020E012F982EF3035750123062
:1048A0000140982EFEC9516F0B5C8E0E3B6F57581E
:1048B0000230212E9501456F2A8DD27FCB7F132F99
:1048C00002303F50D27FA80E0E2FC06F535402000B
:1048D0005154420E103059520230012F002E032D38
:1048E000504242421230D27F80B2032F0030212E3C
:1048F0008001122D012EC9000280052E8001113089
:1049000091280040252E8001100E052F012E7F01D9
:104910000190012F982EF303002EA0410190A67F55
:10492000902EE3B4012E950100A8902EE3B45B54C1
:104930009580824080B202402D8C3F52967F902E0F
:10494000C2B3290E762F012EC9000040812845529E
:10495000B330982E0FCA5D54807F002EA140727F25
:1049600082808240607F982EFEC91025982E74C0E8
:10497000626F05308740C0910430052F052E8301FA
:1049800080B21430002F0430052EC900736F8140AF
:10499000E2406904110FE1401630FE29CB40022F9E
:1049A000836F830F222F4756130F1230772F4954EE
:1049B000420E1230732F00910A2F012E8B0119A87D
:1049C00002306C2F6350002E17420542682C1230C3
:1049D0000B25080F5030022F212E8301032D40306C
:1049E000212E83012B2E85015A2C123000912B256C
:1049F000042F635002301742172C0242982EFEC932
:104A00001025982E74C0052EC90081845B30824029
:104A1000372E8301020E072F5F5240306240414023
:104A2000910E012F212E830105302B2E850112308E
:104A3000362C16301525817F982EFEC91025982E0C
:104A400074C019A21630152F052E9701806F820EA3
:104A5000052F012E86010628212E86010B2D032EFF
:104A600087015F544E289142002E8240900E012F04
:104A7000212E88010230132C0530C06F081CA80FAE
:104A8000163005305B50092F02802D2E8201054221
:104A90000580002E02423E80002E06420230906FBA
:104AA0003E88014004414C280142078010252440E3
:104AB000004000A8F522232944427A827E884340A0
:104AC000044100ABF523DF284342D9A0142F009006
:104AD000022FD26F81B2052F63540628904285427F
:104AE000092C02305B500380292E7E012B2E82017F
:104AF000054212302B2E83014582002E40407A82DF
:104B000002A0082F63503B30154205423780372EF4
:104B10007E0105421230012EC900028C40408441C2
:104B20007A8C040F032F012E8B0119A4042F2B2E36
:104B30008201982EF303123081906152082F654252
:104B40006542438039848288054245428542054357
:104B5000002E80410090902EE1B46554C16F8040DA
:104B600000B243586950442F555CB7878C0F0D2E07
:104B70009601C440362F41568B0E2A2F0B52A10EA0
:104B80000A2F052E8F011425982EFEC94B54020FB3
:104B9000695005306554152F032E8E014D5C8E0F24
:104BA0003A2F052E8F01982EFEC94F54820F0530E3
:104BB00069506554302F6D521530428C4542043097
:104BC0002B2C84436B52428C002E85431530242CB1
:104BD00045428E0F202F0D2E8E01B10E1C2F232E3D
:104BE0008E011A2D0E0E172FA10F152F232E8D01BA
:104BF000132D982E74C04354C20E0A2F65500480A2
:104C00000B3006820B42798041401230252E8C01F8
:104C1000014205306950655484824384BE8C8440CF
:104C2000864126299442BE8ED57F19A143400B2E82
:104C30008C018440C7415D29272945428442C27FB7
:104C4000012FC0B31D2F052E940199A0012F80B311
:104C5000132F80B3182FC0B3162F12400140927F3C
:104C6000982E74C0926F100F2030032F1030212E19
:104C70007E010A2D212E7E01072D2030212E7E015E
:104C8000032D1030212E7E01C26F012EC900BC847D
:104C9000028082400040900ED56F022F1530982E72
:104CA000F30341910530072F67503D802B2E8F0174
:104CB00005420480002E0542022C00300030A26F15
:104CC000988A864080A7052F982EF303C030212EA6
:104CD000950106251A25E26F768296405643510EBD
:104CE000FB2FBB6F305FB82E012EB8000131410899
:104CF00040B22050F2300208FB7F0130102F052E09
:104D0000CC008190E07F032F232ECC00982E55B647
:104D1000982E1DB51025FB6FE06FE05F802E95CFBC
:104D2000982E95CF1030212ECC00FB6FE05FB82E6F
:104D300000510558EB7F2A2589526F5A895013413B
:104D40000640B3011642CB160640F3021342650E2D
:104D5000F52F054014302C29044208A10030902E74
:104D600052B6B388B08AB684A47FC47FB57FD57F9E
:104D7000927F73300430554042408A17F3086B012C
:104D8000900253B84B82ADBE717F450A0954847FAF
:104D9000982ED9C0A36F7B54D042A37FF27F607F4F
:104DA0002025716F755A7758795C7556982E67CCA7
:104DB000B16F626F5042B17FB3301025982E0FCA89
:104DC000846F2029716F926FA56F76826A0E73309F
:104DD0000030D02FD26FD17FB47F982E2BB715BD66
:104DE0000BB8020AC26FC07F982E2BB715BD0BB847
:104DF000420AC06F081741188916E118D018A17F20
:104E000027251625982E79C08B54907FB330824089
:104E100080900D2F7D52926F982E0FCAB26F900E18
:104E2000062F8B501430426F516F144212420142D0
:104E3000002E316F982E74C0416F807F982E74C001
:104E4000826F10044352010F052ECB000030043056
:104E5000212F516F43588C0E04301C2F8588416FD1
:104E600004418C0F0430162F8488002E0441040561
:104E70008C0E04300F2F8288316F044104058C0E94
:104E80000430082F8388002E04418C0F0430022F39
:104E9000212EAD0114300091142F032EA101419059
:104EA0000E2F032EAD0114304C28232EAD0146A049
:104EB000062F81848D5248828240212EA1014242D8
:104EC0005C2C0230052EAA0180B20230552F032E31
:104ED000A901926FB330982E0FCAB26F900F0030B5
:104EE00002304A2FA26F875291008552510E022F35
:104EF000002E432C0230C26F7F52910E02303C2FA5
:104F0000516F8154982EFEC91025B3302125982E5B
:104F10000FCA326FC07FB3301225982E0FCA426F6E
:104F2000B07FB3301225982E0FCAB26F90288352EB
:104F3000982EFEC9C26F900F003002301D2F052E33
:104F4000A10180B212300F2F426F032EAB01910EE0
:104F50000230122F526F032EAC01910F02300C2F32
:104F6000212EAA010A2C1230032ECB008D5808895D
:104F7000414011430043252EA101D46F8F520043BD
:104F80003A89002E10431043610EFB2F032EA0011F
:104F9000111A022F0225212EA001EB6F005FB82EFF
:104FA000915210300230955652424B0EFC2F8D54C8
:104FB0008882935680425342404242868354C02E98
:104FC000C242002EA3520051524047401A25012EE2
:104FD00097008FBE7286FB7F0B307CBFA5501008F8
:104FE000DFBA7088F8BFCB42D37F6CBBFCBBC50A6D
:104FF000907F1B7F0B43C0B2E57FB77FA67FC47F46
:10500000902E1CB7072ED200C0B20B2F9752012E44
:10501000CD00827F982EBBCC0B30372ED200826F12
:10502000906F1A2500B28B7F142FA6BD25BDB6B98F
:105030002FB980B2D4B00C2F99549B560B300B2E45
:10504000B100A1589B42DB426C092B2EB1008B4270
:10505000CB42867F7384A756C30839520550727FAE
:10506000637F982EC2C0E16F626FD10A012ECD001E
:10507000D56FC46F726F97529D5C982E06CD236FCB
:10508000906F9952C0B204BD5440AFB94540E17F22
:105090000230062FC0B20230032F9B5C12309443C3
:1050A000854303BF6FBB80B3202F066F2601166FA9
:1050B0006E034542C090292ECE009B52142F9B5C5C
:1050C000002E93418641E304AE0780AB042F80910C
:1050D0000A2F866F730F072F836FC0B2042F5442BD
:1050E00045421230042C1130022C1130113002BC18
:1050F0000FB8D27F00B20A2F012EFC00052EC70187
:10510000101A022F212EC701032D022C013001306D
:10511000B06F982E95CFD16FA06F982E95CFE26F7C
:105120009F52012ECE00824050420C2C4242113040
:10513000232ED2000130B06F982E95CFA06F013092
:10514000982E95CF002EFB6F005FB82E838601301E
:105150000030944024180600530E4F02F92FB82E49
:10516000A952002E604041400DBC98BCC02E010ADF
:105170000FB8AB52533C524040404B00821626B908
:1051800001B84140100897B80108C02E113001083D
:10519000438625400440D8BE2C0B22115442038084
:1051A0004B0EF62FB82E9F501050AD52052ED30047
:1051B000FB7F002E13409342410EFB2F982EA5B784
:1051C000982E87CF012ED90000B2FB6F0B2F012E36
:1051D00069F7B13F01080130F05F232ED900212E7D
:1051E00069F7802E7AB7F05FB82E012EC0F8032E33
:1051F000FCF51554AF5682080B2E69F7CB0AB1584F
:105200008090DDBE4C085FB959228090072F03348F
:10521000C308F23A0A080235C0904A0A4822C02E52
:10522000232EFCF51050FB7F982E56C7982E49C3AD
:105230001030FB6FF05F212ECC00212ECA00B82E5B
:10524000032ED30016B802344A0C212E2DF5C02EA1
:10525000232ED30003BC212ED500032ED50040B24F
:105260001030212E77000130052F052ED8008090B8
:10527000012F232E6FF5C02E212ED9001130810869
:10528000012E6AF7713F23BD0108020AC02E212EAC
:105290006AF730250030212E5AF51050212E7B0060
:1052A000212E7C00FB7F982EC3B74030212ED400E6
:1052B000FB6FF05F0325802EAFB7802E00C1802EDC
:1052C00000C1802E00C1802E00C1802E00C1802E22
:1052D00000C1802E00C1802E00C1802E00C1802E12
:1052E00000C1802E00C1802E00C1802E00C1802E02
:1052F00000C1802E00C1012E5DF708BC80AC0EBB42
:10530000022F003041048206C0A40030112F40A9B2
:10531000032F40910D2F00A70B2F80B3B358022FFE
:1053200090A12613202380901030012FCC0E002F47
:105330000030B82EB550180808BC88B60D17C6BD89
:1053400056BCB758DABA04011D0A10500530322590
:105350004503FB7FF6302125982E37CA16B59ABC37
:1053600006B880A8410A0E2F8090022F2D50480FBA
:10537000092FBFA0042FBF90062FB754CA0F032FC9
:10538000002E022CB7522D52F233982ED9C0FB6F4B
:10539000F137C02E0108F05FBF56B954D040C44069
:1053A0000B2EFDF3BF529042944295420530C150FE
:1053B0000F88064004419642C54248BE73300D2E08
:1053C000D8004FBA8442034281B3022F2B2E6FF5CF
:1053D000062D052E77F7BD569308252E77F7BB547B
:1053E000252EC2F5072EFDF34230B433DA0A4C0005
:1053F000272EFDF34340D43FDC084342002E002E0D
:1054000043402430DC0A43420480032EFDF34A0A61
:10541000232EFDF36134C02E0142002E60501A2568
:105420007A86E07FF37F0325C3524184DB7F3330EC
:10543000982E16C21A257D82F06FE26F3225164033
:105440009440260185408E17C4426E039542410E5A
:10545000F42FDB6FA05FB82EB051FB7F982EE80DC4
:105460005A25982E0F0ECB583287C47F65896B8DD5
:10547000C55A657FE17F837FA67F747FD07FB67F2B
:10548000947F1730C752C954517F002E856F427FD9
:10549000002E51414581424113403B8A00404B045C
:1054A000D006C0AC857F022F02305104D306418460
:1054B00005305D02C916DF08D3008D02AFBCB1B95B
:1054C000590A656F1143A1B4524153410143347FDE
:1054D000657F2631E56FD46F982E37CA326F756FAE
:1054E00083404241237F127FF63040255125982E7C
:1054F00037CA146F2005706F256F6907A26F316F6F
:105500000B3004429B428B425542327F40A9C36F0D
:10551000717F0230D040C37F032F4091152F00A729
:10552000132F00A4112F84BD982E79CA556FB7543C
:1055300054418200F33F4541CB02F630982E37CAE2
:10554000356FA46F4143032C0043A46F356F1730B0
:10555000426F516F934042820041C3000343517F29
:10556000002E944041414C02C46FD156630E746FBB
:105570005143A57F8A2F092ED80001B3212FCB5884
:10558000906F1341B66FE47F002E91411440924119
:105590001540172E6FF5B67FD07FCB7F982E000C6D
:1055A0000715C26F140B292E6FF5C3A3C18FE46FCB
:1055B000D06FE62F1430052E6FF5140B292E6FF5E2
:1055C000182DCD560432B56F1C0151415241C340D4
:1055D000B57FE47F982E1F0CE46F218700430432CF
:1055E000CF545A0EEF2F1554092E77F7220B292E80
:1055F00077F7FB6F505EB82E1050012ED40000B22A
:10560000FB7F512F01B2482F02B2422F0390562F39
:10561000D75279804240818400404242982E930CB8
:10562000D954D750A14098BD82403E82DA0A444006
:105630008B16E3005342002E43409A025242002E42
:10564000414015544A0E3A2F3A8200304140212EF3
:10565000850F40B20A2F982EB10C982E450E982E29
:105660005B0EFB6FF05F0030802ECEB7DD52D3545F
:1056700042424F847330DB5283421B306B422330F3
:10568000272ED700372ED400212ED6007A84172C4F
:1056900042423030212ED400122D21300030232EF2
:1056A000D400212E7BF70B2D1730982E510CD5509E
:1056B0000C8272302F2ED400252E7BF74042002E14
:1056C000FB6FF05FB82E70500A253986FB7FE13200
:1056D0006230982EC2C4B556A56FAB08916F4B08C7
:1056E000DF56C46F23094DBA93BC8C0BD16F0B09E5
:1056F000CB52E15E5642AF094DBA23BD940AE56F25
:1057000068BBEB08BDB963BEFB6F5242E30AC02E13
:105710004342905FD150032E25F3134000409BBCC1
:105720009BB408BDB8B998BCDA0A08B68916C02E71
:10573000190062021050FB7F982E810D012ED400BB
:1057400031300804FB6F0130F05F232ED600212E8C
:10575000D700B82E012ED700032ED600480E012FF9
:10576000802E1F0EB82EE350213401428230C13208
:10577000252E62F50100223001404A0A0142B82E6E
:10578000E354F03B8340D808E55283420030833035
:105790005042C432272E64F5940050424042D33F19
:1057A00084407D82E30840428342B82EDD520030BF
:1057B00040427C86B952092E700FBF54C442D38632
:1057C0005440554094428542212ED7004240252E18
:1057D000FDF3C0427E82052E7D0080B2142F052E7F
:1057E000890027BD2FB98090022F212E6FF50C2D37
:1057F000072E710F14301C09052E77F7BD5647BED2
:105800009308940A252E77F7E75450424A0EFC2F4E
:10581000B82E505002304386E550FB7FE37FD27FA5
:10582000C07FB17F002E414000404804982E74C0D4
:105830001EAAD36F1430B16FE322C06F5240E46FE1
:105840004C0E1242D37FEB2F032E860F4090113067
:10585000032F232E860F022C0030D06FFB6FB05F1A
:10586000B82E4050F17F0A253C86EB7F4133223031
:10587000982EC2C4D36FF430DC094758C26F940924
:10588000EB586ABBDC08B4B9B1BDE95A950821BD33
:10589000F6BF770B51BEF16FEB6F52425442C02EF0
:1058A0004342C05F5050F55031301142FB7F7B3096
:1058B0000B4211300280233301420300072E800384
:1058C000052ED3002352E27FD37FC07F982EB60EE1
:1058D000D16F080A1A257B86D07F01331230982EAB
:1058E000C2C4D16F080A00B20D2FE36F012E8003EE
:1058F0005130C786232E21F208BCC042982EA5B78E
:10590000002E002ED02EB06F0BB8032E1B00081AED
:10591000B07F7030042F212E21F2002E002ED02EC9
:10592000982E6DC0982E5DC0ED50982E44CBEF5050
:10593000982E46C3F150982E53C73550982E64CFF9
:105940001030982EDC032026C06F02311242AB3398
:105950000B42378001300142F337F752FB5044408D
:10596000A20A42428B31092E5EF7F954E3088342C2
:105970001B4223334B00BC840B40333083420B4229
:10598000E07FD17F982E58B7D16F803040420330EE
:10599000E06FF3540430002E002E0189620EFA2FBE
:1059A00043421130FB6FC02E0142B05FC14A00007C
:1059B0006D570000778E0000E0FFFFFFD3FFFFFF71
:1059C000E5FFFFFFEEE1FFFF7C13000046E6FFFF6F
:1059D00000000000000000000000000000000000C7
:1059E00000000000000000000000000000000000B7
:1059F00000000000000000000000000000000000A7
:105A000000000000000000000000802E00C1802E79
:105A100000C1802E00C1802E00C1802E00C1802ECA
:105A200000C1802E00C1802E00C1802E00C1802EBA
:105A300000C1802E00C1802E00C1802E00C1802EAA
:105A400000C1802E00C1802E00C1802E00C1802E9A
:105A500000C1802E00C1802E00C1802E00C1802E8A
:105A600000C1802E00C1802E00C1802E00C1802E7A
:105A700000C1802E00C1802E00C1802E00C1802E6A
:105A800000C1802E00C1802E00C1802E00C1802E5A
:105A900000C1802E00C1802E00C1802E00C1802E4A
:105AA00000C1802E00C1802E00C1802E00C1802E3A
:105AB00000C1802E00C1802E00C1802E00C1802E2A
:105AC00000C1802E00C1802E00C1802E00C1802E1A
:105AD00000C1802E00C1802E00C1802E00C1802E0A
:105AE00000C1802E00C1802E00C1802E00C1802EFA
:105AF00000C1802E00C12902100025BC5181800701
:105B00009300FFFF75FFFE0D00170100000000006D
:105B10000000000000003000170A00000000000034
:105B2000000000000011020002080008100101003E
:105B3000000000FF00020000000000200B00000237
:105B4000FF21000001000000008C000038FF010070
:105B5000270034006507008705016800C008380089
:105B600000000099C80003000000000002070506BD
:105B700006030002C7FFDB02000001012100FF0154
:105B800001000401E4D100000000000101CDB901D1
:105B9000000101CDD101000201E5C00000001401A7
:105BA000DB25FFFFFFFFFFFFFFFFFFFFFFFFFFFF03
:105BB000FFFFFFFFFFFF001401DB390000000000C2
:105BC00000000000000000000000000000000000D5
:105BD0003801D43400000000000000000000000084
:105BE00000000000000000000000000000000000B5
:105BF00000000000000000000000000000000000A5
:105C0000000000000000000000000000001C01DA9D
:105C10001E00000000000000000000000000000066
:105C2000000000000000000000000000000008016B
:105C3000D69F0000000000000000002001D6A70051
:105C40000000000000000000000000000000000054
:105C50000000000000000000000000000000000044
:105C60000401E53500000000000201D9A800000091
:105C70000401D9AA00FE3438000201D9AE000000A8
:105C80000401D9B000FE3438000401D9B400FE3458
:105C900038000401D9B800FE3438000401D9BC0032
:105CA000FE3438000401D9C000FE3438000201D9A6
:105CB000C4000000020100210000000201004200B7
:105CC00000000201006300000002010084000000E7
:105CD000020100A5000000010100C6000001010052
:105CE000E700000201E2BDF800000201E2BFFFFF91
:105CF000000201E2C10003000101E2C3F000010162
:105D0000E2C487000201E2D5F800000201E2D7FFF9
:105D1000FF000201E2D90000000101E2DBA0000166
:105D200001E2DC80000201E14AF800000201E14CDE
:105D3000FFFF000201E14E0000000201E15000F00F
:105D4000000201E1520140000101D1C30000010144
:105D5000D1C400000101D1C500000101D1C600007D
:105D60000101D1C700000101D1C800000101D1C962
:105D700000000101D1CA00000101D1CB00040001E3
:105D8000B7650000000000000000000000000000F7
:105D90000000000000000000000000000000000003
:105DA00000000000000000000000000000000000F3
:105DB00000000000000000000000000000000000E3
:105DC00000000000000000000000000000000000D3
:105DD00000000000000000000000000000000000C3
:105DE00000000000000000000000000000000000B3
:105DF00000000000000000000000000000000000A3
:105E00000000000000000000000000000000000092
:105E10000000000000000000000000000000000082
:105E20000000000000000000000000000000000072
:105E30000000000000000000000000000000000062
:105E40000000000000000000000000000000000052
:105E50000000000000000000000000000000000042
:105E60000000000000000000000000000000000032
:105E70000000000000000000000000000000000022
:105E80000000000000000000000000000000000012
:105E90000000000000000000000000000000000002
:105EA00000000000000000000000000000000000F2
:105EB00000000000000000000000000000000000E2
:105EC00000000000000000000000000000000000D2
:105ED00000000000000000000000000000000000C2
:105EE00000000000000000000000000000000000B2
:105EF00000000000000000000000000000000000A2
:105F00000000000000000000000000000000000091
:105F10000000000000000000000000000000000081
:105F20000000000000000000000000000000000071
:105F30000000000000000000000000000000000061
:105F40000000000000000000000000000000000051
:105F50000000000000000000000000000000000041
:105F60000000000000000000000000000000000031
:105F70000000000000000000000000000000000021
:105F80000000000000000000000000000000000011
:105F90000000000000000000000000000000000001
:105FA00000000000000000000000000000000000F1
:105FB00000000000000000000000000000000000E1
:105FC00000000000000000000000000000000000D1
:105FD00000000000000000000000000000000000C1
:105FE00000000000000000000000000000000000B1
:105FF00000000000000000000000000000000000A1
:106000000000000000000000000000000000000090
:106010000000000000000000000000000000000080
:106020000000000000000000000000000000000070
:106030000000000000000000000000000000000060
:106040000000000000000000000000000000000050
:106050000000000000000000000000000000000040
:106060000000000000000000000000000000000030
:106070000000000000000000000000000000000020
:106080000000000000000000000000000000000010
:106090000000000000000000000000000000000000
:1060A00000000000000000000000000000000000F0
:1060B00000000000000000000000000000000000E0
:1060C00000000000000000000000000000000000D0
:1060D00000000000000000000000000000000000C0
:1060E00000000000000000000000000000000000B0
:1060F00000000000000000000000000000000000A0
:10610000000000000000000000000000000000008F
:10611000000000000000000000000000000000007F
:10612000000000000000000000000000000000006F
:10613000000000000000000000000000000000005F
:10614000000000000000000000000000000000004F
:10615000000000000000000000000000000000003F
:10616000000000000000000000000000000000002F
:10617000000000000000000000000000000000001F
:106180000000001901BB65000000000000000000D5
:1061900000000000000000000000000000000000FF
:1061A000000C01BB7E0000000000000000000000A9
:1061B00000001701BB8A0000000000000000000082
:1061C00000000000000000000000000000001401BA
:1061D000BBA1000000000000000000000000000063
:1061E000000000000000000201BBB5000000020139
:1061F000DF052000000101DF0700000101DF0800CA
:10620000000201DF122000000101DF140000010183
:10621000DF1500000201DBB10000000201DBB3006A
:1062200000000201DBB50000000201DBB700000046
:106230000201DBB90000000201DBBB000000080125
:10624000DBBD4580000041833333000201E04200A2
:1062500000000201E0440000000201E046000000EE
:106260000201E0480000000201E04A0000000201D3
:10627000E04C0000000201D9C60000000201D9C8AC
:106280000000000201D9CA0000000201D9CC0000C0
:10629000000201D9CE0000000201D9D000000002A6
:1062A00001D9D20000000201D9D40000000201D9B6
:1062B000D60000000C01D9D8458010004164CCCD37
:1062C000453B8000000101E5FF00000401E4594264
:1062D000480000000201CFCD0000000101D02B00DA
:1062E000000401E3253C23D70A000401E3293EB35F
:1062F0003333000101CEED01000401CEEE41200058
:1063000000000401CF2641F00000000201CF2C0064
:1063100000000201CF620000000201CF6400000013
:106320000201CF68000000020159080000000201CC
:10633000590A0000000101590C00000101B12D783B
:10634000000201BBB70000000101BD2100000101F6
:10635000BE8A00000101BF0300000101BF0400006C
:106360000101BF0500000101BF0600000101BF07D8
:10637000FF000101BF085E000201BF8100000008AC
:1063800001CBFC0000000000000000002401CC0450
:1063900000000000000000000000000000000000FD
:1063A00000000000000000000000000000000000ED
:1063B00000000000001701CC2800000000000000D1
:1063C00000000000000000000000000000000000CD
:1063D000000801CC3F000000000000000000200188
:1063E000CC4700000000000000000000000000009A
:1063F000000000000000000000000000000000009D
:106400000000004A01CC670000000000000000000E
:10641000000000000000000000000000000000007C
:10642000000000000000000000000000000000006C
:10643000000000000000000000000000000000005C
:10644000000000000000000000000000000000004C
:1064500000000801CCB10000000000000000008036
:1064600001CCB900000000000000000000000000A6
:10647000000000000000000000000000000000001C
:10648000000000000000000000000000000000000C
:1064900000000000000000000000000000000000FC
:1064A00000000000000000000000000000000000EC
:1064B00000000000000000000000000000000000DC
:1064C00000000000000000000000000000000000CC
:1064D00000000000000000000000000000000000BC
:1064E00000000000000000000000000000000000AC
:1064F000000000000000000000000000000000009C
:10650000000000000000000000000000000000008B
:10651000000000000000000000000000000000007B
:10652000000000000000000000000000000000006B
:10653000000000000000000000000000000000005B
:10654000000000000000000000000000000000004B
:10655000000000000000000000000000000000003B
:10656000000000000000000000000000000000002B
:10657000000000000000000000000000000000001B
:10658000000000000000000000000000000000000B
:1065900000000000000000000000000000000000FB
:1065A00000000000000000000000000000000000EB
:1065B00000000000000000000000000000000000DB
:1065C00000000000000000000000000000000000CB
:1065D00000000000000000000000000000000000BB
:1065E00000000000000000000000000000000000AB
:1065F000000000000000000000000000000000009B
:10660000000000000000000000000000000000008A
:10661000000000000000000000000000000000007A
:10662000000000000000000000000000000000006A
:10663000000000000000000000000000000000005A
:10664000000000000000000000000000000000004A
:10665000000000000000000000000000000000003A
:10666000000000000000000000000000000000002A
:10667000000000000000000000000000000000001A
:10668000000000000000000000000000000000000A
:1066900000000000000000000000000000000000FA
:1066A00000000000000000000000000000000000EA
:1066B00000000000000000000000000000000000DA
:1066C00000000000000000000000000000000000CA
:1066D00000000000000000000000000000000000BA
:1066E00000000000002E2E5C2E2E5C6C6962726130
:1066F000726965735C7A665F6472697665725C7AEA
:10670000665F6472697665725F70776D2E630000F4
:106710007EFEDD007EFEFD007EF8DD007EF8FD00E1
:106720007EF6DD007EF6FD007EFED0007EFEF000EF
:106730007EF8D0007EF8F0007EF6D0007EF6F00005
:106740007EFEB1007EFEB5007EF8B1007EF8B50099
:106750007EF6B1007EF6B5007EFED5007EFED70047
:106760007EFED9007EFEDB007EFEF5007EFEF70099
:106770007EFEF9007EFEFB007EF8D5007EF8D70095
:106780007EF8D9007EF8DB007EF8F5007EF8F70091
:106790007EF8F9007EF8FB007EF6D5007EF6D70085
:1067A0007EF6D9007EF6DB007EF6F5007EF6F70079
:1067B0007EF6F9007EF6FB007EFED2007EFEF20041
:1067C0007EF8D2007EF8F2007EF6D2007EF6F2006D
:1067D0007EFEB2007EFEB6007EF8B2007EF8B60005
:1067E0007EF6B2007EF6B6007EFEC2007EFEE200BD
:1067F0007EF8C2007EF8E2007EF6C2007EF6E2007D
:106800007EFECE007EFEEE007EF8CE007EF8EE002C
:106810007EF6CE007EF6EE007EFECC007EFECD0043
:106820007EFEEC007EFEED007EF8CC007EF8CD0012
:106830007EF8EC007EF8ED007EF6CC007EF6CD0012
:106840007EF6EC007EF6ED007EFEC0007EFEE000EF
:106850007EF8C0007EF8E0007EF6C0007EF6E00024
:106860007EFEC8007EFEC9007EFECA007EFECB0012
:106870007EFEE8007EFEE9007EFEEA007EFEEB0082
:106880007EF8C8007EF8C9007EF8CA007EF8CB000A
:106890007EF8E8007EF8E9007EF8EA007EF8EB007A
:1068A0007EF6C8007EF6C9007EF6CA007EF6CB00F2
:1068B0007EF6E8007EF6E9007EF6EA007EF6EB2E34
:1068C0002E5C2E2E5C6C69627261726965735C7AF3
:1068D000665F6472697665725C7A665F6472697617
:1068E00065725F7370692E6300007EFA21007EF886
:1068F00011007EF831007EFBF8007EF809007EF87A
:10690000290000000000000000000000000000005E
:106910000000000000000000000000000000000077
:106920000000000000000000000000000000000067
:106930000000000000000000000000000000000057
:106940000000000000000000000000000000000047
:106950000000000000000000000000000000000037
:106960000000000000000000000000000000000027
:106970000000000000000000000000000000000017
:1069800000007EFA84007EF814007EF834007EFA5F
:1069900027007EF81A007EF83A007EFA25007EF87D
:1069A00018007EF838007EFA28007EF81B007EF87A
:1069B0003B007EFA26007EF819007EF839007EFA48
:1069C0002E007EF81E007EF83E007EFA2F007EF834
:1069D0001F007EF83F007EFBF9007EF80A007EF87B
:1069E0002A007EFA20007EF810007EF830007EFA41
:1069F00023007EF815007EF835007EFA22007EF82E
:106A000012007EF832007EFE90007EF808007EF8CC
:106A100028494D5539363352415F4D41475F534107
:106A20004D504C455F44454641554C542073657468
:106A3000206572726F722E0D0A00494D553936333A
:106A40005241206D61672073656C662063686563E1
:106A50006B206572726F722E0D0A00494D553936E2
:106A60003352415F4759524F5F53414D504C455F40
:106A700044454641554C5420736574206572726FCD
:106A8000722E0D0A00494D5539363352415F41434C
:106A9000435F53414D504C455F44454641554C542E
:106AA00020736574206572726F722E0D0A00494D55
:106AB0005539363352412061636320616E6420672B
:106AC00079726F2073656C6620636865636B2065FF
:106AD00072726F722E00646174203D2025640D0A6D
:106AE00000000000000000000000000000000000A6
:106AF0000000000000000000000000000000000096
:106B00000000000000000000000000000000000085
:106B10000000000000000000000000000000000075
:106B20000000000000000000000000000000000065
:106B30000000000000000000000000000000000055
:106B40000000000000000000000000000000000045
:106B50000000000000000000000000000000000035
:106B60000000000000000000000000000000000025
:106B70000000000000000000000000000000000015
:106B80000000000000494D5536363052415F4759EC
:106B9000524F5F53414D504C455F44454641554C23
:106BA0005420736574206572726F722E0D0A00494D
:106BB0004D5536363052415F4143435F53414D504E
:106BC0004C455F44454641554C54207365742065DF
:106BD00072726F722E0D0A00696D753636307261F1
:106BE00020696E6974206572726F722E0D0A0069D9
:106BF0006D7536363072612073656C66206368652A
:106C0000636B206572726F722E0D0A002E2E5C2E41
:106C10002E5C6C69627261726965735C7A665F642E
:106C200065766963655C7A665F6465766963655FEE
:106C3000776966695F7370692E630025730D0A2595
:106C4000730D0A25730D0A25730D0A0025730D0AAD
:106C50000025730D0A25730D0A004F4B00563200B4
:106C60000000000000000000000000000000000024
:106C70000000000000000000000000000000000014
:106C800000000000444C314120706572666F726DE7
:106C90002073696E676C65207265666572656E63E8
:106CA000652063616C6962726174696F6E206572E0
:106CB000726F722E0D0A00444C31412073656C6670
:106CC00020636865636B206572726F722E0D0A0017
:106CD0002E2E5C2E2E5C6C69627261726965735C2B
:106CE0007A665F6465766963655C7A665F6465761B
:106CF0006963655F646C31612E63002E2E5C2E2EFD
:106D00005C6C69627261726965735C7A665F6472F9
:106D1000697665725C7A665F6472697665725F75C2
:106D20006172742E6300000000000000000000008B
:106D30000000000000000000000000000000000053
:106D40000000000000000000000000000000000043
:106D50000000000000000000000000000000000033
:106D60000000000000000102030405060708286E69
:106D7000756C6C29002E2E5C2E2E5C6C6962726123
:106D8000726965735C7A665F636F6D6D6F6E5C7A56
:106D9000665F636F6D6D6F6E5F66756E6374696F4E
:106DA0006E2E630030313233343536373839414254
:106DB00043444546303132333435363738396162F1
:106DC00063646566002E2E5C2E2E5C6C69627261B7
:106DD000726965735C7A665F6465766963655C7A1F
:106DE000665F6465766963655F776972656C657314
:106DF000735F756172742E63002566002564002E32
:106E00002E5C2E2E5C6C69627261726965735C7AAD
:106E1000665F6465766963655C7A665F64657669FA
:106E200063655F6970733131342E63002566002518
:106E300064002E2E5C2E2E5C6C6962726172696534
:106E4000735C7A665F6465766963655C7A665F64C5
:106E500065766963655F7466743138302E6300252A
:106E600066002564002E2E5C2E2E5C6C69627261B9
:106E7000726965735C7A665F6465766963655C7A7E
:106E8000665F6465766963655F6970733230302E62
:106E900063002E2E5C2E2E5C6C69627261726965D5
:106EA000735C7A665F6472697665725C7A665F6449
:106EB00072697665725F736F66745F6969632E636A
:106EC000002E2E5C2E2E5C6C696272617269657395
:106ED0005C7A665F6472697665725C7A665F64721A
:106EE000697665725F656E636F6465722E63002EEE
:106EF0002E5C2E2E5C6C69627261726965735C7ABD
:106F0000665F6465766963655C7A665F6465766909
:106F100063655F626C65366132302E63000D0A2056
:106F200025732066696C65202573206C696E652069
:106F300025640D0A00405354434953502341737351
:106F4000657274206572726F72002E2E5C2E2E5C3C
:106F50006C69627261726965735C7A665F636F6D9A
:106F60006D6F6E5C7A665F636F6D6D6F6E5F666985
:106F7000666F2E63002E2E5C2E2E5C6C6962726131
:106F8000726965735C7A665F6472697665725C7A51
:106F9000665F6472697665725F6770696F2E630001
:106FA0002E2E5C2E2E5C6C69627261726965735C58
:106FB0007A665F6472697665725C7A665F6472692C
:106FC0007665725F6164632E63002E2E5C2E2E5CEC
:106FD0006C69627261726965735C7A665F6472691A
:106FE0007665725C7A665F6472697665725F7069F5
:106FF000742E63005345454B465245452053544338
:107000003332473134344B204F70656E736F757275
:107010006563204C696272617279200D0A0000007C
:10702000000000010000000200640003006400048E
:1070300000BC000500780006000000070000000802
:10704000002000000000696D7536363072622073D2
:10705000656C6620636865636B206572726F722E63
:01706000002F
:0200000400FFFB
:0700000002021F8AFDC86C1B
:04000B008AFDCE514B
:040013008AFDD2D0C0
:04001B008AFDCE97F5
:040053008AFDC8AFAB
:04005B008AFDC8F260
:040063008AFDCEDD67
:040083008AFDC935F4
:04009B008AFDCF23E8
:0400A3008AFDCF699A
:1000CB008AFE075388008001FF0100000001FF003A
:1000DB008000FF014F004E2CFF00B6B4FF01000063
:1000EB00FF00090010001100240125FF7500FF011E
:1000FB004E2C48003020FF003009540031043203ED
:10010B004083462560002700500651005296560842
:10011B005730610062006400650066A0FF01223267
:10012B00471449FF4A00FF007A0A7B007821FF0140
:10013B002334420044FF4526460540400E06201A54
:10014B004340FF0034033544FF0131044B094C0598
:10015B004D04FF0044004520470848286700700401
:10016B00710172FE76007700FF010D01FF00800127
:0C017B0001F8FF018E010001FF00800070
:04019B008AFDC97898
:0401AB008AFDCA30CF
:0401BB008AFDCAC728
:0401CB008AFDCB5E80
:0401D3008AFDD2FDD2
:10021B008AFDD1C87584017E443FFFE47A49B01B47
:10022B004478F99000007E34FFFFE4F0A31B347890
:10023B00FA7EF800207E0400FE7E145B810B0A40E0
:10024B005D446822295000020A25693000032E08FC
:10025B0000050B44800A7E0BB07A1BB00B1C0B0CF9
:0A026B001B4478F280D78AFE37A505
:04029B008AFDCBF518
:0402AB008AFDCC8C70
:0402BB008AFDCD23C8
:0402CB008AFDCDBA21
:040303008AFDCFAFF1
:04030B008AFDD06235
:040313008AFDD11579
:10031B008AFDD21D0000000000000000000000005C
:10032B00000000000000000808080808080800008A
:10033B000808000000482424120000000000000000
:10034B00000000000000004848487E2424247E243E
:10035B00242400000000103C5252121C305050520A
:10036B00523C1010000000222515150D2A5854542C
:10037B00522200000000000C1212120A76252919D5
:10038B00916E000000060404020000000000000053
:10039B000000000000402010100808080808081092
:1003AB001020400000020408081010101010100854
:1003BB00080402000000000008086B1C1C6B0808F6
:1003CB00000000000000000000101010FE101010C4
:1003DB000000000000000000000000000000000012
:1003EB000604040200000000000000007E00000074
:1003FB0000000000000000000000000000000000F2
:10040B0006060000000040202020101008080804F9
:10041B0004020200000000182442424242424242BF
:10042B0024180000000000101C10101010101010E9
:10043B00107C00000000003C4242424020100804A7
:10044B00427E00000000003C424240201820404207
:10045B00423C000000000020303028242422FE20E3
:10046B0020F800000000007E0202021E22404042E3
:10047B00221C0000000000182402023A46424242AD
:10048B00443800000000007E4220201010080808AD
:10049B00080800000000003C42424224182442425B
:1004AB00423C00000000001C22424242625C404081
:1004BB0024180000000000000000181800000000C5
:1004CB0018180000000000000000000800000000E9
:1004DB00000808080000004020100804020408105F
:1004EB00204000000000000000007E00007E0000A5
:1004FB00000000000000000204081020402010083B
:10050B00040200000000003C424246201010100084
:10051B00181800000000001C225A55555555553A25
:10052B00423C00000000000808181414243C22422E
:10053B0042E700000000001F2222221E22424242FC
:10054B00221F00000000007C424201010101014218
:10055B00221C00000000001F224242424242424243
:10056B00221F00000000003F4212121E1212024214
:10057B00423F00000000003F4212121E1212020204
:10058B00020700000000003C222201010171212220
:10059B00221C0000000000E7424242427E424242DF
:1005AB0042E700000000003E080808080808080899
:1005BB00083E00000000007C1010101010101010EE
:1005CB001010110F0000007722120A0E0A121222CD
:1005DB002277000000000007020202020202020260
:1005EB00427F00000000007736363636362A2A2A3C
:1005FB002A6B0000000000E346464A4A5252526200
:10060B00624700000000001C224141414141414131
:10061B00221C00000000003F424242423E02020206
:10062B00020700000000001C224141414141414DA5
:10063B00321C60000000003F4242423E1212222256
:10064B0042C700000000007C4242020418204042D6
:10065B00423E00000000007F49080808080808080F
:10066B00081C0000000000E7424242424242424264
:10067B00423C0000000000E74242222424141418DC
:10068B00080800000000006B2A2A2A2A2A361414B4
:10069B0014140000000000E7422424181818242426
:1006AB0042E7000000000077222214140808080813
:1006BB00081C00000000007E2120101008040442DA
:1006CB00423F0000007808080808080808080808D6
:1006DB000808780000000204040408080810102021
:1006EB0020204040001E1010101010101010101081
:1006FB0010101E0000182400000000000000000075
:10070B0000000000000000000000000000000000DE
:10071B00000000FF000608000000000000000000C1
:10072B0000000000000000000000001C22302C2202
:10073B00326C0000000000000302021A2642424203
:10074B00261A0000000000000000003844020202DC
:10075B0044380000000000006040407C42424242AE
:10076B0062DC0000000000000000003C42427E0200
:10077B00423C0000000000003048083E0808080812
:10078B00083E0000000000000000007C22221C023A
:10079B003C42423C000000000302023A4642424205
:1007AB0042E700000000000C0C00000E08080808CF
:1007BB00083E0000000000303000003820202020D0
:1007CB002020221E0000000003020272120A0E12E9
:1007DB0022770000000000080E0808080808080827
:1007EB00083E0000000000000000007F92929292F1
:1007FB0092B70000000000000000003B464242425E
:10080B0042E70000000000000000003C4242424270
:10081B00423C0000000000000000001B2642424248
:10082B00261A0207000000000000005864424242F2
:10083B00645840E000000000000000774C04040402
:10084B00041F0000000000000000007C42023C403E
:10085B00423E0000000000000008083E080808089F
:10086B00483000000000000000000063424242429A
:10087B0062DC00000000000000000077222214144C
:10088B000808000000000000000000DB91525A2A0B
:10089B0024240000000000000000006E241818182B
:1008AB002476000000000000000000E7422424181A
:1008BB0018080806000000000000007E221008083F
:1008CB00447E000000C0202020202020102020206B
:1008DB002020C0001010101010101010101010104D
:1008EB00101010100003040404040404080404048E
:1008FB0004040300045A2000000000000000000064
:10090B00000000001E03530054004300200055005C
:10091B005300420020005300650072006900610023
:10092B006C00040309041201000202000040BF34F2
:10093B0002FF0001010200010902430002010080D5
:10094B003209040000010202010005240010010518
:10095B00240100010424020205240600010705827C
:10096B00034000FF09040100020A00000007058193
:10097B0002400000070501024000000000010008D2
:07098B000353005400430078
:00000001FF
